# google/fonts	bd8f81ddb5c74d5c8897b36ad88b440266245103
# family	category	fontPath	bytes	gitBlob	licensePath	licenseBytes	licenseGitBlob
Roboto	Sans Serif	ofl/roboto/Roboto[wdth,wght].ttf	488584	5522a368d9072fd88c299916e61fcff369949061	ofl/roboto/OFL.txt	4394	9c48e05a24fa2267e207ecf17560291b5621c197
Open Sans	Sans Serif	ofl/opensans/OpenSans[wdth,wght].ttf	532636	9db85693b027f3b05f6d77471d215f20707127c1	ofl/opensans/OFL.txt	4389	d762c3c4629d0950bfcb101ea82dd52b4ebf3707
Inter	Sans Serif	ofl/inter/Inter[opsz,wght].ttf	876576	047c92f6e2212473dc436020afed689527076d44	ofl/inter/OFL.txt	4377	21f6aff961064c2e429f570995e446bcdd555422
Montserrat	Sans Serif	ofl/montserrat/Montserrat[wght].ttf	744936	c97aca18592834d8706549c279cb8d5ac5d85f69	ofl/montserrat/OFL.txt	4400	fe576a2ee1f96353b05d030c0b7620d525cc53a8
Poppins	Sans Serif	ofl/poppins/Poppins-Regular.ttf	160316	0bda228ade88b0bb5aac7da2c881d0c3f64d0817	ofl/poppins/OFL.txt	4385	76df3b565672e3248a5715339d092d4cb6c75019
Lato	Sans Serif	ofl/lato/Lato-Regular.ttf	656568	0f3d0f837d24834b9b5b0a6b735459c56f5e75c3	ofl/lato/OFL.txt	4407	98383e3d835a5c5aea988a74b569193a30dcbcec
Arimo	Sans Serif	ofl/arimo/Arimo[wght].ttf	496268	428b8cb4539e4910832f64384b53ae73de91e423	ofl/arimo/OFL.txt	4384	d610cd5937b2dad697afc36c3853626b034dc62d
Roboto Condensed	Sans Serif	ofl/robotocondensed/RobotoCondensed[wght].ttf	371616	221055572bc92e324d26337dee7b43b435e39fc8	ofl/robotocondensed/OFL.txt	4393	2096249e0b96e28b439f4653bf9cd7809d467bcc
Roboto Mono	Monospace	ofl/robotomono/RobotoMono[wght].ttf	183700	f21d1d716bce3cc756bc618d32be71ce6f733f81	ofl/robotomono/OFL.txt	4395	8e7df338d36eb52c49548ecc58afcb7eb3f73898
Oswald	Sans Serif	ofl/oswald/Oswald[wght].ttf	172088	d1a3b9cb1325bf20b3a06ef9849d21c411212a3b	ofl/oswald/OFL.txt	4483	4d4e319b6114be0174e6de5d8090408f78dc65b8
Noto Sans	Sans Serif	ofl/notosans/NotoSans[wdth,wght].ttf	2049096	75575046c015ff623a848096a15779867ba71453	ofl/notosans/OFL.txt	4396	6843f31878c9945e1e71e1baa275546b4eefead8
DM Sans	Sans Serif	ofl/dmsans/DMSans[opsz,wght].ttf	240164	c672f98060af9b2c85fca704ebd5ad9a8717c1df	ofl/dmsans/OFL.txt	4482	4430b85ac62998e2edb914360f9ebdfe43f4deaa
Raleway	Sans Serif	ofl/raleway/Raleway[wght].ttf	312352	d81d42f537c7dc1bbde81b54e4c52a92977a8fde	ofl/raleway/OFL.txt	4497	a6b73db200c56a3b2b659f01948fd1b3baca91d5
Playfair Display	Serif	ofl/playfairdisplay/PlayfairDisplay[wght].ttf	300724	7a09eb71f10622fd083134ac9ed46f59b21bee18	ofl/playfairdisplay/OFL.txt	4449	13153890847ba9bde8a852596d1515261156e474
Nunito	Sans Serif	ofl/nunito/Nunito[wght].ttf	276932	2ec1f4b0676c83ef33049db87b311171699e9192	ofl/nunito/OFL.txt	4385	c8210f08ca3cece05b4f7baa428afe8e1abe3293
Nunito Sans	Sans Serif	ofl/nunitosans/NunitoSans[YTLC,opsz,wdth,wght].ttf	571240	ccc8565733e7d037ede2c9cc971ceb6375e28733	ofl/nunitosans/OFL.txt	4393	2ae17359801c71b7b568854b98f73969ad822474
Roboto Slab	Serif	apache/robotoslab/RobotoSlab[wght].ttf	251880	1c46b300eda3677f604575ede4cd80f0d139c3be	apache/robotoslab/LICENSE.txt	11358	d645695673349e3947e8e5ae42332d0ac3164cd7
Rubik	Sans Serif	ofl/rubik/Rubik[wght].ttf	359804	a59aeb632df494345a542697c357f608875481b0	ofl/rubik/OFL.txt	4384	03af63b533942ef3bb9919f81138fde8824d4554
Manrope	Sans Serif	ofl/manrope/Manrope[wght].ttf	164700	75274da58537d6123b14f2cd0c355ad4681fc2b3	ofl/manrope/OFL.txt	4387	e271172a9ed0cddc895aabb6509f1c7d880b492d
Ubuntu	Sans Serif	ufl/ubuntu/Ubuntu-Regular.ttf	351884	2001d6ec68f3022580a87e7ca69b092ff1c520de	ufl/ubuntu/LICENCE.txt	4673	ae78a8f94eae372cb1ca4e14b67244342fce604e
Outfit	Sans Serif	ofl/outfit/Outfit[wght].ttf	110884	466d6245f9582df39bf73da91a8b3c938fd061cd	ofl/outfit/OFL.txt	4389	723cd447edee83ed3bb07c3343f478d352aa7440
Kanit	Sans Serif	ofl/kanit/Kanit-Regular.ttf	173148	e9bc0a2f5d0d1ad0df1fa20c44e381834c128c58	ofl/kanit/OFL.txt	4383	1fd9f8e65d07e0e5fcecba4386b28910ebffa456
Plus Jakarta Sans	Sans Serif	ofl/plusjakartasans/PlusJakartaSans[wght].ttf	176288	0cb13a998ed525ba226d911b10d6c4c4f923a961	ofl/plusjakartasans/OFL.txt	4402	ea69b0ca12a02556c436680ea0a159efb7a748fa
Work Sans	Sans Serif	ofl/worksans/WorkSans[wght].ttf	361072	588dc07e6904ba80deeefb88ecc41d139d56ebfb	ofl/worksans/OFL.txt	4396	d3a046cf574819c79d216914d71d987d6a2be34b
Lora	Serif	ofl/lora/Lora[wght].ttf	212196	ee1914c3746140523de2940d267ec2215bd85d5b	ofl/lora/OFL.txt	4423	d0ce7fe062e60eaa92c4af3ee1bebe81c5141b4e
Quicksand	Sans Serif	ofl/quicksand/Quicksand[wght].ttf	124824	8cd9133bc8b152573b581a3f788346be2d30adb4	ofl/quicksand/OFL.txt	4445	5186b46abb63b664cbc6685b203e5f4c0c2a2ad8
Bebas Neue	Sans Serif	ofl/bebasneue/BebasNeue-Regular.ttf	61400	c328c6e08b20a20a1de47d823e007ee73812a438	ofl/bebasneue/OFL.txt	4337	da9571488f44176ef90d7f10c0f402c8be74db67
Figtree	Sans Serif	ofl/figtree/Figtree[wght].ttf	62712	579e2ab5f30beb21cd0b618dd0796b0fce0eff8e	ofl/figtree/OFL.txt	4388	80b12bb3d0c0942676657ef6d125daf4a1e1346d
Archivo Black	Sans Serif	ofl/archivoblack/ArchivoBlack-Regular.ttf	90988	82d07de3b84ed4428f6a302b70f4b555148dfeb0	ofl/archivoblack/OFL.txt	4492	8894736938f94c6c7a81f27501f26151c412fcbc
PT Sans	Sans Serif	ofl/ptsans/PT_Sans-Web-Regular.ttf	442960	83a21b724c47127a95e725b5c6bdfa30fcc1a7be	ofl/ptsans/OFL.txt	4425	7b7cfbee39c52f036f5d8655431c6e4928c2df5c
JetBrains Mono	Monospace	ofl/jetbrainsmono/JetBrainsMono[wght].ttf	187208	aa310be8b717fe3774f9444dd89d5f4101cc6d10	ofl/jetbrainsmono/OFL.txt	4399	821a3dac22aff15a1f1c9689a1d79c45bb58ca39
Archivo	Sans Serif	ofl/archivo/Archivo[wdth,wght].ttf	658596	cc64253d36665a5ca0d6719cdf1e32b3de453b51	ofl/archivo/OFL.txt	4388	8597481ebc941863ab228e79ea4305507cd73cc6
Mulish	Sans Serif	ofl/mulish/Mulish[wght].ttf	211988	b8f8403ac2f9518a363fc9bd340865d0ae095881	ofl/mulish/OFL.txt	4385	c8c54edbacf47731a1eabeb401c48f6c602eebf5
Barlow	Sans Serif	ofl/barlow/Barlow-Regular.ttf	104068	bb3faec4e243e812b288fbfb9235b12ea781eee4	ofl/barlow/OFL.txt	4377	2f22ba6ca4dbc12145ae40b14c3368f387cba0e2
Source Sans 3	Sans Serif	ofl/sourcesans3/SourceSans3[wght].ttf	646340	d259aa494fe7117141a2752a998a52c172bbd42b	ofl/sourcesans3/OFL.txt	4579	50ee76cf00fbfe42fb7c74a9b95c9508dec5bb8f
IBM Plex Sans	Sans Serif	ofl/ibmplexsans/IBMPlexSans[wdth,wght].ttf	537244	30f837e8b02e8ecddce6cbebc425b1f422392515	ofl/ibmplexsans/OFL.txt	4456	c35c4c618fab33da8695177b3a6cefe0810b7b28
Jost	Sans Serif	ofl/jost/Jost[wght].ttf	134996	cdf8630280e37a7e8040dd5a32e3c13a9794e6d4	ofl/jost/OFL.txt	4384	85b6b99d12470b54d8cbc919bc45102d99f23437
Prompt	Sans Serif	ofl/prompt/Prompt-Regular.ttf	168932	2a736dbba7d0bcb384bc1866516574f96e3d4893	ofl/prompt/OFL.txt	4452	c760a319adc706a8a0296841ad79a9031d527ac5
Inconsolata	Monospace	ofl/inconsolata/static/Inconsolata-Regular.ttf	105628	3b74e08a12d9abf807de632719ab781c809d6bf2	ofl/inconsolata/OFL.txt	4350	65f04cae46c0b8c7b0cd143adc6d09952497d28d
Fira Sans	Sans Serif	ofl/firasans/FiraSans-Regular.ttf	456996	7544de9cc8d102e1597dac2fb71951c2019a08cd	ofl/firasans/OFL.txt	4370	a2c1ae225f24bc345413e0764c0ddcf2a0e6d4da
Saira	Sans Serif	ofl/saira/Saira[wdth,wght].ttf	483700	b7e017b39f1b3b82daeeccbd21c6c1f1cc3965b5	ofl/saira/OFL.txt	4386	38d9b88131f7d2f8ef7fdb0d48e4c9e8aa3fd35d
Black Ops One	Display	ofl/blackopsone/BlackOpsOne-Regular.ttf	166532	672d8e285231ab0ff58fac66ec21ef3f5a005a48	ofl/blackopsone/OFL.txt	4411	525b8ec8568ac67c6f0f4076e6c791d4ff69c2d6
Space Grotesk	Sans Serif	ofl/spacegrotesk/SpaceGrotesk[wght].ttf	136676	a1b2e6c26093066510a31147e7aec9abdc8d6c5e	ofl/spacegrotesk/OFL.txt	4495	cb512b9af44ff61e75e1aad387b7424cdfab36a3
Libre Baskerville	Serif	ofl/librebaskerville/LibreBaskerville[wght].ttf	171900	eae4eba83203138da3a3a7603b598b7ebc5a5238	ofl/librebaskerville/OFL.txt	4542	92b1e6ca1cfa6f9dfe4ec67468596606fc334c4f
Noto Serif	Serif	ofl/notoserif/NotoSerif[wdth,wght].ttf	1887192	7664d59c95d6c589f7b15017a218f7a42b93f86d	ofl/notoserif/OFL.txt	4396	6843f31878c9945e1e71e1baa275546b4eefead8
Bricolage Grotesque	Sans Serif	ofl/bricolagegrotesque/BricolageGrotesque[opsz,wdth,wght].ttf	408496	9a4ca271ff84357bb8f8830ce71b85ea3571f731	ofl/bricolagegrotesque/OFL.txt	4403	a397658a5c4ab27c349964553b7caca61a4346f6
Karla	Sans Serif	ofl/karla/Karla[wght].ttf	94016	939d29ef1f5aaa6c481dc8a1944d89d389c78ae5	ofl/karla/OFL.txt	4384	d76ce0e18e7e5aeb52e5c3b5d2ac88c2b5b9d3db
Cormorant Garamond	Serif	ofl/cormorantgaramond/CormorantGaramond[wght].ttf	1195560	d992a83ce525c330fad3a19087746bcb2dc038ee	ofl/cormorantgaramond/OFL.txt	4387	507d70f4565352dbfcf2dfc9b42eb092b57c0be8
Titillium Web	Sans Serif	ofl/titilliumweb/TitilliumWeb-Regular.ttf	63660	4fd6b7fba0b61d3060caaaaba09a689a1fa24f3f	ofl/titilliumweb/OFL.txt	4523	4a44b9b326e6aa3ff5673bd88b86a0e25f49bf1e
Share Tech	Sans Serif	ofl/sharetech/ShareTech-Regular.ttf	53096	e59f574ee30f3bf7e413c2ca11018f08468fa870	ofl/sharetech/OFL.txt	4404	9c9b50b2b40fb16d472f5afea2e27eb1f2b33feb
Smooch Sans	Sans Serif	ofl/smoochsans/SmoochSans[wght].ttf	92880	306de62f55c9b3e7c8775512291c4e111052e86d	ofl/smoochsans/OFL.txt	4396	43135f916a15c40a6a56101b0fd778e5fb223ade
Heebo	Sans Serif	ofl/heebo/Heebo[wght].ttf	122012	b51ed9b4f20d2f51663d10f8a8debea63792d39a	ofl/heebo/OFL.txt	4474	79ed1e5a2cac187fe8fe7e86e67d15f61a050132
PT Serif	Serif	ofl/ptserif/PT_Serif-Web-Regular.ttf	359048	5310691a999658437d6db608b9447d606598753e	ofl/ptserif/OFL.txt	4434	e9f47cb8b582b7277c90c706f1a688348554a2c3
IBM Plex Mono	Monospace	ofl/ibmplexmono/IBMPlexMono-Regular.ttf	135580	0c9770d5183ba60dc4350d3e011b782a320761ae	ofl/ibmplexmono/OFL.txt	4456	c35c4c618fab33da8695177b3a6cefe0810b7b28
Josefin Sans	Sans Serif	ofl/josefinsans/JosefinSans[wght].ttf	118588	4d59aa52b1fa6235b5b917793233e8526cc7ed50	ofl/josefinsans/OFL.txt	4449	b87b0194e76d65530c1ecf08bb3f3631c6ea4459
Barlow Condensed	Sans Serif	ofl/barlowcondensed/BarlowCondensed-Regular.ttf	102480	ecbe0cc84118decc6a16216ad53d83d39888b175	ofl/barlowcondensed/OFL.txt	4377	2f22ba6ca4dbc12145ae40b14c3368f387cba0e2
Source Code Pro	Monospace	ofl/sourcecodepro/SourceCodePro[wght].ttf	212340	4d668281b3b2c6d699b5569e49bd60121152125f	ofl/sourcecodepro/OFL.txt	4622	d154618a7d0ca5a850c562e04f634ab2d218ee92
Inter Tight	Sans Serif	ofl/intertight/InterTight[wght].ttf	581588	7d64212163dc15e7f3de5487672668dbde589365	ofl/intertight/OFL.txt	4383	18d0da5dfcf4b1703293ed87f8e3efcf34aa643f
Dancing Script	Handwriting	ofl/dancingscript/DancingScript[wght].ttf	133636	9f521e7fb357ec9ea9820ebd36a9d7b1f72f2935	ofl/dancingscript/OFL.txt	4443	07ff8df965f089a2b89071b3d46cfd15777634a6
Libre Franklin	Sans Serif	ofl/librefranklin/LibreFranklin[wght].ttf	187436	8cf5549196f5e98dc27be05fc2b3691e77eaa89c	ofl/librefranklin/OFL.txt	4495	04cef395b1c1643f71dae8451a96fa7c073301d4
Anton	Sans Serif	ofl/anton/Anton-Regular.ttf	170812	4d65707db9d8663ccfa99cd28cd3a4e0025be178	ofl/anton/OFL.txt	4484	93feddee37145696e123ea65a6772cab09663f9e
Instrument Serif	Serif	ofl/instrumentserif/InstrumentSerif-Regular.ttf	70012	36fac00ef9b7d523236df6536cb09c712bb2c7e4	ofl/instrumentserif/OFL.txt	4405	669ce7917bec662fcf7244d37f49c4277f6fbd73
Fraunces	Serif	ofl/fraunces/Fraunces[SOFT,WONK,opsz,wght].ttf	360440	8210f9488d3c732359a9292dd09aca3f2bae830e	ofl/fraunces/OFL.txt	4391	22fa7ce5733434d0c634f6e55116f410858e938c
EB Garamond	Serif	ofl/ebgaramond/EBGaramond[wght].ttf	851176	52d34b86ec20977f222ce37e8158e6b3002c0a31	ofl/ebgaramond/OFL.txt	4398	c1ec5e1818415eab6f8fca95a230af477d64eb61
Public Sans	Sans Serif	ofl/publicsans/PublicSans[wght].ttf	103316	c747e1de8c8deadb6ba852eb9a0a7d893b8bd36f	ofl/publicsans/OFL.txt	4390	9eef1e9900892e8e971c1e731546f7987241641b
Fjalla One	Sans Serif	ofl/fjallaone/FjallaOne-Regular.ttf	209052	58b8e53accacf3d1749d83f3aa49b880ad5eb616	ofl/fjallaone/OFL.txt	4392	a94ad26cf68caeff0399f715a0cfeff6b7d38fdc
Sora	Sans Serif	ofl/sora/Sora[wght].ttf	111400	3b93d661fa07f5948799ba29979009b409cd4740	ofl/sora/OFL.txt	4385	f1d9d6af7ba46af6c2da765fa123d93239c913f5
Cairo	Sans Serif	ofl/cairo/Cairo[slnt,wght].ttf	599548	25641b1c828857698457bcd9f5a102616b4e8033	ofl/cairo/OFL.txt	4473	f6e87d489b3f459dde4e0f457fdd63e1f39bfe67
Rajdhani	Sans Serif	ofl/rajdhani/Rajdhani-Regular.ttf	377860	d25bd37233b672ef565e01d998a9412d761d7b00	ofl/rajdhani/OFL.txt	4373	6dd809659a8ccace7ccee108d024d33cd4f936da
Changa One	Display	ofl/changaone/ChangaOne-Regular.ttf	22736	31af66874c8531f3e4a19af96cab9ea4e1f58ff3	ofl/changaone/OFL.txt	4396	dfcd940d987bab56cba5d60b46be44e59ca17797
Geist	Sans Serif	ofl/geist/Geist[wght].ttf	169056	f63f0afc6390323715972b6645115485f37cc9f4	ofl/geist/OFL.txt	4387	61f6f4b7853081236aec6407f2dd3c7170997f84
Cabin	Sans Serif	ofl/cabin/Cabin[wdth,wght].ttf	165468	27f71b39824edcb34aada65f74f23c65a6cd32e2	ofl/cabin/OFL.txt	4477	32dcc07056ddbb3f2750509405551c6d557890ad
Urbanist	Sans Serif	ofl/urbanist/Urbanist[wght].ttf	84840	a867bdd9cbfb5a0cd30a7c5a06f0d71c3db62192	ofl/urbanist/OFL.txt	4385	828d6f7cb00f110ebfeffb0bcf1fe43312f53d3f
Lobster Two	Display	ofl/lobstertwo/LobsterTwo-Regular.ttf	254332	f3c629d944a7f0f674e451b985e399c369801355	ofl/lobstertwo/OFL.txt	4506	3eec24fa8269bec2381ba1ecaebc6935538a7ebb
Bitter	Serif	ofl/bitter/Bitter[wght].ttf	328636	7f6d58e633e22ab99597e0c0c17bd21c11630d99	ofl/bitter/OFL.txt	4424	dccc3f4a882cd04852985be1ecc2849eb4338410
Schibsted Grotesk	Sans Serif	ofl/schibstedgrotesk/SchibstedGrotesk[wght].ttf	176068	78ad61cf65a390c517248f46d325a1e9b88d367d	ofl/schibstedgrotesk/OFL.txt	4406	ba41e1147195c699cf6c9b91cf07d8a0e4f44cdb
Assistant	Sans Serif	ofl/assistant/Assistant[wght].ttf	99496	97aea543ae2c6f72ecde92c9476fd3426eae2eaf	ofl/assistant/OFL.txt	4613	c8f36f791b630595ba646d922245a6f5eb6d18ee
Mukta	Sans Serif	ofl/mukta/Mukta-Regular.ttf	432248	ccb22cfb2cbc43cd516d6376492ad6dde3a94c2f	ofl/mukta/OFL.txt	4367	12057d5a1c20c7476c62a7509756036dc6fb6ed8
Lexend	Sans Serif	ofl/lexend/Lexend[wght].ttf	175756	f70999106bfa76d48051b73ad7c888573663879c	ofl/lexend/OFL.txt	4436	b1477aae6210797999bd5ad9c13bcae5fc98788b
Merriweather Sans	Sans Serif	ofl/merriweathersans/MerriweatherSans[wght].ttf	266512	234ee652981f40a45b460ec39535d266c624e93a	ofl/merriweathersans/OFL.txt	4585	68d55378ef4c892480dfd8b5ae6ef1f3438594f5
Caveat	Handwriting	ofl/caveat/Caveat[wght].ttf	403648	f84acf2ce2d1b3329b194749530dbaec047e6df6	ofl/caveat/OFL.txt	4385	6e5220c9576d98dfc684e550ddf0d87f68b3edc5
DM Serif Display	Serif	ofl/dmserifdisplay/DMSerifDisplay-Regular.ttf	76580	bc5ed0cea657f264ea9c2a11a54da62ed619c5da	ofl/dmserifdisplay/OFL.txt	4605	be384f0ec9b54c6fed236106d3f6dfa029780b1b
Hind Siliguri	Sans Serif	ofl/hindsiliguri/HindSiliguri-Regular.ttf	250052	21f6ec51cace61d40644d275e66b6a82f57906a3	ofl/hindsiliguri/OFL.txt	4371	ccd22d7afee4a45d0007489e9232ed51fb3c3f4a
Dosis	Sans Serif	ofl/dosis/Dosis[wght].ttf	117280	a26a410ad1d35c57191535465467e9457b300097	ofl/dosis/OFL.txt	4386	73b1b364b97056d3f601a9e932572e930a4cf0af
Roboto Flex	Sans Serif	ofl/robotoflex/RobotoFlex[GRAD,XOPQ,XTRA,YOPQ,YTAS,YTDE,YTFI,YTLC,YTUC,opsz,slnt,wdth,wght].ttf	1787292	2a11e4cd5588a89e0047140b09c912059d1a150f	ofl/robotoflex/OFL.txt	4488	f6ebd5a74b229728026776434c68deff3bec5eb0
Alfa Slab One	Display	ofl/alfaslabone/AlfaSlabOne-Regular.ttf	97376	0158f184619023509f750ad3def1c39be2bd7872	ofl/alfaslabone/OFL.txt	4523	211557706419756d1f526285f044e27a39f9466f
Nanum Gothic	Sans Serif	ofl/nanumgothic/NanumGothic-Regular.ttf	2054744	2aa2b20905b4136808a0126d8e36e5c0f576715c	ofl/nanumgothic/OFL.txt	4534	69ff40157d0bba4c65e4ecf77564e1f01d0b02a5
Source Serif 4	Serif	ofl/sourceserif4/SourceSerif4[opsz,wght].ttf	1209508	40bbb58cb58e893ad0470f0bb291e096c73d3554	ofl/sourceserif4/OFL.txt	4400	318074ec9d43c936a56ee1dae92999f4df073ce8
Fredoka	Sans Serif	ofl/fredoka/Fredoka[wdth,wght].ttf	159184	349b6ecef8a358ede29b7bf74a08196be5d71b25	ofl/fredoka/OFL.txt	4388	791a98de7893b9bb62d06729745d00655e791a40
Red Hat Display	Sans Serif	ofl/redhatdisplay/RedHatDisplay[wght].ttf	98360	b160aefd019836646d79811da90d3c6a6217c4bd	ofl/redhatdisplay/OFL.txt	4394	16cf394bb1bd5100686703ebc4a3772a568e0e6a
Instrument Sans	Sans Serif	ofl/instrumentsans/InstrumentSans[wdth,wght].ttf	194336	3589b81b22d3defc725dfdcdf16b5da7c9adc691	ofl/instrumentsans/OFL.txt	4403	26bd2f954bfa282d235370728095db97d8a36f6f
Exo 2	Sans Serif	ofl/exo2/Exo2[wght].ttf	303940	9cb20188a07687580312d2099e6c79ca8ecb7b58	ofl/exo2/OFL.txt	4386	5bec9840d2e0df42d80d6fac55279d1d5e5b9199
Noto Sans Khmer	Sans Serif	ofl/notosanskhmer/NotoSansKhmer[wdth,wght].ttf	359788	4ede67c660e1a5921a9a6830f346808097c2ef86	ofl/notosanskhmer/OFL.txt	4381	fddb7127172332edd0d0a0097ab3ad92ead7ba6b
Google Sans Flex	Sans Serif	ofl/googlesansflex/GoogleSansFlex[ROND,opsz,slnt,wdth,wght].ttf	3910784	1d8d8ae5a7c6d0e48312d2a0a478bad92caee73a	ofl/googlesansflex/OFL.txt	4488	3e50f6cb72e58f01997d1e608195e8fdbc0eb8b4
Newsreader	Serif	ofl/newsreader/Newsreader[opsz,wght].ttf	451664	ad4a9a8c44ec328c80b61c773f1ba02f6b5ed292	ofl/newsreader/OFL.txt	4394	d2d4f407109e9c74b8ab502fc79b912408ab8e41
Noto Sans Telugu	Sans Serif	ofl/notosanstelugu/NotoSansTelugu[wdth,wght].ttf	888808	e84dfdcd06a9cf32e992ecb96b4f641e8ddf3edd	ofl/notosanstelugu/OFL.txt	4382	719d5c024de82133c22d6c514e5522e111d6ad23
Oxygen	Sans Serif	ofl/oxygen/Oxygen-Regular.ttf	47988	c32446f0356b52b75635d1c1846ef5ed6d11aa6f	ofl/oxygen/OFL.txt	4398	5f3451c67586c7caabfd6a3cb9a5003e7217cfd6
Hind	Sans Serif	ofl/hind/Hind-Regular.ttf	299532	d354dbbcd295b1b7e09b015f0bd490864ad47aca	ofl/hind/OFL.txt	4373	6dd809659a8ccace7ccee108d024d33cd4f936da
Orbitron	Sans Serif	ofl/orbitron/Orbitron[wght].ttf	38576	1fc54ce7116a6ec549f37358466bcc92f9a72c33	ofl/orbitron/OFL.txt	4426	91ede459e18c22d3f2ba7c27d925b49cc945abe4
Ramabhadra	Sans Serif	ofl/ramabhadra/Ramabhadra-Regular.ttf	733308	e0a5ea700decccd798e334fc2cb2f005605a0691	ofl/ramabhadra/OFL.txt	4454	305a686c31ba428aef42ab48fca357d0db4013f0
Overpass	Sans Serif	ofl/overpass/Overpass[wght].ttf	318700	8ed0525358af903127bea16a5ce7a0e182daaa39	ofl/overpass/OFL.txt	4392	2739ed0cfce83e9e3ad2a5585e9125f2926b76d4
Cinzel	Serif	ofl/cinzel/Cinzel[wght].ttf	125468	d218a0b9c8879fd5a708872cc0ef357e507b35ca	ofl/cinzel/OFL.txt	4383	afdfd1412be934fe7cc40a5a2c5e06e354c44dcf
Anek Telugu	Sans Serif	ofl/anektelugu/AnekTelugu[wdth,wght].ttf	1806540	23b44d8000a7861091d0b8f53c3acf1881073e48	ofl/anektelugu/OFL.txt	4379	6e46064f855d1d252f1f7d61e7dd1d5a07d409bf
Pacifico	Handwriting	ofl/pacifico/Pacifico-Regular.ttf	329380	27765d02ac13f241b1e207dbda7b2dd1b68280da	ofl/pacifico/OFL.txt	4389	33864cc8de4dd3ea8f3daab1154be28577918bae
Crimson Text	Serif	ofl/crimsontext/CrimsonText-Regular.ttf	107200	6b474728a9a499233959959fb7d370df97733450	ofl/crimsontext/OFL.txt	4393	84999a13b43a815fe6830a752f49350b65a5f6aa
Barlow Semi Condensed	Sans Serif	ofl/barlowsemicondensed/BarlowSemiCondensed-Regular.ttf	105776	473604976bc07e69c0a8e6dca63e159fac54f5fe	ofl/barlowsemicondensed/OFL.txt	4377	2f22ba6ca4dbc12145ae40b14c3368f387cba0e2
Tajawal	Sans Serif	ofl/tajawal/Tajawal-Regular.ttf	60364	d23d25b8b68db86d5b727d181c2008fd874216eb	ofl/tajawal/OFL.txt	4464	76c01b50a1da8b3ae44a6f05c2e0d6ccb1cac5b9
Geist Mono	Monospace	ofl/geistmono/GeistMono[wght].ttf	171948	173867dce0580ea751e4b9c558740d34f20ce549	ofl/geistmono/OFL.txt	4387	61f6f4b7853081236aec6407f2dd3c7170997f84
Slabo 27px	Serif	ofl/slabo27px/Slabo27px-Regular.ttf	56088	4d73e0984272afbb19ca01dead670c6b70e49b83	ofl/slabo27px/OFL.txt	4358	5eb4a7606a9e87fa8f81f81a87cc5b7c106fd17a
Hanken Grotesk	Sans Serif	ofl/hankengrotesk/HankenGrotesk[wght].ttf	132892	ed6efac663fab76e550a2c994d95ca143587da18	ofl/hankengrotesk/OFL.txt	4402	9c8185d846e13882e03bdd700743e717e67189dc
Arvo	Serif	ofl/arvo/Arvo-Regular.ttf	38780	771c47a7568b614d91108f9255aedd70da97c77d	ofl/arvo/OFL.txt	4393	e9b361f05fd9c48cafa70903f8cdec5a76e5814e
Lobster	Display	ofl/lobster/Lobster-Regular.ttf	406076	f30b6f66cea410dac2227c04daf40e64c6a8ae4f	ofl/lobster/OFL.txt	4430	a41143009ff2e05dac1d371d26738bc1c2d7f07c
PT Sans Narrow	Sans Serif	ofl/ptsansnarrow/PT_Sans-Narrow-Web-Regular.ttf	396212	b881447b36857f2c2475f158eed917390f385579	ofl/ptsansnarrow/OFL.txt	4425	7b7cfbee39c52f036f5d8655431c6e4928c2df5c
Comfortaa	Display	ofl/comfortaa/Comfortaa[wght].ttf	201756	8b8e5f81bf740a8154bb6cd9f4eee5ac4bda6b18	ofl/comfortaa/OFL.txt	4519	daa25d00412977db65adcd28d6083e72dcb247ca
Teko	Sans Serif	ofl/teko/Teko[wght].ttf	292108	1a9168e40358ab6ce3886270f8b0f091d13a6974	ofl/teko/OFL.txt	4385	11fd1f04d16d1f3d65bb3e7de7dab7daeb7fab42
Bungee	Display	ofl/bungee/Bungee-Regular.ttf	118996	59dfddc539f9ebbaf5134c7b272970d88aba0ba9	ofl/bungee/OFL.txt	4473	6f47072f01b8698301896b247b7087c023a4da2d
Domine	Serif	ofl/domine/Domine[wght].ttf	101904	d676bdedb4dd8063b91d87b5e11e013d51321013	ofl/domine/OFL.txt	4713	61fd42e0e376ffb1070df39e0ffeb9d366d103ac
Bodoni Moda	Serif	ofl/bodonimoda/BodoniModa[opsz,wght].ttf	162104	c5d582f8003ae692761dd8e9ce69de23cb9fea53	ofl/bodonimoda/OFL.txt	4400	973cec73f0874f3b7821a44ff43e4a4c88e44844
Zeyada	Handwriting	ofl/zeyada/Zeyada.ttf	63064	47620f900bbda00eb087ca56478d400e665af6c1	ofl/zeyada/OFL.txt	4362	06117d9dfe08e8ac9818115cc1898c05a197c27f
DM Mono	Monospace	ofl/dmmono/DMMono-Regular.ttf	49744	1cdda9146d31e5dfb28cf299548b73f502142ccc	ofl/dmmono/OFL.txt	4484	01450afc0769581ef9548569b1214d88ee28cd1a
Chakra Petch	Sans Serif	ofl/chakrapetch/ChakraPetch-Regular.ttf	78488	c1167ce445c9259e963fdf210eb069dbc4107633	ofl/chakrapetch/OFL.txt	4396	9cee5a5b7f6f704414504ac9df37ae3b11b45264
Space Mono	Monospace	ofl/spacemono/SpaceMono-Regular.ttf	99356	1cfa3653dc8ddb7aa9f4ef1c9c581e9516137e6e	ofl/spacemono/OFL.txt	4392	a72b0a7845bec3214559673ffeba60c816a21841
Noto Sans Arabic	Sans Serif	ofl/notosansarabic/NotoSansArabic[wdth,wght].ttf	844676	f1d01edce4ebaedcbe9a06fc75fec07b304ec3df	ofl/notosansarabic/OFL.txt	4382	14c589f6384505ede3f8e52627d397513af3662d
Noto Sans Thai	Sans Serif	ofl/notosansthai/NotoSansThai[wdth,wght].ttf	218652	34b48ab6f74867dbfce19410a2f452abef34e3ff	ofl/notosansthai/OFL.txt	4380	7fa8dcb08ce4d2667b683ac4a8e79166e44e5277
Abel	Sans Serif	ofl/abel/Abel-Regular.ttf	35220	f621a1273d78878b129ac93be7b93c2837ed5810	ofl/abel/OFL.txt	4418	d67c839261b0dfff0452c6290b03b29d13ce854d
Zen Kaku Gothic New	Sans Serif	ofl/zenkakugothicnew/ZenKakuGothicNew-Regular.ttf	2360248	9940304caecd27df011ef6d15af9e187713967be	ofl/zenkakugothicnew/OFL.txt	4401	c05130c2195586600c9bc245c88a67d1154369a8
Maven Pro	Sans Serif	ofl/mavenpro/MavenPro[wght].ttf	87944	03958b0044dca904657a878f56b9fa5ba72b2735	ofl/mavenpro/OFL.txt	4428	d6ffe58e9faca840ee6bc3fae33f83963787b294
Epilogue	Sans Serif	ofl/epilogue/Epilogue[wght].ttf	202996	87b5dfc0fe05cfd3d75e5058bb74263bbe2bc633	ofl/epilogue/OFL.txt	4394	6604bf713a68999838860185665057de32fa4451
M PLUS 1p	Sans Serif	ofl/mplus1p/MPLUS1p-Regular.ttf	1758688	e16cd93613c26bb9d66d2060d6fd491c7222689f	ofl/mplus1p/OFL.txt	4389	c173f0d8c43767c1e65b336d46a95c27b61bde92
Asap	Sans Serif	ofl/asap/Asap[wdth,wght].ttf	376764	ce62af3f988e4419c397e2c5cca1cc0f74554add	ofl/asap/OFL.txt	4383	4497ef281d9e13e025318bcd10aa3ca18396c259
Shadows Into Light	Handwriting	ofl/shadowsintolight/ShadowsIntoLight.ttf	54304	903e32be5e3dbc418dea268b28bc3432bde14a10	ofl/shadowsintolight/OFL.txt	4362	06117d9dfe08e8ac9818115cc1898c05a197c27f
Questrial	Sans Serif	ofl/questrial/Questrial-Regular.ttf	184176	0274560bacd461243a47b72e2fd477b17e702e32	ofl/questrial/OFL.txt	4391	48d2cb52aa90f50b0e4d6792bb9c3a910e94425e
Lilita One	Display	ofl/lilitaone/LilitaOne-Regular.ttf	28092	fdec368cbd478e437f0476a538c3868723aed296	ofl/lilitaone/OFL.txt	4392	055594f2f330e835940070f2d5944a2331c7c299
Archivo Narrow	Sans Serif	ofl/archivonarrow/ArchivoNarrow[wght].ttf	93304	fe2841165eed7f8c0ccb31a3e8d51ac340f2c87a	ofl/archivonarrow/OFL.txt	4495	50ad0241a79e3f7832c5a82281622071596a0c8b
Almarai	Sans Serif	ofl/almarai/Almarai-Regular.ttf	152824	1ce664a9cfdae4295e58a630be9be21e6a781f0c	ofl/almarai/OFL.txt	4391	64d2c284b0e3aa76c15540d7265102ff2b8ebf7e
Play	Sans Serif	ofl/play/Play-Regular.ttf	199020	caaa68c02e6f84cd444d0fa1d59dabb067ca9d75	ofl/play/OFL.txt	4443	e26528192f64faf76225493944536ba9599321f0
Zilla Slab	Serif	ofl/zillaslab/ZillaSlab-Regular.ttf	270104	8a9724d1ce0e9d51a6cee6420f8b138c71ad89f1	ofl/zillaslab/OFL.txt	4342	af9d668526d23cdc3619263d43abe83056962a4f
Great Vibes	Handwriting	ofl/greatvibes/GreatVibes-Regular.ttf	457588	a1327ff3b862246f1f253639040edcc473e5f3a9	ofl/greatvibes/OFL.txt	4399	70025926f5684ebed9d119424b178faa4e0a5cc6
Be Vietnam Pro	Sans Serif	ofl/bevietnampro/BeVietnamPro-Regular.ttf	132948	dfa34c09fe2bae0626e00aa3265af2119345c27b	ofl/bevietnampro/OFL.txt	4397	9e2c1177b1e7b9b2f63e122d37f8c21bc5dddc65
Marcellus	Serif	ofl/marcellus/Marcellus-Regular.ttf	46004	7310fa9163c45811c33647d7ce6a2ecf2134d396	ofl/marcellus/OFL.txt	4430	69d64891eb9009249ef055523940db7b78d740bc
ABeeZee	Sans Serif	ofl/abeezee/ABeeZee-Regular.ttf	46016	2ecf01bdec7b6a8568825da840897f9b0aee8a86	ofl/abeezee/OFL.txt	4516	fc163c7f211e6aa6ad5d66171e2e7913d66190f0
Albert Sans	Sans Serif	ofl/albertsans/AlbertSans[wght].ttf	129000	aa28110751a034a03ba84a7de12d069c3f652fe7	ofl/albertsans/OFL.txt	4390	958d457848e6ed0643d0092fe7d7740adb88971a
Satisfy	Handwriting	apache/satisfy/Satisfy-Regular.ttf	47928	9f23660e9506606cfcb3a19987eaef33918d4704	apache/satisfy/LICENSE.txt	11358	d645695673349e3947e8e5ae42332d0ac3164cd7
Abril Fatface	Display	ofl/abrilfatface/AbrilFatface-Regular.ttf	67364	e761f7b9c3c77290511fd87c296c8a3077d5db44	ofl/abrilfatface/OFL.txt	4415	f2bc42418bb3dff2b0ccfc90308cb46845e03b5e
Spectral	Serif	ofl/spectral/Spectral-Regular.ttf	261088	25a6c47f8050e4ea3c9713a02a4843a8d6c503d5	ofl/spectral/OFL.txt	4392	163d3a50c1666a69aac8b9f78dfc7142fb319a27
Onest	Sans Serif	ofl/onest/Onest[wght].ttf	193056	477cb31027450d80e486a53119641bf87dde3d4c	ofl/onest/OFL.txt	4384	b6f4f91487900bb8f00ae991724121f1d59e30d9
Lexend Deca	Sans Serif	ofl/lexenddeca/LexendDeca[wght].ttf	175928	e200445d9b2ca77e07d4ac09c5d41f71946b5a02	ofl/lexenddeca/OFL.txt	4436	b1477aae6210797999bd5ad9c13bcae5fc98788b
Gravitas One	Display	ofl/gravitasone/GravitasOne.ttf	41448	f96012d077514aad39775ea25c7f633e5fea920b	ofl/gravitasone/OFL.txt	4398	52c2bb8a9c28033199f1b26cdb66147407a79cf1
Unbounded	Sans Serif	ofl/unbounded/Unbounded[wght].ttf	778272	e3c064ddfa3acdd3af2e0f06cd2f2288cc4fcae3	ofl/unbounded/OFL.txt	4392	1c7db28325aa3a1e8bd8978ef1d760daf3bb357b
Roboto Serif	Serif	ofl/robotoserif/RobotoSerif[GRAD,opsz,wdth,wght].ttf	3944924	0b4a528746ba9d07c46ab027b2921ef740859493	ofl/robotoserif/OFL.txt	4489	b1f7050462033a09986a55da4f6190d94195402b
Saira Condensed	Sans Serif	ofl/sairacondensed/SairaCondensed-Regular.ttf	95068	153433699e9805ab0d4c7056fd997952aaec8983	ofl/sairacondensed/OFL.txt	4403	c8129c7dd7ee999c6c30a1e2688c1b316e771444
Syne	Sans Serif	ofl/syne/Syne[wght].ttf	146980	af1814d0f4d9d4302b57c9b0f5aab4c85847479a	ofl/syne/OFL.txt	4402	f410e51ceb99dcbf9fb3048c09a525243001b542
Varela Round	Sans Serif	ofl/varelaround/VarelaRound-Regular.ttf	132748	3a54b78fba71fac5143e285b7cd0d01da3d0c177	ofl/varelaround/OFL.txt	4465	300cd6a8ac5f643b681117438ea696656f0e1e2a
League Spartan	Sans Serif	ofl/leaguespartan/LeagueSpartan[wght].ttf	95116	bd81aef67d88acd3bf4b88d7c6ff86900b2e9ce3	ofl/leaguespartan/OFL.txt	4402	8f8a5890d59f2fffcd8515b3ed81576df4b5c62a
IBM Plex Serif	Serif	ofl/ibmplexserif/IBMPlexSerif-Regular.ttf	163068	069d26a6c7951cd60811dcd100bdf2e6f39cfcc4	ofl/ibmplexserif/OFL.txt	4456	c35c4c618fab33da8695177b3a6cefe0810b7b28
Exo	Sans Serif	ofl/exo/Exo[wght].ttf	175092	17c7f92133f92ca6c700a3b23a2c7c66b2ce156b	ofl/exo/OFL.txt	4381	5497537c1bbd99780e6b686d480ece4d49dbb1c7
Cormorant	Serif	ofl/cormorant/Cormorant[wght].ttf	572892	59ef17419403aeb7d20f76b7197b1bea9e32aba1	ofl/cormorant/OFL.txt	4387	507d70f4565352dbfcf2dfc9b42eb092b57c0be8
Permanent Marker	Handwriting	apache/permanentmarker/PermanentMarker-Regular.ttf	74632	3218fc5b3d395c3a3fc207fdf17a27bb32af3242	apache/permanentmarker/LICENSE.txt	11358	d645695673349e3947e8e5ae42332d0ac3164cd7
Geologica	Sans Serif	ofl/geologica/Geologica[CRSV,SHRP,slnt,wght].ttf	348640	9e7771e32575873bba48b16b6ef1696b63087a2a	ofl/geologica/OFL.txt	4400	ebe73cf731875468cbc35c1d8857ac037328918f
Baloo 2	Display	ofl/baloo2/Baloo2[wght].ttf	683200	bc1b9f1191c0d6d23cb2ce0af66aba82ddbf8d6c	ofl/baloo2/OFL.txt	4384	72adb492d4f0ede2a9dbdefed607f33ad3a6fc68
Slabo 13px	Serif	ofl/slabo13px/Slabo13px-Regular.ttf	55796	6e1fae90b2edc946dcce5aa43b525916ada79acd	ofl/slabo13px/OFL.txt	4358	5eb4a7606a9e87fa8f81f81a87cc5b7c106fd17a
Doppio One	Sans Serif	ofl/doppioone/DoppioOne-Regular.ttf	55704	e87361e0363ceb35548aeadc5db957a59f59b793	ofl/doppioone/OFL.txt	4396	cff547fed81b1ab7146cf7f7ff5de857291f4c02
Indie Flower	Handwriting	ofl/indieflower/IndieFlower-Regular.ttf	108196	547ca58030e8a7de5aca859a11fc00f14511a7ea	ofl/indieflower/OFL.txt	4366	5d36552c7d43e76254d16067ec609281d13b0e45
IBM Plex Sans Arabic	Sans Serif	ofl/ibmplexsansarabic/IBMPlexSansArabic-Regular.ttf	235924	e779068718b9801b809605b2bf3067121cce524c	ofl/ibmplexsansarabic/OFL.txt	4456	c35c4c618fab33da8695177b3a6cefe0810b7b28
Frank Ruhl Libre	Serif	ofl/frankruhllibre/FrankRuhlLibre[wght].ttf	178468	ff5f0b4c22541808e11e007e568c263a8c11462c	ofl/frankruhllibre/OFL.txt	4502	ff7a2393c2b24016fd87c0a5c66cc22f7833abdc
Zen Maru Gothic	Sans Serif	ofl/zenmarugothic/ZenMaruGothic-Regular.ttf	3832756	c622402a1acf00c3481334de56439b3703cdcbb6	ofl/zenmarugothic/OFL.txt	4402	7dc44f8017161dc4e1346b24cfd6e195c402633a
Kalam	Handwriting	ofl/kalam/Kalam-Regular.ttf	427360	0c956a29348e69bff24a1ae8952fd0b42569311c	ofl/kalam/OFL.txt	4373	6dd809659a8ccace7ccee108d024d33cd4f936da
Noto Sans Tamil	Sans Serif	ofl/notosanstamil/NotoSansTamil[wdth,wght].ttf	340668	cb08d499b2d05ef6fd8e470c36c2be47ff368f0d	ofl/notosanstamil/OFL.txt	4381	677d559b94ba7c63d41a7bf6ffa0a3eb11f2de95
Atkinson Hyperlegible	Sans Serif	ofl/atkinsonhyperlegible/AtkinsonHyperlegible-Regular.ttf	54348	b3cc4200fcf09d600eac74002ab4ea65b404a536	ofl/atkinsonhyperlegible/OFL.txt	4352	2befc89b0ee81d5a37e6ca6503bb0db099feb70f
Sanchez	Serif	ofl/sanchez/Sanchez-Regular.ttf	72552	a1b844c22b94c3a7ecbc7f49049cbd6003b9ba2c	ofl/sanchez/OFL.txt	4395	7538d391ccdc3343118c088fb6df191e1189df4d
Nanum Myeongjo	Serif	ofl/nanummyeongjo/NanumMyeongjo-Regular.ttf	3058408	8c1bb666acfac3668c6b433b8419cd70d9140045	ofl/nanummyeongjo/OFL.txt	4497	f1277166eb2e0a38c6a487149827c5c3b34d4e2b
Sofia Sans	Sans Serif	ofl/sofiasans/SofiaSans[wght].ttf	345684	a7d5426fc81669eacb6523c61c2ebdb001353ad5	ofl/sofiasans/OFL.txt	4393	26ff1f5c27baef694a89e58f8f47c6209346eacd
Vollkorn	Serif	ofl/vollkorn/Vollkorn[wght].ttf	577864	ca6291a8c3e7b2d526fe68c4f29ee019ec295b45	ofl/vollkorn/OFL.txt	4489	364bac24f37e1e62efc8e4224da0a730af938a0b
Oleo Script	Display	ofl/oleoscript/OleoScript-Regular.ttf	34980	a34baa1b95952ac15b14de378bf78bb57921cd94	ofl/oleoscript/OFL.txt	4419	7aa3e240b2a3b0dc3881046c2776cedd083a7127
Alegreya Sans	Sans Serif	ofl/alegreyasans/AlegreyaSans-Regular.ttf	263804	2c9b0c50cd08e872a68d3b11587a40d59efc4fb9	ofl/alegreyasans/OFL.txt	4405	93a573fab019d94171bad70205a71d5de9e843e8
Sarabun	Sans Serif	ofl/sarabun/Sarabun-Regular.ttf	90220	161c9ac9a14e26dba0b9be14496fae451e5c2e24	ofl/sarabun/OFL.txt	4387	a7d3a1261866388dac5f9dc2c51982121c1e0c07
Titan One	Display	ofl/titanone/TitanOne-Regular.ttf	55712	aabd6ed15716b7828e31dd78d7ab57772ab5adb1	ofl/titanone/OFL.txt	4418	4885975888ee967c85bb1008303ba4a25474fa5c
Courier Prime	Monospace	ofl/courierprime/CourierPrime-Regular.ttf	71188	2a0f8bde9778bb8c7b3a0ca5d4b4fb041737ef1a	ofl/courierprime/OFL.txt	4403	7cdc333cb7318c5ce83e53f1b86f23604dafa72c
Faustina	Serif	ofl/faustina/Faustina[wght].ttf	118468	b698a63f0f428ea2bedef6bbe05224f950b370a0	ofl/faustina/OFL.txt	4390	ce64a8ddf1691013265a5fc9703927643982d329
Rethink Sans	Sans Serif	ofl/rethinksans/RethinkSans[wght].ttf	120588	06c5fa8cf38d7e206bbbb201911e67eed0fcfaaf	ofl/rethinksans/OFL.txt	4400	82490ccdf0d71b64d941d08bc98308aba7102bbc
Fira Sans Condensed	Sans Serif	ofl/firasanscondensed/FiraSansCondensed-Regular.ttf	459804	019b20ced1c86580e09e216ad13e4e5d4e2dd3b8	ofl/firasanscondensed/OFL.txt	4370	a2c1ae225f24bc345413e0764c0ddcf2a0e6d4da
Encode Sans	Sans Serif	ofl/encodesans/EncodeSans[wdth,wght].ttf	285792	9fc41298817bb0eb91c764cda8183e2316153576	ofl/encodesans/OFL.txt	4527	9dadca8c43036cf9ce52e9513eb8628ac33c743f
Amiri	Serif	ofl/amiri/Amiri-Regular.ttf	431116	14dfa0d6c80db50460d23daa306a7ac92e74676f	ofl/amiri/OFL.txt	4389	a6051797e5f1910347b586dc06d4c1130f00da28
Noto Kufi Arabic	Sans Serif	ofl/notokufiarabic/NotoKufiArabic[wght].ttf	434204	9bb606f2ba004955109ea00a883cc23959b8d8e2	ofl/notokufiarabic/OFL.txt	4382	14c589f6384505ede3f8e52627d397513af3662d
Yanone Kaffeesatz	Sans Serif	ofl/yanonekaffeesatz/YanoneKaffeesatz[wght].ttf	129312	a5ab7b64075f5b62bfbd3065893b3cd6777a1181	ofl/yanonekaffeesatz/OFL.txt	4488	3a9bdf918569bc6a41bc92c06210401918ab5627
Red Hat Text	Sans Serif	ofl/redhattext/RedHatText[wght].ttf	97332	9a9fc541afa5ce7244413ff96266b11a47fe35d6	ofl/redhattext/OFL.txt	4394	16cf394bb1bd5100686703ebc4a3772a568e0e6a
Righteous	Display	ofl/righteous/Righteous-Regular.ttf	43104	07fc0b45132b1d7039c202e6d09c91b1a137ec26	ofl/righteous/OFL.txt	4432	22f3d202eb01975fbcd48a25f3ad82ab624986cb
Fira Code	Monospace	ofl/firacode/FiraCode[wght].ttf	260364	83f2b3875f734f135154f18bb4f13d4075186927	ofl/firacode/OFL.txt	4391	67a0efa49f31cd2e9843a03d49e21fb400a450b3
Catamaran	Sans Serif	ofl/catamaran/Catamaran[wght].ttf	184276	6e48567775f847347e82876e0c38ac230fc44204	ofl/catamaran/OFL.txt	4370	cbe552d069f1de3c5e3d1e1644d609c15cc3609a
Luckiest Guy	Display	apache/luckiestguy/LuckiestGuy-Regular.ttf	73320	5ca663c2f05761356ca4427c084e4443a157f834	apache/luckiestguy/LICENSE.txt	11358	d645695673349e3947e8e5ae42332d0ac3164cd7
Literata	Serif	ofl/literata/Literata[opsz,wght].ttf	955132	0a81b4984a4a4eb101e0ddc28babc85bb137efef	ofl/literata/OFL.txt	4389	9d3b4e3b1e9068fbda799f57833ff831d05cc271
Bree Serif	Serif	ofl/breeserif/BreeSerif-Regular.ttf	46572	20c8a27c393f6022cf107ad3ed1c3debdc31739d	ofl/breeserif/OFL.txt	4411	1e889f20cd326848a5ae0f528d7e3ee1e9649b6e
Viga	Sans Serif	ofl/viga/Viga-Regular.ttf	28436	8c3a626d877e8e79bd55ba8fed0c237fc4699967	ofl/viga/OFL.txt	4387	9c2aec682923b2c2259a3803ce576ec8059055d2
News Cycle	Sans Serif	ofl/newscycle/NewsCycle-Regular.ttf	179600	7d13b931520f1181aa118c5e8eb099c6bdb4565a	ofl/newscycle/OFL.txt	4501	c2d4b8656f5165d2a761d48fc57cb8f2826d7b69
LINE Seed JP	Sans Serif	ofl/lineseedjp/LINESeedJP-Regular.ttf	3673280	be2b8b991fdb478eb9b76c5dbd2387747831e98c	ofl/lineseedjp/OFL.txt	4322	6ca35bc1eb9c5f21f2e6115f85e518247b23f3c4
Playfair	Serif	ofl/playfair/Playfair[opsz,wdth,wght].ttf	1776724	38e7c88ea3df424981cb39ef1bd5473d4b068c7b	ofl/playfair/OFL.txt	4482	c25278fe2e74792026a3faa3b5021e3b3582ae35
Signika	Sans Serif	ofl/signika/Signika[GRAD,wght].ttf	637392	fc3aa4d29235412b3a3178b2020ce4b97903c903	ofl/signika/OFL.txt	4388	1a88f510a0dfe429bd470295982ba74b9089dd7d
League Gothic	Sans Serif	ofl/leaguegothic/LeagueGothic[wdth].ttf	65972	2543bb2aba1744199f3e59a3fd5b55bd219d6644	ofl/leaguegothic/OFL.txt	4400	06b467db4d14d5ec2a5e9f12c7ba33b7beac56b6
Crimson Pro	Serif	ofl/crimsonpro/CrimsonPro[wght].ttf	246324	b8c1f6da0acbf2cb6d0af49ce89557288c829daa	ofl/crimsonpro/OFL.txt	4393	6a7d97cd277b519a8bd3d38fcc56b5a133ac8354
Cardo	Serif	ofl/cardo/Cardo-Regular.ttf	400468	854f295ad8053f1c645209437d32ecf2c106f1a1	ofl/cardo/OFL.txt	4372	ed707cdeb181c952ad85e15e1e5ad7ddff5c964f
Press Start 2P	Display	ofl/pressstart2p/PressStart2P-Regular.ttf	118204	39adf42efa597906e53be689474ac82214112124	ofl/pressstart2p/OFL.txt	4413	22796dfe6e3784d69d255b0bf253e2b16f3281de
Noto Sans Devanagari	Sans Serif	ofl/notosansdevanagari/NotoSansDevanagari[wdth,wght].ttf	641944	163f04bddc5a96fc523e4080466cac5c588f6594	ofl/notosansdevanagari/OFL.txt	4386	cd2cc5c94b4151933eba6ee508e3975274d6fa07
Delius	Handwriting	ofl/delius/Delius-Regular.ttf	77488	1564fde4878cb417568a9c8781329ec386802974	ofl/delius/OFL.txt	4500	5905a5a28c0ca8d83857a0b0b363336003d7ac61
DM Serif Text	Serif	ofl/dmseriftext/DMSerifText-Regular.ttf	78376	a8adbe2a9b66c477841e52fd69c96934263f0873	ofl/dmseriftext/OFL.txt	4605	be384f0ec9b54c6fed236106d3f6dfa029780b1b
Noto Naskh Arabic	Serif	ofl/notonaskharabic/NotoNaskhArabic[wght].ttf	307592	a8d2867262dc7bb28492ad746de5d56235735c8b	ofl/notonaskharabic/OFL.txt	4382	d4e170557fc8bcf8d1dcb317d9f1accaf8acf223
Baskervville	Serif	ofl/baskervville/Baskervville[wght].ttf	140076	2238b4121cc4805b286aa1ef404098f62e772699	ofl/baskervville/OFL.txt	4401	8190b39d702997d3ed2a7b9fa002bf3abc99e465
Alegreya	Serif	ofl/alegreya/Alegreya[wght].ttf	425288	af2b22024311daaa15ec4ab879bd67f790abb9f1	ofl/alegreya/OFL.txt	4395	1a25b6d8a7f84147962200321d2ffa75b960b9af
Hammersmith One	Sans Serif	ofl/hammersmithone/HammersmithOne-Regular.ttf	102884	17aca8bd95bc493f6ff6c1859402baabe890196e	ofl/hammersmithone/OFL.txt	4401	a50c8725da4723fe2e851ef767fc72ded78735bf
Prata	Serif	ofl/prata/Prata-Regular.ttf	101284	6c0e862cdb2c2409546fb2c42a709319db43f538	ofl/prata/OFL.txt	4476	08d5c60ccb7ace797ec571aaf3da45da9e9259f3
Andada Pro	Serif	ofl/andadapro/AndadaPro[wght].ttf	271784	3b23defde4760dcca210a24b2fbc7d4216b83e48	ofl/andadapro/OFL.txt	4396	1a0830b4a0e9a0fcc28df9ab5dc030f404e8f8b8
Montserrat Alternates	Sans Serif	ofl/montserratalternates/MontserratAlternates-Regular.ttf	215068	1930e0e078d9071ca74414a19d5da30fe745710f	ofl/montserratalternates/OFL.txt	4392	f435ed8b5e8e747333eee3a0382b35621430ef2b
Hind Madurai	Sans Serif	ofl/hindmadurai/HindMadurai-Regular.ttf	136868	c95c84dc86ff25446a33ee6480847ddc5da58735	ofl/hindmadurai/OFL.txt	4371	ccd22d7afee4a45d0007489e9232ed51fb3c3f4a
Yellowtail	Handwriting	apache/yellowtail/Yellowtail-Regular.ttf	62216	08bd0efc03dc0238d0e85e311c460746d54868a5	apache/yellowtail/LICENSE.txt	11358	d645695673349e3947e8e5ae42332d0ac3164cd7
Creepster	Display	ofl/creepster/Creepster-Regular.ttf	62724	668c59cf43b545294b1fd778ee0cd0f4e18cd02c	ofl/creepster/OFL.txt	4399	92bc9bee87bafcb1a3ccc6854ba98683411ae7e0
Readex Pro	Sans Serif	ofl/readexpro/ReadexPro[HEXP,wght].ttf	278544	563b89d182a98521152f7d5fc904bd646b058880	ofl/readexpro/OFL.txt	4444	7e8df7db0e45a02b3d4828f9190b9c184c7b6a8a
Aleo	Serif	ofl/aleo/Aleo[wght].ttf	149360	911249272b7a39a3919d7332a10ec09984fbab3d	ofl/aleo/OFL.txt	4383	794aedd0106d1e1a444df18ed3478271e8ce13c0
Golos Text	Sans Serif	ofl/golostext/GolosText[wght].ttf	184292	05ee5ecc570b97818e24e58693662cd8294fdfc9	ofl/golostext/OFL.txt	4394	4db2dc99dd31ec2dd9655d3b71565a9959394ab1
Quantico	Sans Serif	ofl/quantico/Quantico-Regular.ttf	20940	324c2efd92dd1f6f012fad52fb5c9020ebf3a51a	ofl/quantico/OFL.txt	4422	79305901bf0515272291251b764a08171635a53f
Chivo	Sans Serif	ofl/chivo/Chivo[wght].ttf	160636	ed0990edcf472d26cf6cf95d3574d7b5e85d0093	ofl/chivo/OFL.txt	4385	4e5e18cc08ec70f44a65bcdc8bebbb466cdd8012
Courgette	Handwriting	ofl/courgette/Courgette-Regular.ttf	122072	433766b8c8c3d53cb9619c11df48521dfe509fdf	ofl/courgette/OFL.txt	4399	00cac9eb58463ef5257de01353644185f8edcf41
Fugaz One	Display	ofl/fugazone/FugazOne-Regular.ttf	27868	326a09875cf0b6e897751135ae0ea94cc6199959	ofl/fugazone/OFL.txt	4409	2f41a6fbc3b6c807acf5ca65016548cc01919a58
Amatic SC	Handwriting	ofl/amaticsc/AmaticSC-Regular.ttf	151624	fc4c36261a275277319a548a8f395ccc3b79f004	ofl/amaticsc/OFL.txt	4390	f77af8218e0c0e043eaaa3ba68de617c0aac1559
Russo One	Sans Serif	ofl/russoone/RussoOne-Regular.ttf	39124	ba837270804167268bcd395a8a063ac26a77b72c	ofl/russoone/OFL.txt	4390	7a9a50091e7b1a84aa9253c4920a3d339cc00478
Rowdies	Display	ofl/rowdies/Rowdies-Regular.ttf	76352	49cdaf3ae41aa83585c92b34ddabe519a345124f	ofl/rowdies/OFL.txt	4384	f51da0012cdd91234eaabec790e00cdd7ef42b3e
Tenor Sans	Sans Serif	ofl/tenorsans/TenorSans-Regular.ttf	131896	5b63bb960e56995c11f4048bc03037f24c539346	ofl/tenorsans/OFL.txt	4413	976852608ac7785b677a7bce74643895fc25780a
Paytone One	Sans Serif	ofl/paytoneone/PaytoneOne-Regular.ttf	114648	16a5df2518c50219aa9c36ad0cb32b9e50edaaf6	ofl/paytoneone/OFL.txt	4446	9337b45407d66c30a707d278d257a1bfb127241f
Gothic A1	Sans Serif	ofl/gothica1/GothicA1-Regular.ttf	2295400	f35bc30260e15fc76c97c79fbbc40d86b452c9f2	ofl/gothica1/OFL.txt	4359	6458d105fbe9bb136d6cfe0f419db092a506963f
Bangers	Display	ofl/bangers/Bangers-Regular.ttf	93148	9b0f8c1f1b45e7bb4971b7d6a8604f9aacacdd32	ofl/bangers/OFL.txt	4479	bf717d4be410cf7616b9bd345b40ab4817a26e6f
Noto Sans Display	Sans Serif	ofl/notosansdisplay/NotoSansDisplay[wdth,wght].ttf	1544512	1eb0eb1a7c009ab340990102a256f09d95741a34	ofl/notosansdisplay/OFL.txt	4350	94d1bf7b52481343e2983fb7751e8b7abe1ea07b
Audiowide	Display	ofl/audiowide/Audiowide-Regular.ttf	69916	8b50bedc0f99bcfcb5686a3dbeb5b51d1c0190d5	ofl/audiowide/OFL.txt	4430	19bb4adffab57778a892f98e9552441208896226
Special Elite	Display	apache/specialelite/SpecialElite-Regular.ttf	166180	6654876f95f11cb2b55c7c4254727ef68dbea74c	apache/specialelite/LICENSE.txt	11358	d645695673349e3947e8e5ae42332d0ac3164cd7
Libre Caslon Text	Serif	ofl/librecaslontext/LibreCaslonText[wght].ttf	126876	01377705e6bc046f6f81e86235abebb0e948ebad	ofl/librecaslontext/OFL.txt	4404	d718bc9c02ee10a8106b57025190c432875fcd2b
Acme	Sans Serif	ofl/acme/Acme-Regular.ttf	23292	e66595e175d51fa1b31a7d32a150f7737a54a77f	ofl/acme/OFL.txt	4406	0b2b6aed80251fa310c17adc1a4defb49ca4a4e8
Antic Slab	Serif	ofl/anticslab/AnticSlab-Regular.ttf	36948	c97e972195703080cfbae1488d13eede4af5cf42	ofl/anticslab/OFL.txt	4395	7d129a6204256c9f4d1ae52bbd558c4721780cd7
STIX Two Text	Serif	ofl/stixtwotext/STIXTwoText[wght].ttf	418956	65db142942c21dd5c8267798615a36de858c99e1	ofl/stixtwotext/OFL.txt	4520	4190bc7de7812f55886f062ce7cbf58f6d667796
Changa	Sans Serif	ofl/changa/Changa[wght].ttf	132140	4465666aa0a26da4a60dd114532c2710b9e1fba7	ofl/changa/OFL.txt	4388	779b226d9388541e976f55ffbda6c138d1b42c93
Kumbh Sans	Sans Serif	ofl/kumbhsans/KumbhSans[YOPQ,wght].ttf	118796	df9fce2d04d53f54686933581c76e94222274609	ofl/kumbhsans/OFL.txt	4481	678f3f2ae0626d9750bea8b5df1c52dfc28b8999
IBM Plex Sans Condensed	Sans Serif	ofl/ibmplexsanscondensed/IBMPlexSansCondensed-Regular.ttf	111236	0aa292f2954da6755b61ca9c67234e1b1e9c41d3	ofl/ibmplexsanscondensed/OFL.txt	4456	c35c4c618fab33da8695177b3a6cefe0810b7b28
Noto Nastaliq Urdu	Serif	ofl/notonastaliqurdu/NotoNastaliqUrdu[wght].ttf	690304	896bb7953039c81192d4b62a6968cae1a52bfc52	ofl/notonastaliqurdu/OFL.txt	4384	38833b0693a30ee6820edc3bf807ba7c0ab8804a
Patua One	Display	ofl/patuaone/PatuaOne-Regular.ttf	35624	25dd68f016a783b6b4aa4bb7d86bfd7f15ee9e3b	ofl/patuaone/OFL.txt	4409	c3161e153ef7c0607e1c50dd6422c9853659df37
Comic Neue	Handwriting	ofl/comicneue/ComicNeue-Regular.ttf	57248	88e9417f0e247c141adbcaa2464107d8d5b55aa1	ofl/comicneue/OFL.txt	4390	1a1fefa43bba6bb1b5a2530d780b3fa0d122cb43
Cantarell	Sans Serif	ofl/cantarell/Cantarell-Regular.ttf	43156	535b58cf27e19eb327e6c96dc35df07a744bb26c	ofl/cantarell/OFL.txt	4482	ada242555c700cc0a7e8c687057a39e6a787a26f
Oxanium	Display	ofl/oxanium/Oxanium[wght].ttf	43536	ead485c7bf517197db91ef657614ac37d8007775	ofl/oxanium/OFL.txt	4384	38913c09407f12006ade3c8391bc3ad48fadc4ee
Noticia Text	Serif	ofl/noticiatext/NoticiaText-Regular.ttf	115288	a37288f9a3464b622368f4832b781f73cf839e1a	ofl/noticiatext/OFL.txt	4407	736337013e79a528bce0914ea0f1bbc0d21db46b
Google Sans Code	Monospace	ofl/googlesanscode/GoogleSansCode[wght].ttf	126224	4b63b009b1f32a2ad99b38790d1e8e87ae7d89df	ofl/googlesanscode/OFL.txt	4396	a65b4bbe0f4a1242cc31c1d687996336dceef0eb
Noto Sans Mono	Sans Serif	ofl/notosansmono/NotoSansMono[wdth,wght].ttf	1708408	07ecc66508b893f34f09d20951039ac9c136f3b5	ofl/notosansmono/OFL.txt	4396	6843f31878c9945e1e71e1baa275546b4eefead8
Alata	Sans Serif	ofl/alata/Alata-Regular.ttf	349132	45a08960924864947920c7f126be999bfc6f781d	ofl/alata/OFL.txt	4383	a20f39194adfed49d1969bb18d96dfa00160be13
Allura	Handwriting	ofl/allura/Allura-Regular.ttf	246632	dd197a26fb5d836bedb73aead3c6fc6f4c9ca864	ofl/allura/OFL.txt	4478	e5f81cefd10af098bb6739e165d30a4a85455629
Old Standard TT	Serif	ofl/oldstandardtt/OldStandard-Regular.ttf	249668	655abd750736123c26a11c69fa2ad711a5ac22d7	ofl/oldstandardtt/OFL.txt	4373	618d209cf110925dabf2c533df818e701fa068da
Khand	Sans Serif	ofl/khand/Khand-Regular.ttf	316808	0d8e9536f19b4a9842d95b699c33b7ac40f433cb	ofl/khand/OFL.txt	4373	6dd809659a8ccace7ccee108d024d33cd4f936da
Passion One	Display	ofl/passionone/PassionOne-Regular.ttf	24940	5cc5d218755df7207e76cc48abd0338934d0f8c2	ofl/passionone/OFL.txt	4390	ec9778e430271ea46f3856d384451aa2b02b7088
Kaushan Script	Handwriting	ofl/kaushanscript/KaushanScript-Regular.ttf	210672	e69e4ac0192b8890c1d3a3aeb1df731df9de6ff6	ofl/kaushanscript/OFL.txt	4492	87a559ec5bd243c70be9b3db904140814c5d7109
Sen	Sans Serif	ofl/sen/Sen[wght].ttf	50824	e50ce09b49869e9f672640d7dd623a47fb7a9759	ofl/sen/OFL.txt	4379	2e089da0b383b34ecb0d780b592d726817c12455
Patrick Hand	Handwriting	ofl/patrickhand/PatrickHand-Regular.ttf	214772	fb45ccdbd344ab7f9f4ae98792521405e48cda3e	ofl/patrickhand/OFL.txt	4376	4d5f9447f48357b6a4ac294604954b274059d119
Lexend Giga	Sans Serif	ofl/lexendgiga/LexendGiga[wght].ttf	192100	6e8d783e64041344c40b984ef42d3388596cae2d	ofl/lexendgiga/OFL.txt	4436	b1477aae6210797999bd5ad9c13bcae5fc98788b
Sawarabi Mincho	Serif	ofl/sawarabimincho/SawarabiMincho-Regular.ttf	3662996	2b0615ba87999f14718a96c7156e7e6bcc05dcf5	ofl/sawarabimincho/OFL.txt	4405	9f5aa68070654f9047aea33b4a48c47d84f7ca3c
Rubik Mono One	Sans Serif	ofl/rubikmonoone/RubikMonoOne-Regular.ttf	141088	1923947b912685017b6f8ddcca5766f322d89c29	ofl/rubikmonoone/OFL.txt	4462	7e7e709034ebad08173011538f60ccbd9ce3ce07
Commissioner	Sans Serif	ofl/commissioner/Commissioner[FLAR,VOLM,slnt,wght].ttf	742232	2ac22fba70bcf5d36052dfa604b43333b826996f	ofl/commissioner/OFL.txt	4395	eaa7c1c436f0303948dd0d6ec51cfce14bf376e8
Share Tech Mono	Monospace	ofl/sharetechmono/ShareTechMono-Regular.ttf	43272	1611474a4cc94c3cb51664597cae92a6f3c68857	ofl/sharetechmono/OFL.txt	4429	2ff09c1b7647c10aaa9c8a1eccd4970b5f1ae177
Chelsea Market	Display	ofl/chelseamarket/ChelseaMarket-Regular.ttf	172924	0885a2309a73750f47f6c995b79f278cc18b2e92	ofl/chelseamarket/OFL.txt	4397	51c1b62285581942c7388e18a61587bd947c7ab1
Sawarabi Gothic	Sans Serif	ofl/sawarabigothic/SawarabiGothic-Regular.ttf	1902848	04aa5438fc278ff2ddfce6694d0e103eade3a73a	ofl/sawarabigothic/OFL.txt	4355	d4f10224eaf10caf10c095edf63a0ff0eb316a65
Sacramento	Handwriting	ofl/sacramento/Sacramento-Regular.ttf	79696	cfd2eabc8699f40b4af3fcd82425c2e434377cd4	ofl/sacramento/OFL.txt	4431	ab66add4d8995ca32408b2098794791852644676
Gruppo	Sans Serif	ofl/gruppo/Gruppo-Regular.ttf	76204	55a407edfe048ee93a3c43dd71a1b143aa597313	ofl/gruppo/OFL.txt	4483	99a4a2cc9163ea15408c26b0b19122bc0acdfce4
Crete Round	Serif	ofl/creteround/CreteRound-Regular.ttf	59312	b99e55a16d8608380d07b7422d4d40f58ff2ae5b	ofl/creteround/OFL.txt	4413	75d6e1a486ff27d2b66254d25a2c16b5fd20de2b
Martel	Serif	ofl/martel/Martel-Regular.ttf	170196	7bd3ef19172c35f443476ce5657e1247c614ca66	ofl/martel/OFL.txt	4436	8b5d372e76d3aec70a2c8debef29f4b9c8c98c30
Nanum Gothic Coding	Handwriting	ofl/nanumgothiccoding/NanumGothicCoding-Regular.ttf	2315924	ba77a9da2b85d24e75f95c7324ca7a69f33510bc	ofl/nanumgothiccoding/OFL.txt	4534	69ff40157d0bba4c65e4ecf77564e1f01d0b02a5
Francois One	Sans Serif	ofl/francoisone/FrancoisOne-Regular.ttf	79356	6291b9854edc0e516e785fe6a0843dca7af581c6	ofl/francoisone/OFL.txt	4376	9a05c88a3401c21816594ce4b4eb556d53b2a6c0
Yantramanav	Sans Serif	ofl/yantramanav/Yantramanav-Regular.ttf	153872	d3d75ddb7819072ed30c6125ff5fa6d5c4b471f5	ofl/yantramanav/OFL.txt	4412	0d66453a908c5f487aaaee0f6bfb2b46d4da7de0
PT Sans Caption	Sans Serif	ofl/ptsanscaption/PT_Sans-Caption-Web-Regular.ttf	387192	2ec436065830eae1f32bdad0746bd75f1d794ebd	ofl/ptsanscaption/OFL.txt	4425	7b7cfbee39c52f036f5d8655431c6e4928c2df5c
Noto Sans Bengali	Sans Serif	ofl/notosansbengali/NotoSansBengali[wdth,wght].ttf	463668	25e13e26dc15c4933f8fe49c9efcda54152349db	ofl/notosansbengali/OFL.txt	4383	d11cac69316ec3d80e5aff86e4a2dba4114cca2b
Antonio	Sans Serif	ofl/antonio/Antonio[wght].ttf	74104	e30920a139fbe8709cba29163b805b44f0a9876a	ofl/antonio/OFL.txt	4484	a218f7904561c3270701d07b60541a2ceefbab82
Quattrocento	Serif	ofl/quattrocento/Quattrocento-Regular.ttf	158200	bbc67b027e7fd501e0f3ce18d773f5e334c4bf93	ofl/quattrocento/OFL.txt	4549	84b423d27d10f4f6109c912abb35db4faa0e6d72
VT323	Monospace	ofl/vt323/VT323-Regular.ttf	153116	afa69098f15bf64849d397f133d9467486904053	ofl/vt323/OFL.txt	4367	bcb092f7e62f6e0455177e95e75cf8a6b822911f
Philosopher	Sans Serif	ofl/philosopher/Philosopher-Regular.ttf	111676	cec1b938c0ce77e6ef12ec0bd0ca4748965a9be7	ofl/philosopher/OFL.txt	4393	1c8aca9309c1f203caecfd73b211eb41ca4a40a5
Alexandria	Sans Serif	ofl/alexandria/Alexandria[wght].ttf	332488	2c6c226dc74899321d4939f32d55f6acb97a59b2	ofl/alexandria/OFL.txt	4483	bf71099c5ad317e98b0502cfb92eb3e8401d5bd6
Libre Barcode 39	Display	ofl/librebarcode39/LibreBarcode39-Regular.ttf	14800	82b173a2d14bfc935894427f75cfd41fd4ecd95c	ofl/librebarcode39/OFL.txt	4402	54028f3548d8a596a97286b7524558dbe1fb8e0e
Sofia Sans Condensed	Sans Serif	ofl/sofiasanscondensed/SofiaSansCondensed[wght].ttf	346828	6e61d7fa5bd14694375a3bcf6ee26ac77b419889	ofl/sofiasanscondensed/OFL.txt	4393	26ff1f5c27baef694a89e58f8f47c6209346eacd
Unna	Serif	ofl/unna/Unna-Regular.ttf	71164	2538f2c741aa7b6507646eb37c3a1a91fbbb182c	ofl/unna/OFL.txt	4368	b4314cd44f070c060e4cc37fd3ca65dca5c9898f
Didact Gothic	Sans Serif	ofl/didactgothic/DidactGothic-Regular.ttf	194200	62bdba3d228333644a2d184d9fe95c999bce796b	ofl/didactgothic/OFL.txt	4379	ae44e1aa8951758381b5493129fd221fc300c0c7
Radio Canada	Sans Serif	ofl/radiocanada/RadioCanada[wdth,wght].ttf	455656	c89e816d2acd179d5368cc64d10abecdabd91ab3	ofl/radiocanada/OFL.txt	4396	211e0bd294f80faadc20522c4ecf2ec06c14180f
Dela Gothic One	Display	ofl/delagothicone/DelaGothicOne-Regular.ttf	2508848	258f93526667223b6fd9476258d42ace60c7bfd6	ofl/delagothicone/OFL.txt	4392	87fae845f60599624117220cf9477a0eca0785c2
Ubuntu Condensed	Sans Serif	ufl/ubuntucondensed/UbuntuCondensed-Regular.ttf	350444	602a3ee4ab20743037eee6daa1b304fa680967b6	ufl/ubuntucondensed/LICENCE.txt	4673	ae78a8f94eae372cb1ca4e14b67244342fce604e
Neuton	Serif	ofl/neuton/Neuton-Regular.ttf	64628	3abe95222fdb15483fb49bb97f3291dc1ee492a6	ofl/neuton/OFL.txt	4405	4351c7d3df7a97bfae5bd90c382e5578bbaba211
Gilda Display	Serif	ofl/gildadisplay/GildaDisplay-Regular.ttf	68020	05f7ca2bd352fc0955d5c9c370be8b9ed59c08bb	ofl/gildadisplay/OFL.txt	4428	e9d06c3ab32bb1d519d3b3d76bfbb69e7a36688c
Racing Sans One	Display	ofl/racingsansone/RacingSansOne-Regular.ttf	145796	bbd337e1b6a81716effbb36a7e986aedbd019da1	ofl/racingsansone/OFL.txt	4573	94dcbc36716eacf4b3f9498989f6a371fbba0248
Poiret One	Display	ofl/poiretone/PoiretOne-Regular.ttf	130176	928f628f66e4bd32d1a7de297150292723f439cb	ofl/poiretone/OFL.txt	4389	a8baa0faef18d90b149399975afc70d42e796064
Advent Pro	Sans Serif	ofl/adventpro/AdventPro[wdth,wght].ttf	248348	07fd76502033e72543f8ced5e8a3e81ce3a9a38b	ofl/adventpro/OFL.txt	4483	af31ba40f254bacd2eee5866da2829aece06f28a
Gloria Hallelujah	Handwriting	ofl/gloriahallelujah/GloriaHallelujah.ttf	59812	6382747e830a1299fc7c9b1888572bc8f6a25daa	ofl/gloriahallelujah/OFL.txt	4362	06117d9dfe08e8ac9818115cc1898c05a197c27f
Rokkitt	Serif	ofl/rokkitt/Rokkitt[wght].ttf	133344	689edc470718a4d1dec4598435d772157e6bd18a	ofl/rokkitt/OFL.txt	4483	ba0ed69158780de4ecd4994b095ba115d6c2a941
Gabarito	Display	ofl/gabarito/Gabarito[wght].ttf	158144	f048f3b6527b2aff1adb92bd682acb1d8adcdc9c	ofl/gabarito/OFL.txt	4391	b3fef63ddc518006d477f3ad102eb0c8fec09bb2
Josefin Slab	Serif	ofl/josefinslab/JosefinSlab[wght].ttf	48792	6b8b3168785e667f3c20ada7fb84fc0333367ae5	ofl/josefinslab/OFL.txt	4578	fee5b416f8cf971995552b3f80a621254946e702
PT Mono	Monospace	ofl/ptmono/PTM55FT.ttf	185912	f580123617dbf5c57488185920a8184fa64bf780	ofl/ptmono/OFL.txt	4448	2e078d089d7c8f39a585dc490a8587f21576be2e
Encode Sans Condensed	Sans Serif	ofl/encodesanscondensed/EncodeSansCondensed-Regular.ttf	168396	f587bc30e56da1877c755bcdb1d81a8d6ef26ec1	ofl/encodesanscondensed/OFL.txt	4502	85ef5d0bd1fffe7b1918b19c96266ea7634be721
Playball	Display	ofl/playball/Playball-Regular.ttf	190720	355501fa89dc8ea861d46acce04152358efdf9fa	ofl/playball/OFL.txt	4482	f83539909d31bc6cc081ca5cc1333e3c73590624
Alex Brush	Handwriting	ofl/alexbrush/AlexBrush-Regular.ttf	116244	8b36aaac645aa1691f0efbf128799d1de86cd943	ofl/alexbrush/OFL.txt	4489	b596b96b81a244ded88e131d8d5edc68967b129d
Kosugi Maru	Sans Serif	apache/kosugimaru/KosugiMaru-Regular.ttf	3565716	bc2c935463067d87087791ad22ed10b444fc8ceb	apache/kosugimaru/LICENSE.txt	11358	d645695673349e3947e8e5ae42332d0ac3164cd7
Signika Negative	Sans Serif	ofl/signikanegative/SignikaNegative[wght].ttf	428416	e64f7e366a40f040b490b8e6070d6098d5627cf7	ofl/signikanegative/OFL.txt	4388	1a88f510a0dfe429bd470295982ba74b9089dd7d
Bai Jamjuree	Sans Serif	ofl/baijamjuree/BaiJamjuree-Regular.ttf	82112	679cfb42f02d92562a5bf9806063f51914999937	ofl/baijamjuree/OFL.txt	4377	ceafda70ef5bd90f37500688ba5b9ae62bca295f
Pinyon Script	Handwriting	ofl/pinyonscript/PinyonScript-Regular.ttf	151412	fb2458f7cdd09cffdcf6b8008617fc9d203ff04c	ofl/pinyonscript/OFL.txt	4384	75bbb4792e1403280ce87cbcd7de0c7ea6ceccf2
Homemade Apple	Handwriting	apache/homemadeapple/HomemadeApple-Regular.ttf	110004	bea3c3094de8340f5287e40ef84fe7f670e06f2e	apache/homemadeapple/LICENSE.txt	11358	d645695673349e3947e8e5ae42332d0ac3164cd7
Eczar	Serif	ofl/eczar/Eczar[wght].ttf	407304	75594361beb11f2b6b6a7522935752a833245663	ofl/eczar/OFL.txt	4384	7663c2ecf03000192792e093d267b3e9c79ae12b
El Messiri	Sans Serif	ofl/elmessiri/ElMessiri[wght].ttf	138664	37a6eeec808d14f751872edbfe6129a644c689ed	ofl/elmessiri/OFL.txt	4390	91557d693f733118bb254975d030e4ef3247b2d5
Vazirmatn	Sans Serif	ofl/vazirmatn/Vazirmatn[wght].ttf	241328	b02ceb054d5f1f9ac563e79248ce1bf8e35d60ca	ofl/vazirmatn/OFL.txt	4391	be66b3824e9772e75141e631695c5256f105fb57
Architects Daughter	Handwriting	ofl/architectsdaughter/ArchitectsDaughter-Regular.ttf	43352	d0d88ba0cbf5dcceac4791721becd4d75e64c31f	ofl/architectsdaughter/OFL.txt	4362	06117d9dfe08e8ac9818115cc1898c05a197c27f
Cutive Mono	Monospace	ofl/cutivemono/CutiveMono-Regular.ttf	80004	dd7c2474d901c22fa035c586c9a92d1b9e51b8a8	ofl/cutivemono/OFL.txt	4390	ef10074fa69eefe916989d2753cb4dd8028ba451
Krub	Sans Serif	ofl/krub/Krub-Regular.ttf	89912	d598a875ddc5956b06040c468519b2e629b8ba2b	ofl/krub/OFL.txt	4381	224f417a10f59aaad95624df260c8edead5af06d
Playfair Display SC	Serif	ofl/playfairdisplaysc/PlayfairDisplaySC-Regular.ttf	201772	bcfdf14b295e24ec9d8ade4be7619a403336ee0e	ofl/playfairdisplaysc/OFL.txt	4542	31d65e67f17cca0dbe853b28c8224bc4cdec7ce9
Istok Web	Sans Serif	ofl/istokweb/IstokWeb-Regular.ttf	315392	f9cb09c8a5e98ee97fb95cac12e58bdec8c5cedd	ofl/istokweb/OFL.txt	4410	077c0672e635d2e3a2bc477745df558968802d58
Quattrocento Sans	Sans Serif	ofl/quattrocentosans/QuattrocentoSans-Regular.ttf	98340	2cde4db88d5beeb8d279da1f8309bdbd3abfbfca	ofl/quattrocentosans/OFL.txt	4554	8b6ad4d0c69a7addd8573770449be2ac0d9245db
Tangerine	Handwriting	ofl/tangerine/Tangerine-Regular.ttf	60648	669929e051d8e8aab12defbe57ccb0418712827d	ofl/tangerine/OFL.txt	4354	a2b3e8f6e14ff29a351032c7577614d6c73cb7a0
Rammetto One	Display	ofl/rammettoone/RammettoOne-Regular.ttf	69392	ff686441044f417cb7568eec3ac8299759f16c5d	ofl/rammettoone/OFL.txt	4429	035fdde7057f26b6842655f103d4fe63a806ee64
Asap Condensed	Sans Serif	ofl/asapcondensed/AsapCondensed-Regular.ttf	110332	3d97f0df87b0c024770d55680a5ae6e4174a6285	ofl/asapcondensed/OFL.txt	4383	4497ef281d9e13e025318bcd10aa3ca18396c259
Saira Semi Condensed	Sans Serif	ofl/sairasemicondensed/SairaSemiCondensed-Regular.ttf	95184	62eb1e231bbee3e408e098ddef19b5239c7b35e6	ofl/sairasemicondensed/OFL.txt	4403	c8129c7dd7ee999c6c30a1e2688c1b316e771444
Forum	Display	ofl/forum/Forum-Regular.ttf	303316	961dffbbcc699392519a525e13df9a652ae33f1a	ofl/forum/OFL.txt	4399	468795ec6381e10ac31b6bb7e62d361344e8c701
Cookie	Handwriting	ofl/cookie/Cookie-Regular.ttf	43800	59d62df8c13b00087ebb3fc0c56aea6f2b6fe324	ofl/cookie/OFL.txt	4392	f576def672ad3e9e4e5ec94e6821d86cccfc202f
Amaranth	Sans Serif	ofl/amaranth/Amaranth-Regular.ttf	79036	0a5736fc742a0b5206e7aae0dac82c1c6221cada	ofl/amaranth/OFL.txt	4482	6ee78abe62e1a22766f3a3816082c6b68d8bf141
Fustat	Sans Serif	ofl/fustat/Fustat[wght].ttf	172620	8a2f088eac3e9f8b58d670ebbdcbaf0cd06314df	ofl/fustat/OFL.txt	4391	7aefbd86195e7e93397d3cfce31be706b4323c11
Vidaloka	Serif	ofl/vidaloka/Vidaloka-Regular.ttf	135540	618bbc3129621f126fe4042b3e649d8d85269957	ofl/vidaloka/OFL.txt	4384	3a3cc4b59bb72fde5c1dca2d9338bcc46bcaf08c
Sorts Mill Goudy	Serif	ofl/sortsmillgoudy/SortsMillGoudy-Regular.ttf	121372	345593c0ae9562ff057049ff2458e7df49b37542	ofl/sortsmillgoudy/OFL.txt	4372	cb4e88cc3610eacec77c7e414795b2abccef42db
Ubuntu Mono	Monospace	ufl/ubuntumono/UbuntuMono-Regular.ttf	205748	fdd309d716629f4e5339d5e5508225ed857a3ede	ufl/ubuntumono/LICENCE.txt	4673	ae78a8f94eae372cb1ca4e14b67244342fce604e
Saira Extra Condensed	Sans Serif	ofl/sairaextracondensed/SairaExtraCondensed-Regular.ttf	95428	4d6b3907418c3745cb13e1443a338a811f055cc3	ofl/sairaextracondensed/OFL.txt	4403	c8129c7dd7ee999c6c30a1e2688c1b316e771444
Damion	Handwriting	ofl/damion/Damion-Regular.ttf	75756	0b1d19579730975d08ecf1e40dcb7e7d3ce8fd23	ofl/damion/OFL.txt	4483	0c10367900dd5a0912e42423f701801cc2e434af
Staatliches	Display	ofl/staatliches/Staatliches-Regular.ttf	63316	9795b3a5734975b4d88fb24b2e3661f52ab1e498	ofl/staatliches/OFL.txt	4386	38df293632032a5a5e06a357c16fcd3c6211d3c3
Radio Canada Big	Sans Serif	ofl/radiocanadabig/RadioCanadaBig[wght].ttf	73276	a8e60a6e2901596c3628eaacf16f70d2a5863583	ofl/radiocanadabig/OFL.txt	4408	61da14badbacd4903952a2ff1874ea5c757967f9
Noto Sans Hebrew	Sans Serif	ofl/notosanshebrew/NotoSansHebrew[wdth,wght].ttf	112640	f31f73b8be8086692ff0156544f80975640e5a42	ofl/notosanshebrew/OFL.txt	4382	56662b6243717dbe8acee6d87c3f0e795f9c4295
IBM Plex Sans Thai	Sans Serif	ofl/ibmplexsansthai/IBMPlexSansThai-Regular.ttf	116004	e87be6355cab4f9acd40044264ba2c3aec316935	ofl/ibmplexsansthai/OFL.txt	4456	c35c4c618fab33da8695177b3a6cefe0810b7b28
Mitr	Sans Serif	ofl/mitr/Mitr-Regular.ttf	222416	260fb193b904189416e7a3dbe74a6e5599209161	ofl/mitr/OFL.txt	4382	c6e4f5ed7abd372edd6bbf630cc681bca294b36c
Concert One	Display	ofl/concertone/ConcertOne-Regular.ttf	71028	bd70d075e6e906c509597b6c54631f3e6566ca5f	ofl/concertone/OFL.txt	4473	6b3c3f0de3a3e325ee4ef983588158555e1906a9
Cinzel Decorative	Display	ofl/cinzeldecorative/CinzelDecorative-Regular.ttf	60408	2308d3465b2363164b4a7ee58b1a107fa7a90ff2	ofl/cinzeldecorative/OFL.txt	4393	efe1168f1c8de9d560f84355f9b8d699536118d5
Abhaya Libre	Serif	ofl/abhayalibre/AbhayaLibre-Regular.ttf	555376	91092a90cd3a572aa669b1fe98084f4623572f6c	ofl/abhayalibre/OFL.txt	4404	f6cb30178c35686653c196242c3e69aa90f9aa11
Lustria	Serif	ofl/lustria/Lustria-Regular.ttf	37400	ce9c41dc986373733bee5eeb3a3f54fcfa87c1a7	ofl/lustria/OFL.txt	4421	b530060cece4cb751a76325eadd4905a96019ef0
Pathway Gothic One	Sans Serif	ofl/pathwaygothicone/PathwayGothicOne-Regular.ttf	49944	c859843d83cf3fc71282f5b387a485e59009aa9a	ofl/pathwaygothicone/OFL.txt	4525	28d2f48ebfab50c1101cd5d63313f6b9c1cc27c7
Reenie Beanie	Handwriting	ofl/reeniebeanie/ReenieBeanie.ttf	147036	e910d08d2c3f0c19788f96f3ef5b87ee003d373e	ofl/reeniebeanie/OFL.txt	4452	aab4be8ec15e9cf02c730cc0427c537974e87715
Biryani	Sans Serif	ofl/biryani/Biryani-Regular.ttf	179936	2a7e85da3c26308812eb064e2ebdca80ba82e57b	ofl/biryani/OFL.txt	4372	7e60df4415687dd3d3051e7d0bd956a605615373
Michroma	Sans Serif	ofl/michroma/Michroma-Regular.ttf	64344	59e8c534349962143f45b48152f80524fe9045bc	ofl/michroma/OFL.txt	4395	2d0610cd97822b7b638c99f6e089ce664954de00
Italianno	Handwriting	ofl/italianno/Italianno-Regular.ttf	223708	dd0c5fc04ee97228e65872a1fc590ef313428426	ofl/italianno/OFL.txt	4483	d0e0f7b4d071efd650d12d009f7dea59b8a2c81a
Yeseva One	Display	ofl/yesevaone/YesevaOne-Regular.ttf	108016	8c22da37c23bd976e696575a5cb223b88909a2fe	ofl/yesevaone/OFL.txt	4405	85500ea3ad2b1b07c776723517ff627cd233af5b
Berkshire Swash	Handwriting	ofl/berkshireswash/BerkshireSwash-Regular.ttf	58400	0b673f442bdb6faacc40de90f36808a38acd2b08	ofl/berkshireswash/OFL.txt	4438	11cf3dd49a0a73b45fc4c481f444cacd71136514
Gelasio	Serif	ofl/gelasio/Gelasio[wght].ttf	168556	23711d2fa49ab8c60301f8fd718cc10614db693a	ofl/gelasio/OFL.txt	4387	5c337072532b3a97a06350323afb30d2e91b502a
Volkhov	Serif	ofl/volkhov/Volkhov-Regular.ttf	112276	bace04b84ec2cc7683129e885873f8ca8b1bfa81	ofl/volkhov/OFL.txt	4383	f9b206ae26464c509499044c9f34163782ecf4e4
Goldman	Display	ofl/goldman/Goldman-Regular.ttf	77956	0c60810588c9863a25aadc524df7441fbdf6204c	ofl/goldman/OFL.txt	4387	7f0912f60d7da9e49dab289358a6730296497a34
Libre Bodoni	Serif	ofl/librebodoni/LibreBodoni[wght].ttf	112160	3ce9fb31d40ed928ed8f841f253ffb99332eea17	ofl/librebodoni/OFL.txt	4492	f5c5ae5d0581594495d425b5c3dae43b48e1ca17
Actor	Sans Serif	ofl/actor/Actor-Regular.ttf	64944	f63387cb6ec20d216eb5520ce5ac2110ec2cc89a	ofl/actor/OFL.txt	4407	8782abad97e439e5e7a9b276f6cdcb32ae09242c
Cormorant Infant	Serif	ofl/cormorantinfant/CormorantInfant[wght].ttf	1174156	730de4f57be13167cf36c8a157fb9b366dc0c300	ofl/cormorantinfant/OFL.txt	4387	507d70f4565352dbfcf2dfc9b42eb092b57c0be8
Monda	Sans Serif	ofl/monda/Monda[wght].ttf	167284	458b865a31ecab97ff4de4726ca458092ce386e5	ofl/monda/OFL.txt	4388	4a58f717502192a011a51f111ab3074999878b8a
Lalezar	Sans Serif	ofl/lalezar/Lalezar-Regular.ttf	290016	b4dfd64d62313abebd2e6a0fef81412ab231f045	ofl/lalezar/OFL.txt	4383	7f8e10fe7cd444340186b92554c77b8b9e9083dd
Noto Sans Malayalam	Sans Serif	ofl/notosansmalayalam/NotoSansMalayalam[wdth,wght].ttf	504204	3a9a05e57c1567114386422a987280f4ff10f6fd	ofl/notosansmalayalam/OFL.txt	4385	3fe274f292a1b917ed33839f1046bc9a238f4c17
Arsenal	Sans Serif	ofl/arsenal/Arsenal-Regular.ttf	194396	49da39c71a5226ee81a373dad74afa2c890dd35c	ofl/arsenal/OFL.txt	4372	f8f31081d314a8615268d6aa7f92619ee7a21277
Nanum Pen Script	Handwriting	ofl/nanumpenscript/NanumPenScript-Regular.ttf	3201664	565747d0573126bb057d0675151c894bf019d7a5	ofl/nanumpenscript/OFL.txt	4534	69ff40157d0bba4c65e4ecf77564e1f01d0b02a5
Sofia Sans Extra Condensed	Sans Serif	ofl/sofiasansextracondensed/SofiaSansExtraCondensed[wght].ttf	345304	441286a233d0db51437d6f7bd071d05cfcd74ba1	ofl/sofiasansextracondensed/OFL.txt	4393	26ff1f5c27baef694a89e58f8f47c6209346eacd
Lusitana	Serif	ofl/lusitana/Lusitana-Regular.ttf	30188	5a8eccae8ab6bfe0ba3f7fcc0ca17829c649dd8e	ofl/lusitana/OFL.txt	4412	2805a77ecaa15096c2b535e8bcd602b22277fe91
Parisienne	Handwriting	ofl/parisienne/Parisienne-Regular.ttf	61248	ef2db74405c54336aab8add251e8ad9948b6c2d3	ofl/parisienne/OFL.txt	4433	6f4c72d06b5ff3cb1ad98b0f4b5147e90d638c5f
Hind Guntur	Sans Serif	ofl/hindguntur/HindGuntur-Regular.ttf	322564	620ffca0a1ee2681d11080d010dd52ad24d5acb0	ofl/hindguntur/OFL.txt	4371	ccd22d7afee4a45d0007489e9232ed51fb3c3f4a
Petrona	Serif	ofl/petrona/Petrona[wght].ttf	218572	f68f2ac3ee40b478120b7604846791d37f73f32c	ofl/petrona/OFL.txt	4387	fe402b9154b6ebe986999793429d842b2f35764e
Pirata One	Display	ofl/pirataone/PirataOne-Regular.ttf	56316	fadd34f3634d524a4f1ec6295c3ca273ed1db7d5	ofl/pirataone/OFL.txt	4427	95567022273df256dff774d71cfec7ff7db639ca
Nothing You Could Do	Handwriting	ofl/nothingyoucoulddo/NothingYouCouldDo.ttf	34920	5ff49fb944e0df19d6a68dea53d2c43c69141e77	ofl/nothingyoucoulddo/OFL.txt	4362	06117d9dfe08e8ac9818115cc1898c05a197c27f
Merienda	Handwriting	ofl/merienda/Merienda[wght].ttf	226360	230b62584aeaf88d905d84ff3e34f8211f4c4c19	ofl/merienda/OFL.txt	4514	5a861ca450a6b0fcd86f5aa9ebf8012759c81795
Atkinson Hyperlegible Next	Sans Serif	ofl/atkinsonhyperlegiblenext/AtkinsonHyperlegibleNext[wght].ttf	114552	92a357554bdcca62a7e80d5e3724bf4eb8932e5e	ofl/atkinsonhyperlegiblenext/OFL.txt	4431	88955733b80000358ef3e5521f3369b276e066a9
Caveat Brush	Handwriting	ofl/caveatbrush/CaveatBrush-Regular.ttf	295568	fa60b5653e7607d77a16896a41bac5dba0573b12	ofl/caveatbrush/OFL.txt	4444	25cc0c2166fd4be442306589cc479aa4c027e9a1
Andika	Sans Serif	ofl/andika/Andika-Regular.ttf	669828	47575ffc09672d1bca84e9f4b934efa4c3fcb706	ofl/andika/OFL.txt	4506	dc490e60ae2f4877b5cb2532b925a3ac7584c05a
Syncopate	Sans Serif	apache/syncopate/Syncopate-Regular.ttf	174132	a1fbf3f34a8359953432674c7805fba452358fc2	apache/syncopate/LICENSE.txt	11358	d645695673349e3947e8e5ae42332d0ac3164cd7
Pangolin	Handwriting	ofl/pangolin/Pangolin-Regular.ttf	593408	13945d31bcf72a03af53879e20550fbadf9e6aef	ofl/pangolin/OFL.txt	4389	0aacf657a66c1812b15cfc01db062da8f8830476
Rye	Display	ofl/rye/Rye-Regular.ttf	183244	f539f0960133f00d4ad13d06bd58891130ca555a	ofl/rye/OFL.txt	4393	e9c1c5aa564f5a3bfbcf898acc7f857afcc2658c
Host Grotesk	Sans Serif	ofl/hostgrotesk/HostGrotesk[wght].ttf	81784	25174036d06c95274f77cb85c157564aaabd6e35	ofl/hostgrotesk/OFL.txt	4398	058e7cdd2b6cab179224ccd28ecf7f1d62be2ffe
GFS Didot	Serif	ofl/gfsdidot/GFSDidot-Regular.ttf	191168	4e771c995cc09c2a994c77b93568a2d1f4c1ded7	ofl/gfsdidot/OFL.txt	4543	46a35000edf11c31d1a2b5d2c0ae85ddaf5ba7ee
Belleza	Sans Serif	ofl/belleza/Belleza-Regular.ttf	55696	8bf067e1060f6e1e7b72e1eac121c459f1c30d8e	ofl/belleza/OFL.txt	4476	ac0c6d845a3f27dad528412cbd120e2d8a469e31
Handlee	Handwriting	ofl/handlee/Handlee-Regular.ttf	39132	02a94e14f721c60f0c4fd309eedfe4a4d8dbbf60	ofl/handlee/OFL.txt	4418	85a004090263a1b45f67bab25cf998a4ac2f878d
Fira Mono	Monospace	ofl/firamono/FiraMono-Regular.ttf	174596	558bb75d35fdf1e6105142bd6e7de1193f1feff7	ofl/firamono/OFL.txt	4371	c4fe8451cc14ed47798b092557ccf2806a883eff
Noto Serif Display	Serif	ofl/notoserifdisplay/NotoSerifDisplay[wdth,wght].ttf	1835176	aaf1b30b37be2a157879524a5b352a24a21ca0df	ofl/notoserifdisplay/OFL.txt	4350	94d1bf7b52481343e2983fb7751e8b7abe1ea07b
Noto Sans Myanmar	Sans Serif	ofl/notosansmyanmar/NotoSansMyanmar[wdth,wght].ttf	784832	a7af8e405d24076f2930c0840523110b3236560b	ofl/notosansmyanmar/OFL.txt	4383	c94c47416f38b8ddec9f3fbc9e0241998d7823dc
Comic Relief	Display	ofl/comicrelief/ComicRelief-Regular.ttf	80324	89bf0faafd3e901f11a5468b2b6bc89b20eb48c1	ofl/comicrelief/OFL.txt	4396	be3ee64f6bd8a7e7a63b43b75796f97ae62933c3
Besley	Serif	ofl/besley/Besley[wght].ttf	108640	46327ce0943d306da51d2162faf3b5a8b775c431	ofl/besley/OFL.txt	4393	38e4190401b2d5cd307c9c6d0d432d8b92fb901b
Rock Salt	Handwriting	apache/rocksalt/RockSalt-Regular.ttf	124372	b03735183d767b51b69fa97c70ad0e2eb43dbafa	apache/rocksalt/LICENSE.txt	11358	d645695673349e3947e8e5ae42332d0ac3164cd7
Cuprum	Sans Serif	ofl/cuprum/Cuprum[wght].ttf	84324	df9fe4d6eb1adea36251b7e3505bfd3d1550709f	ofl/cuprum/OFL.txt	4508	29fd589e32e1ac01efa87d292e4a1713135e04a6
Black Han Sans	Sans Serif	ofl/blackhansans/BlackHanSans-Regular.ttf	998424	e0d7584294610df5ca721096e03a5c0b1dd2894e	ofl/blackhansans/OFL.txt	4399	3b9b3c49bf1734861e5fc0840e2539a33b82a92b
Leckerli One	Handwriting	ofl/leckerlione/LeckerliOne-Regular.ttf	43212	2295d297a1f67a18872ec7e9810379d764c2df60	ofl/leckerlione/OFL.txt	4413	6be88a5036d6ca03228b6d5082324d6eadee2cc4
Carlito	Sans Serif	ofl/carlito/Carlito-Regular.ttf	628032	427b95989fee609ab683d800ad00e22a4b14ecad	ofl/carlito/OFL.txt	4424	8d6b170e4d9a5580a34471dc4ac3e8fc5fbbd712
Mrs Saint Delafield	Handwriting	ofl/mrssaintdelafield/MrsSaintDelafield-Regular.ttf	49140	e290645d06f1ee78bfe9ef2e04a6c6b5365aa43c	ofl/mrssaintdelafield/OFL.txt	4409	e7178285264278bddd5e1cac2928eb1811fe7559
Jua	Sans Serif	ofl/jua/Jua-Regular.ttf	2119352	b2ac41e5b128d1455f3b49262a10a795f09f66d7	ofl/jua/OFL.txt	4342	6971a3e6ab90b9265e1d84351a1b4d9cd24c5b4c
Limelight	Display	ofl/limelight/Limelight-Regular.ttf	132292	879e7f9d7a6240defbc5ecf97cd819905ef0c242	ofl/limelight/OFL.txt	4399	8f51d06486c9c3048b8c8b0a64028a428a2aa186
Blinker	Sans Serif	ofl/blinker/Blinker-Regular.ttf	74532	dc993385048784f568b7ab1faa62c271da4ef5ea	ofl/blinker/OFL.txt	4389	6738cca46da10322e196e5713781bbb3bbf60547
Georama	Sans Serif	ofl/georama/Georama[wdth,wght].ttf	443524	8210280e4294a5dccb61772acc3f9fef5ee2af34	ofl/georama/OFL.txt	4389	1c676abd4ac9283c41ebb2c3d0487ea398ce1c80
Anonymous Pro	Monospace	ofl/anonymouspro/AnonymousPro-Regular.ttf	158100	7b83f30f3839ad3d9032eb71a0acbd0a4a04e98f	ofl/anonymouspro/OFL.txt	4521	68d1d00550fb9d708e266171e4f67e73c8ae0199
Pixelify Sans	Display	ofl/pixelifysans/PixelifySans[wght].ttf	79160	2d7eb388ee499fbcf3e992723ec409c095640104	ofl/pixelifysans/OFL.txt	4488	6aa5bfbae9e8654b83e5fff942b9540830403022
Calistoga	Display	ofl/calistoga/Calistoga-Regular.ttf	274832	a72831b480674a141e97f9ac015f6f6f1f038916	ofl/calistoga/OFL.txt	4391	102ed144dd8f8a50ae47a5d79a8c095318a6f873
Afacad	Sans Serif	ofl/afacad/Afacad[wght].ttf	117456	73dab24d5589022732f9ff26085bcaf5088062a8	ofl/afacad/OFL.txt	4383	9ec19ca19fc0321d122a0e5d87111977346875af
Bowlby One SC	Display	ofl/bowlbyonesc/BowlbyOneSC-Regular.ttf	55200	098072dee4bd211e7133b3a8989dd6907e2df357	ofl/bowlbyonesc/OFL.txt	4433	256bd41f22019f3f63786f4766f01b6d906f211e
Unica One	Display	ofl/unicaone/UnicaOne-Regular.ttf	71872	82fd8728d4c99a860a1f4a73df05de3a03ee8d79	ofl/unicaone/OFL.txt	4383	4a9557a589c585d5110e1d11178951aa7dd69269
Mr Dafoe	Handwriting	ofl/mrdafoe/MrDafoe-Regular.ttf	47976	8df56a69dc830a3a5645b24dbec7b2c4210ea37c	ofl/mrdafoe/OFL.txt	4398	db2c8bc9eb55e5d909551f9de876f3351bd76e88
Averia Serif Libre	Display	ofl/averiaseriflibre/AveriaSerifLibre-Regular.ttf	109948	c9f3314b283366935ca156d1d8586ebd87290fa4	ofl/averiaseriflibre/OFL.txt	4402	fa2654e22930639a2c8fe02b20172211a23691fa
Alice	Serif	ofl/alice/Alice-Regular.ttf	129200	68cce218303ef8b5f48b9a15d5199c3608961c4c	ofl/alice/OFL.txt	4477	f83cf720cd595a44bf33a2376bb8471bd379df1c
Mada	Sans Serif	ofl/mada/Mada[wght].ttf	181408	2fa3d7ea7f2a8879caa0a69b4a6ae4294d13b7c2	ofl/mada/OFL.txt	4419	c35ca15fc30ed585b77e3d3856288859efbd403a
Varela	Sans Serif	ofl/varela/Varela-Regular.ttf	188240	4cc5d64995987c1338afc3539c11f1cb69ea17e4	ofl/varela/OFL.txt	4415	b820ca6e0b28e7a9bf308b471ec756cc1f899329
Bad Script	Handwriting	ofl/badscript/BadScript-Regular.ttf	184216	6a2aabeb4b5f7b2d6885fb8b39241c310e383528	ofl/badscript/OFL.txt	4390	743f23da9797990a1ea749f1a48db5f1214f7321
Alegreya Sans SC	Sans Serif	ofl/alegreyasanssc/AlegreyaSansSC-Regular.ttf	267620	34ca44a3a4790581e6251d7cc4bfe75bcfecbf5a	ofl/alegreyasanssc/OFL.txt	4405	93a573fab019d94171bad70205a71d5de9e843e8
Barriecito	Display	ofl/barriecito/Barriecito-Regular.ttf	278448	20857890592311e657c6080e4fba0a4ae87b5583	ofl/barriecito/OFL.txt	4400	7036971c64a3cf7b6e3ba1828c5e5e387f321814
Balsamiq Sans	Display	ofl/balsamiqsans/BalsamiqSans-Regular.ttf	407528	8c4302aaba80bd828422bb15027ad3504fbd3bea	ofl/balsamiqsans/OFL.txt	4395	db2a8bc6fabe834f14131d950fdbc99706ee45b2
Arapey	Serif	ofl/arapey/Arapey-Regular.ttf	26784	62d178f6155c75e6f723ba42e4e429787927ff65	ofl/arapey/OFL.txt	4396	395582fe2bb32c198010fe8b77cd3301513fe9de
Alumni Sans	Sans Serif	ofl/alumnisans/AlumniSans[wght].ttf	135884	b6ef931f82eff33a3d58f1d96311b80a8239ef14	ofl/alumnisans/OFL.txt	4483	1e689f12702caaa73e8ecb36a120c8d9035e6ed1
Mona Sans	Sans Serif	ofl/monasans/MonaSans[wdth,wght].ttf	349140	886bbd95693dca58bc24e9bdbd87d125a64a8277	ofl/monasans/OFL.txt	4419	ccc02aabb5b4e7bacc17eaac508ac45220c4518c
Fira Sans Extra Condensed	Sans Serif	ofl/firasansextracondensed/FiraSansExtraCondensed-Regular.ttf	455820	8e87424b8d68882b3009bd13ea506b046a6d4b3d	ofl/firasansextracondensed/OFL.txt	4370	a2c1ae225f24bc345413e0764c0ddcf2a0e6d4da
Cabin Sketch	Display	ofl/cabinsketch/CabinSketch-Regular.ttf	156232	93fd6c01fb6cb277b7b918cc75036512817f95cd	ofl/cabinsketch/OFL.txt	4416	9c2112136a6b4c851f36dcdba8387e1d19460f19
Amita	Handwriting	ofl/amita/Amita-Regular.ttf	215672	6585397dbd8d047a3077e7af95b2c8ba1a77b495	ofl/amita/OFL.txt	4534	20833ec5ed45468d44daf57c691e3ebaf6e4c406
Jura	Sans Serif	ofl/jura/Jura[wght].ttf	258404	ccfacc05466d6eb88f21b81291ce7b88b0ee368c	ofl/jura/OFL.txt	4379	9f9ccc844f041258918fc561a2a7cd21bafe147d
Reddit Sans	Sans Serif	ofl/redditsans/RedditSans[wght].ttf	262060	28cdcf7bcfd1574f23995fd7ad780839634c39a0	ofl/redditsans/OFL.txt	4879	16ca390397fd8f50c5fcedb887c7c926c27d8c74
Funnel Sans	Sans Serif	ofl/funnelsans/FunnelSans[wght].ttf	53268	c197b5bdfa8c971a62d4366778d7d7e9fb4743d4	ofl/funnelsans/OFL.txt	4382	a3449bfa70d1abc49d8caf09455e7cdf279782f1
Cousine	Monospace	ofl/cousine/Cousine-Regular.ttf	296856	e01ff6f05338a180c65ebadb5617f732d941e961	ofl/cousine/OFL.txt	4387	08e54ce12f944a1c1f785855fbfd0a98d0eaf5ca
Sriracha	Handwriting	ofl/sriracha/Sriracha-Regular.ttf	319896	ada2b01c981b0de76b7d621ce93f0df32de708d9	ofl/sriracha/OFL.txt	4436	f3938a65b5812b7385a6335a89b3b0048e772c85
Marck Script	Handwriting	ofl/marckscript/MarckScript-Regular.ttf	83664	024294bb007f565dab86593181b4a86aeba56338	ofl/marckscript/OFL.txt	4420	a06635f4e388ec16b1a4d2c9f81a8d44c271ec07
Julius Sans One	Sans Serif	ofl/juliussansone/JuliusSansOne-Regular.ttf	42288	fe73201f187fe8822d35d59400d33f1e91f6aec8	ofl/juliussansone/OFL.txt	4394	fed5d26c0bed3f420e59f97fb85a5b4b2746334a
Monoton	Display	ofl/monoton/Monoton-Regular.ttf	51604	944605ab00a53341dc7d38d3c63ddfad418c0058	ofl/monoton/OFL.txt	4401	56f28066a07ca3bdf31c6b907a5bf086b535eb03
Ultra	Serif	apache/ultra/Ultra-Regular.ttf	52472	1bac6b94a766fd195f8ee89af6c42da64787f8ab	apache/ultra/LICENSE.txt	11358	d645695673349e3947e8e5ae42332d0ac3164cd7
Tiro Bangla	Serif	ofl/tirobangla/TiroBangla-Regular.ttf	323776	9434b8102c5b1c8ecc6569c757ad56baddcaa552	ofl/tirobangla/OFL.txt	4387	9acb0fd8b8e54a98007113da015d33419180ca05
Bowlby One	Display	ofl/bowlbyone/BowlbyOne-Regular.ttf	59856	3a76ca5a4a2b5aae55790ce2ba98cd10eb6b5cc4	ofl/bowlbyone/OFL.txt	4433	256bd41f22019f3f63786f4766f01b6d906f211e
Ms Madi	Handwriting	ofl/msmadi/MsMadi-Regular.ttf	144208	aec7778e1076dd94d14ed71f3c58f44dd7319eb0	ofl/msmadi/OFL.txt	4388	735a07860c459c3ebab9db965b20df9037e95498
Hind Vadodara	Sans Serif	ofl/hindvadodara/HindVadodara-Regular.ttf	243376	2e1f8f8f4235681f5527f9845c9565c3258c05c4	ofl/hindvadodara/OFL.txt	4371	ccd22d7afee4a45d0007489e9232ed51fb3c3f4a
Palanquin Dark	Sans Serif	ofl/palanquindark/PalanquinDark-Regular.ttf	500136	e01e993b2d2887bc8578ad87f65ab01e9cee3ea2	ofl/palanquindark/OFL.txt	4366	a9de51a1fcaf535a392d22a1b9c6b3daaefb683f
Zen Kaku Gothic Antique	Sans Serif	ofl/zenkakugothicantique/ZenKakuGothicAntique-Regular.ttf	2370412	664398e5d2cfd3e2cc886a575cd26f01679219b1	ofl/zenkakugothicantique/OFL.txt	4401	c05130c2195586600c9bc245c88a67d1154369a8
Mukta Malar	Sans Serif	ofl/muktamalar/MuktaMalar-Regular.ttf	243008	7994b6ddba8c1b1bd78e5752b2d06280a2ec6668	ofl/muktamalar/OFL.txt	4353	52b9c3c37641d062b6bd4db6b0ad064bce36ec33
Pragati Narrow	Sans Serif	ofl/pragatinarrow/PragatiNarrow-Regular.ttf	377784	a178b36e06873211ac15bf5c03b59488d2343003	ofl/pragatinarrow/OFL.txt	4482	d087dc702349a239e8d76a4aa345b6749e909089
Suez One	Serif	ofl/suezone/SuezOne-Regular.ttf	70856	ad67cc006febae3935f267bea5390b0315246865	ofl/suezone/OFL.txt	4446	f9d784d418c69d92279723f472fe98442144578e
Lemonada	Display	ofl/lemonada/Lemonada[wght].ttf	189204	7049e67062201a8fe2c45465ae1f6c7ecccb3d78	ofl/lemonada/OFL.txt	4479	720cfd1cd78a066bcd7e46a56aa87acdd79fc30a
Italiana	Sans Serif	ofl/italiana/Italiana-Regular.ttf	31828	e0534928587569dd8a2bfb53ab13dea669655cee	ofl/italiana/OFL.txt	4393	76add94cb29756ef6529cbd393d7685ecb404da9
Red Hat Mono	Monospace	ofl/redhatmono/RedHatMono[wght].ttf	68356	03eead3630fbc4a1260d24ddd38e5cf7740c04b7	ofl/redhatmono/OFL.txt	4394	16cf394bb1bd5100686703ebc4a3772a568e0e6a
Secular One	Sans Serif	ofl/secularone/SecularOne-Regular.ttf	83916	40958a131f91996090b8a45cb175bfccfe0b009b	ofl/secularone/OFL.txt	4392	f9d68ef4b78bb27a14c5325ae7a931131d69ce45
IBM Plex Sans JP	Sans Serif	ofl/ibmplexsansjp/IBMPlexSansJP-Regular.ttf	2396484	f7ea368508d862d9c2fca78359d8fa61ada51ffa	ofl/ibmplexsansjp/OFL.txt	4456	c35c4c618fab33da8695177b3a6cefe0810b7b28
Skranji	Display	ofl/skranji/Skranji-Regular.ttf	207924	47b6f549567b551c09af068e8458bbbdd3e70ba0	ofl/skranji/OFL.txt	4483	18f4abb014e8cd6f8e5d1b233486c2397fef3b49
Rozha One	Serif	ofl/rozhaone/RozhaOne-Regular.ttf	322828	5286ff2b047f41783d294c8a32ff355d014e3b21	ofl/rozhaone/OFL.txt	4373	6dd809659a8ccace7ccee108d024d33cd4f936da
Cabin Condensed	Sans Serif	ofl/cabincondensed/CabinCondensed-Regular.ttf	99468	255a90e31e29cd878d067c18f67a66fa3ce2362f	ofl/cabincondensed/OFL.txt	4458	ed0eb0f5d21a9a5db518a71541de5691729db953
Palanquin	Sans Serif	ofl/palanquin/Palanquin-Regular.ttf	478368	893b9c20ad2103585863c5cd588c6e61a5fba443	ofl/palanquin/OFL.txt	4366	a9de51a1fcaf535a392d22a1b9c6b3daaefb683f
Sofia	Handwriting	ofl/sofia/Sofia-Regular.ttf	29796	7ceb8a9ab5db6f854ddee42f08d623e76d655bd3	ofl/sofia/OFL.txt	4405	dc67daffaa69a6385853bd8e5a40de4700db88a7
Caprasimo	Display	ofl/caprasimo/Caprasimo-Regular.ttf	41660	39e7c43d453be4df2bcf5b6ac7f0f6ddf9a9926a	ofl/caprasimo/OFL.txt	4403	eec5a378d96fece3da02b1f3d8c0b91156489ec7
Averia Libre	Display	ofl/averialibre/AveriaLibre-Regular.ttf	108424	6a8214591c69cc58c5923a385d3cf16c24e2d316	ofl/averialibre/OFL.txt	4402	fa2654e22930639a2c8fe02b20172211a23691fa
Six Caps	Sans Serif	ofl/sixcaps/SixCaps.ttf	46388	4569e905425d65be0ff5fa744e90a50830b2bfbf	ofl/sixcaps/OFL.txt	4410	0a967839152f0e6f4a12fe28cc94f8693573fba2
Gochi Hand	Handwriting	ofl/gochihand/GochiHand-Regular.ttf	37352	fc18f60fe362cee411abe6f9c5f2befaecc6076f	ofl/gochihand/OFL.txt	4423	9d0c550716cb26256270fa2d1774a6e004882d4c
Belanosima	Sans Serif	ofl/belanosima/Belanosima-Regular.ttf	37968	5fc58f0eac632b72ae4a9ed04926c325611224ca	ofl/belanosima/OFL.txt	4445	ebd102ba74e7f89138577e3b9b99494450a867c1
Gantari	Sans Serif	ofl/gantari/Gantari[wght].ttf	124976	5719b7443538ed4098aa71c4051e5871b1eff5ae	ofl/gantari/OFL.txt	4385	49cc850b789e7bb2c08fbc0e65f9da0213647541
IM Fell English	Serif	ofl/imfellenglish/IMFeENit28P.ttf	202368	d9afa7e097d525cefa294f2575efc4bef66e1dda	ofl/imfellenglish/OFL.txt	4452	68632c17836e943c708fa94b0ac067265867d1bf
Wix Madefor Display	Sans Serif	ofl/wixmadefordisplay/WixMadeforDisplay[wght].ttf	159752	92c56bef536e11285f052fa6b55229db5c09b5bb	ofl/wixmadefordisplay/OFL.txt	4386	b7dfd2a1ca20e15ce1b1d5ec7166545730e3b1ce
Original Surfer	Display	ofl/originalsurfer/OriginalSurfer-Regular.ttf	57792	0bf529d81c551c9d55a717e3e9a2e59d87c078c3	ofl/originalsurfer/OFL.txt	4438	9c664775993ea2ff2c4cb4400c6ee3c7ba4c96c4
Germania One	Display	ofl/germaniaone/GermaniaOne-Regular.ttf	33240	bd83f36e4de3b73028b0ab07b5129674fb4c5000	ofl/germaniaone/OFL.txt	4439	1b7d360a5db16e87a0f061f68652db86a36b273a
Noto Serif Bengali	Serif	ofl/notoserifbengali/NotoSerifBengali[wdth,wght].ttf	981812	1a9275d5aa3edff2070a333a033041ae4eaa26df	ofl/notoserifbengali/OFL.txt	4383	d11cac69316ec3d80e5aff86e4a2dba4114cca2b
Spline Sans	Sans Serif	ofl/splinesans/SplineSans[wght].ttf	146896	00a76442c3633700560f0638929dcce04b035e3d	ofl/splinesans/OFL.txt	4394	ee2bacd126b07010eb2a68dbe0199a05887468bb
Pridi	Serif	ofl/pridi/Pridi-Regular.ttf	222368	b93034fd28990cde5b25665d46fa94216e16b2b4	ofl/pridi/OFL.txt	4452	c760a319adc706a8a0296841ad79a9031d527ac5
Yrsa	Serif	ofl/yrsa/Yrsa[wght].ttf	225532	d1711c2aea58cd6579e6468140464bf3c3318c03	ofl/yrsa/OFL.txt	4393	51c6772d249dd5ab1bc1a0f7be8128957fce67c1
Economica	Sans Serif	ofl/economica/Economica-Regular.ttf	26756	95fc37cffd4e0ee3393c48c78572b4630a9f17d5	ofl/economica/OFL.txt	4454	00e0e02dcb60c6a966701fe06a30d322ac091967
Taviraj	Serif	ofl/taviraj/Taviraj-Regular.ttf	220824	ccbcef7d37079785b11d63fec8abec17ea34c2e4	ofl/taviraj/OFL.txt	4452	c760a319adc706a8a0296841ad79a9031d527ac5
Anek Bangla	Sans Serif	ofl/anekbangla/AnekBangla[wdth,wght].ttf	1344456	224259ac45975122d77ecc5f8d0d59f6c3479c78	ofl/anekbangla/OFL.txt	4379	6e46064f855d1d252f1f7d61e7dd1d5a07d409bf
Reem Kufi	Sans Serif	ofl/reemkufi/ReemKufi[wght].ttf	127152	ad1a769f41ed4a2b87e3afe4289c9115acb9cc97	ofl/reemkufi/OFL.txt	4434	55f55c9e2ce32806c5b82b7aa24763c518e798e8
Bevan	Serif	ofl/bevan/Bevan-Regular.ttf	118004	02376ce76b2ebcfc51a5247010ff17c3a5919509	ofl/bevan/OFL.txt	4480	8b4ef393ef7716a0eee9b88f8af8a1bd9a5bc31c
Squada One	Display	ofl/squadaone/SquadaOne-Regular.ttf	19072	91d48ee818f7a23d3eb722ffd466f8d93bc6984c	ofl/squadaone/OFL.txt	4420	7d355851881f9b62f2a5f56a8b8ebfb6c618f574
MuseoModerno	Display	ofl/museomoderno/MuseoModerno[wght].ttf	188724	e7278936e0064d3df5497ddbe5e8c252b255367b	ofl/museomoderno/OFL.txt	4398	292cb458764bcd6757c305cc8ea93f23f1c5f382
Familjen Grotesk	Sans Serif	ofl/familjengrotesk/FamiljenGrotesk[wght].ttf	90048	1c03eb598e678759e94946e5bfc21729fbbf3214	ofl/familjengrotesk/OFL.txt	4408	1926b039a9cca04ced22b88180c21a71043ff498
K2D	Sans Serif	ofl/k2d/K2D-Regular.ttf	96144	41446049aeabdd5343186a2143a9d31e8ef022e4	ofl/k2d/OFL.txt	4379	28d7f9f1e152871ff0b853f39c4e363de66a3356
Gloock	Serif	ofl/gloock/Gloock-Regular.ttf	98096	38b454cafbc8ad6af68a78133d7b505885850b78	ofl/gloock/OFL.txt	4381	3a6f194de3bd32e31fb8b44b5b440a08ca6acf89
Gudea	Sans Serif	ofl/gudea/Gudea-Regular.ttf	22932	a15eab8ab0950f43959f8f45d325f25ad743f9fb	ofl/gudea/OFL.txt	4404	5ab72bd156912c721cf94a21fddbfc4a7ecb7456
Noto Sans Symbols	Sans Serif	ofl/notosanssymbols/NotoSansSymbols[wght].ttf	372684	a0061bfbcbbec27bf2b280fc8c49ea42cf7cb7ab	ofl/notosanssymbols/OFL.txt	4383	7c95767f5c669c448148e7e6c8fc4ee2c85128b1
Rakkas	Display	ofl/rakkas/Rakkas-Regular.ttf	146824	949b454ff4e8a3d8e692743ee863d3657911cc0e	ofl/rakkas/OFL.txt	4423	818eba2813b866f0cb2955785beda56cbd6c3852
Coda	Display	ofl/coda/Coda-Regular.ttf	87060	2843444cffeffffba3e20fbdd8498e1826ebb7ad	ofl/coda/OFL.txt	4420	ba622269064e2f35b8feb24097a7cb259df7aa56
Azeret Mono	Monospace	ofl/azeretmono/AzeretMono[wght].ttf	106092	105c12bf6068e656b2ad374e21645857e24dad78	ofl/azeretmono/OFL.txt	4383	5f3e472e15c8278a5017b264089b44fda371bddd
Cedarville Cursive	Handwriting	ofl/cedarvillecursive/Cedarville-Cursive.ttf	69436	61a7b8273bfee98693103a588a0c66ec73d3ebc2	ofl/cedarvillecursive/OFL.txt	4362	06117d9dfe08e8ac9818115cc1898c05a197c27f
Itim	Handwriting	ofl/itim/Itim-Regular.ttf	371384	b568b536f1a8cb1711c352b930109a44fbb17bac	ofl/itim/OFL.txt	4436	f3938a65b5812b7385a6335a89b3b0048e772c85
Chango	Display	ofl/chango/Chango-Regular.ttf	40732	ad34f64ae910b64c76328b7c689a2017dc7f1bdb	ofl/chango/OFL.txt	4389	1969750cc9b18545691251e36d36353aa8c0f6d6
Carter One	Display	ofl/carterone/CarterOne.ttf	66532	1f3c9270f95797e65c593c118f8c9c7938c92d23	ofl/carterone/OFL.txt	4415	8a562c6ca215661b0cfcb35e11548f6a3e2fb543
Ruda	Sans Serif	ofl/ruda/Ruda[wght].ttf	84420	26ec4f3a667bbd47dd61c3e467a074337df8d178	ofl/ruda/OFL.txt	4385	f178d1adfcc0f493ca0b1ed290802447bd548c01
Kablammo	Display	ofl/kablammo/Kablammo[MORF].ttf	2209224	ef80301c523a3d0e12f41fb3cc5b6fd5f84aaed4	ofl/kablammo/OFL.txt	4397	9e5b40cd4effe74919748bcbe40698c1bb0ada5e
Khula	Sans Serif	ofl/khula/Khula-Regular.ttf	158356	ac5d8ae78389d4d90c0070ec673d31bf4c04e244	ofl/khula/OFL.txt	4418	34bfe88ca5b9442410a9c160ba9571c22e7e3dc3
DynaPuff	Display	ofl/dynapuff/DynaPuff[wdth,wght].ttf	212600	2313a3783147e2331ce19cf09345ca883532de42	ofl/dynapuff/OFL.txt	4492	4e11d7598b9a699ff5081ee1e27c6ab028f009ca
Fahkwang	Sans Serif	ofl/fahkwang/Fahkwang-Regular.ttf	88168	87df16f9cf07be83794828c7a34e1f99c7e217da	ofl/fahkwang/OFL.txt	4390	c27c2eb20f2ca7aca11d0941a09b639f9701a0bf
Tektur	Display	ofl/tektur/Tektur[wdth,wght].ttf	163160	d1cf18b3a394808ee2a122ab0794499d8e7743bf	ofl/tektur/OFL.txt	4385	3509ad01d1d0e39d386d35a774093162363f0cae
Mate	Serif	ofl/mate/Mate-Regular.ttf	62816	aebbd121ebfbcdedecddfa7e078e2604450d1d02	ofl/mate/OFL.txt	4501	a52e51a7cdc865c7224e5418cac3007a2b14dd2c
Darker Grotesque	Sans Serif	ofl/darkergrotesque/DarkerGrotesque[wght].ttf	91516	695253d04d905eff6c96b3f9360a8f52ce1c95b0	ofl/darkergrotesque/OFL.txt	4402	e39d2c15c4fee23919c8df1078543f3ffd266b55
Baloo Bhai 2	Display	ofl/baloobhai2/BalooBhai2[wght].ttf	710488	f311e78c348d5c94e7daf427b648b0bc99a7eceb	ofl/baloobhai2/OFL.txt	4384	72adb492d4f0ede2a9dbdefed607f33ad3a6fc68
Big Shoulders	Display	ofl/bigshoulders/BigShoulders[opsz,wght].ttf	320800	e26f6dd3335e84ed94227519d08256d526c01124	ofl/bigshoulders/OFL.txt	4397	b220280e780d0b52a1efb259f44f332cfa9dcab4
La Belle Aurore	Handwriting	ofl/labelleaurore/LaBelleAurore.ttf	59364	df0b59ef27b8bb8e315cbf558a395469109038d6	ofl/labelleaurore/OFL.txt	4362	06117d9dfe08e8ac9818115cc1898c05a197c27f
Noto Sans Georgian	Sans Serif	ofl/notosansgeorgian/NotoSansGeorgian[wdth,wght].ttf	231988	2b52bdf12ef35bfe9a18cad49d4e1303d9474e52	ofl/notosansgeorgian/OFL.txt	4384	437070a9ee723a4018777b51bd7e4a6830b36502
Wix Madefor Text	Sans Serif	ofl/wixmadefortext/WixMadeforText-Regular.ttf	107700	a3e2b40028cc2abfd0cc4323540a9c68f8bb91e2	ofl/wixmadefortext/OFL.txt	4386	b7dfd2a1ca20e15ce1b1d5ec7166545730e3b1ce
Murecho	Sans Serif	ofl/murecho/Murecho[wght].ttf	1430664	150ce1d5b141bb6eace70e61ce0c3c26de3475f3	ofl/murecho/OFL.txt	4393	925c52898c469117dc14c175a4a16d0de6ca88be
Kreon	Serif	ofl/kreon/Kreon[wght].ttf	79176	206c0e336651bb84fe9db83768b0f992d4f01f0c	ofl/kreon/OFL.txt	4417	faa8b17fb3a777fc9d423a3df0bc96d3c4fa281b
Covered By Your Grace	Handwriting	ofl/coveredbyyourgrace/CoveredByYourGrace.ttf	57040	3bbbee8eabb68ba5fadd93308d19508e8e14d893	ofl/coveredbyyourgrace/OFL.txt	4362	06117d9dfe08e8ac9818115cc1898c05a197c27f
UnifrakturMaguntia	Display	ofl/unifrakturmaguntia/UnifrakturMaguntia-Book.ttf	88508	6429ce25445be1568534f5bd7f2b42f42fb6ff17	ofl/unifrakturmaguntia/OFL.txt	4511	2794d29c2d604ba1b2fc485f1819b5400d51d8d2
Days One	Sans Serif	ofl/daysone/DaysOne-Regular.ttf	65580	2b5c966d304356a171c98306eb4f64675a58d5d0	ofl/daysone/OFL.txt	4398	04887c9f77127340affc89c11df0eff4e62dc48a
Ovo	Serif	ofl/ovo/Ovo-Regular.ttf	50864	9b4a50a5240ddc6538e4018286b2b3b292d6f94d	ofl/ovo/OFL.txt	4393	90fc18aca16f501a6d78381d5bd0e674d1b467c0
Do Hyeon	Sans Serif	ofl/dohyeon/DoHyeon-Regular.ttf	879764	25a2bec000b834f57887fe2b64225cd076b244d3	ofl/dohyeon/OFL.txt	4347	44fdc59477ecf741b67efd2fd033b071c4b6ff81
Eater	Display	ofl/eater/Eater-Regular.ttf	83928	50b65d0696f1d11ae0d05fb1024219b0040929a3	ofl/eater/OFL.txt	4368	79f0bd60fb19759aadd86bd0e4ab5035a0eeb6f3
Grandstander	Display	ofl/grandstander/Grandstander[wght].ttf	183056	d21088c879f6a6b7c54fb7698e926e068bcb2528	ofl/grandstander/OFL.txt	4403	6738442544d5afc3f03acec7900e302b74014a1a
Funnel Display	Display	ofl/funneldisplay/FunnelDisplay[wght].ttf	53436	0f2ba474f397e9344bd1862de389da04bd3d965e	ofl/funneldisplay/OFL.txt	4382	a3449bfa70d1abc49d8caf09455e7cdf279782f1
Jersey 25	Display	ofl/jersey25/Jersey25-Regular.ttf	142372	fc49bed9263ff1004615f4ae53cf5471a4cfb40b	ofl/jersey25/OFL.txt	4395	f83e6da673a79cebd72b1e61109012225aec93a7
Martel Sans	Sans Serif	ofl/martelsans/MartelSans-Regular.ttf	153396	2c8f87dca0dca7ed507f70c0eea4347cc7d528a9	ofl/martelsans/OFL.txt	4372	062bba99e099451a469d980de71103093fff705b
Ropa Sans	Sans Serif	ofl/ropasans/RopaSans-Regular.ttf	57200	8c036e49e66b3ef066d3cdc877784da6257d42e9	ofl/ropasans/OFL.txt	4413	c10c14d592dafd12b9e7d9fbb4b3b70afe6b65ee
Shrikhand	Display	ofl/shrikhand/Shrikhand-Regular.ttf	220804	e52b55e45676ec8ad4a78a8dc798a6e0155932bf	ofl/shrikhand/OFL.txt	4463	89b7ab3e47818d731e7b250172b480e8307187ca
Adamina	Serif	ofl/adamina/Adamina-Regular.ttf	114460	3c660f88a846ca28eac0215b057e16cbc1edcc8f	ofl/adamina/OFL.txt	4476	c3a1ea470fcc86a6c47bf3a6121b1462c26d4a7c
Chewy	Display	apache/chewy/Chewy-Regular.ttf	41248	609eeb393c167df58d434d3d007364944a727894	apache/chewy/LICENSE.txt	11358	d645695673349e3947e8e5ae42332d0ac3164cd7
Red Rose	Display	ofl/redrose/RedRose[wght].ttf	114928	567d8a6fa4d9619f34ac6d519465e658925d721b	ofl/redrose/OFL.txt	4386	c42de8f7714f85236b17f10a85d9141e23560029
Londrina Solid	Display	ofl/londrinasolid/LondrinaSolid-Regular.ttf	92132	ab4973e258eedb92b43867146826948fa743f471	ofl/londrinasolid/OFL.txt	4439	8f22b39d08ef7feed99c4610c86c3d7c540193aa
BenchNine	Sans Serif	ofl/benchnine/BenchNine-Regular.ttf	57172	a860a8bc60839b371c49e1ef04966b950f5f2d42	ofl/benchnine/OFL.txt	4400	ff755a8fa0472f3fe05abccef2bdd6bf4878d234
Metamorphous	Display	ofl/metamorphous/Metamorphous-Regular.ttf	135740	2962aeaa29c602e92ce38de537316ba4b0648f08	ofl/metamorphous/OFL.txt	4407	03e726db144f125958bfcca3180be759cdcb3a84
Sarala	Sans Serif	ofl/sarala/Sarala-Regular.ttf	241592	6355219813f2ca0770c9dbe53241aa9fa2fb8efd	ofl/sarala/OFL.txt	4451	b79461fad16a1d03ea0b660b172d79964a9c9e79
Anuphan	Sans Serif	ofl/anuphan/Anuphan[wght].ttf	231712	60faaba3f4dd50612cc11b5889eb71d44f20b40c	ofl/anuphan/OFL.txt	4388	796d0d594c957a0ef4de9235b70b6bb919ae5752
Basic	Sans Serif	ofl/basic/Basic-Regular.ttf	58520	5c58077414d119d54913726e301e388ac20c9376	ofl/basic/OFL.txt	4395	18d4e67cda744b1a6e5175fe59e546761e8ba9a8
Geo	Sans Serif	ofl/geo/Geo-Regular.ttf	38680	8b8f4d56ae0cccdc3dc1684bc2765424f5daf1a1	ofl/geo/OFL.txt	4489	e87b4d0794a5cd7c0a2e5700d347f64852215307
Charm	Handwriting	ofl/charm/Charm-Regular.ttf	138160	91423910d8845d658a97574da803a60d36dcfbfe	ofl/charm/OFL.txt	4383	d5578cb38ede47b23ad26b9dbfb82274fead74cf
Proza Libre	Sans Serif	ofl/prozalibre/ProzaLibre-Regular.ttf	98400	b75eda5bb074bd644f5f4ca4a32f56240fb297bc	ofl/prozalibre/OFL.txt	4456	b3a84e1da8322a05936573d74e0474044844503f
Aboreto	Display	ofl/aboreto/Aboreto-Regular.ttf	48356	b9c09bfa15f38fa9ccabcb90320de9d33a6e991b	ofl/aboreto/OFL.txt	4383	74c26d0608eb802425dc4f82a967d8294cba9e55
Marcellus SC	Serif	ofl/marcellussc/MarcellusSC-Regular.ttf	47888	7304b969bf6ae3185f981c24960de897c47d2cd0	ofl/marcellussc/OFL.txt	4430	69d64891eb9009249ef055523940db7b78d740bc
Knewave	Display	ofl/knewave/Knewave-Regular.ttf	32460	2b9ec11bf057dfc095559f945b84881b56bc8a49	ofl/knewave/OFL.txt	4419	ce82823e7509a6b22b762840a4307b40a6d74742
Rufina	Serif	ofl/rufina/Rufina-Regular.ttf	40040	fcf300081418d5d4333290498de501367e4196bc	ofl/rufina/OFL.txt	4498	affadc6f20fc1891f5cf5908c6caf27fd80c03e5
Krona One	Sans Serif	ofl/kronaone/KronaOne-Regular.ttf	35168	3bf6389efbdae095aab2317bf16a64739293d40f	ofl/kronaone/OFL.txt	4412	b20023070a3dd2388c2b9f5189793faa3914d7a1
Boogaloo	Display	ofl/boogaloo/Boogaloo-Regular.ttf	33960	fafce2699f177e9edbbe417ea65b375c82c4d56a	ofl/boogaloo/OFL.txt	4440	500f14bff3dd70fe137fd3e16ecd95e3a51b8f9e
Noto Sans Gujarati	Sans Serif	ofl/notosansgujarati/NotoSansGujarati[wdth,wght].ttf	672904	3c760c2d69bf49c43d6fa2a0bed24c1b59263b43	ofl/notosansgujarati/OFL.txt	4384	05974208131d96c5b2284a967dfb3f92c9118eb6
IBM Plex Sans KR	Sans Serif	ofl/ibmplexsanskr/IBMPlexSansKR-Regular.ttf	2797100	71f8a43b5763be2bc881c6d957c3111bd842d783	ofl/ibmplexsanskr/OFL.txt	4456	c35c4c618fab33da8695177b3a6cefe0810b7b28
Agbalumo	Display	ofl/agbalumo/Agbalumo-Regular.ttf	1715888	bf84ff09c4984b20c93cde6be608c30fd5bac1ec	ofl/agbalumo/OFL.txt	4389	d7844f0f2a2e896d9cd69073dc39c19e08916443
Niramit	Sans Serif	ofl/niramit/Niramit-Regular.ttf	97776	ce4e0672895fcbd5061bdf07e34618545ff413e6	ofl/niramit/OFL.txt	4387	0a64307f4686cebbc75c79cf6981b32784cc5550
Mali	Handwriting	ofl/mali/Mali-Regular.ttf	112756	243a12a772b40009436eca7ba923a8c93eb65f6d	ofl/mali/OFL.txt	4381	46a9a7c5a163cc2bd05ae26c8f7cd7e65ed492ac
Chonburi	Display	ofl/chonburi/Chonburi-Regular.ttf	170492	62b5217d11537dbbfdbfd3ea1bb3503b223d0c57	ofl/chonburi/OFL.txt	4359	b0f459749148d3d07c0bcc6967c930a94001bd0e
Tomorrow	Sans Serif	ofl/tomorrow/Tomorrow-Regular.ttf	59520	c68f0205abeb733bee4d1e113d36fe7a04b44a7d	ofl/tomorrow/OFL.txt	4477	827843076c5f132f69602073863740240bfc3512
Stardos Stencil	Display	ofl/stardosstencil/StardosStencil-Regular.ttf	42624	3b7676ba77565142494a193229f0dd568c97674b	ofl/stardosstencil/OFL.txt	4424	fc6f2d6135b6388be368cb5e90953ebbd6e09544
Sansita	Sans Serif	ofl/sansita/Sansita-Regular.ttf	116092	4e25f50a5c995236ad6113a583231d49ce602d45	ofl/sansita/OFL.txt	4464	5d991db7c7039a30bf2a7cd9a41e438464aec54b
REM	Sans Serif	ofl/rem/REM[wght].ttf	200932	49cd24a0fc28a63ef26d3c6232de8628cd646f6c	ofl/rem/OFL.txt	4473	4e8587932fd564e7d1f7648c05b6e09b18447c18
Amarante	Display	ofl/amarante/Amarante-Regular.ttf	148116	af11107adfcbb390d58c0301190a146ba86657b9	ofl/amarante/OFL.txt	4398	c1a5f749d02a7c1df2cc2a5a8b9246197b550ca3
Noto Sans Sinhala	Sans Serif	ofl/notosanssinhala/NotoSansSinhala[wdth,wght].ttf	1181956	4e65c3d072ed4759f6682b008af4087781c056ba	ofl/notosanssinhala/OFL.txt	4383	4e06fdff46edef774eacff1b55518b8a0c2aa4ba
Oooh Baby	Handwriting	ofl/ooohbaby/OoohBaby-Regular.ttf	135104	1001e40a91edd9af10dfffb5c3b843661bfdc386	ofl/ooohbaby/OFL.txt	4397	1414b5cd1142d65c5a2d88543414dfcc50ecad22
Sintony	Sans Serif	ofl/sintony/Sintony-Regular.ttf	25712	865dd123a2c4e299511974164a9bbd89a1ccdc37	ofl/sintony/OFL.txt	4506	a492ec0edac3c3e368f1e57ca1e704e8d8584f50
Mansalva	Handwriting	ofl/mansalva/Mansalva-Regular.ttf	355776	ebc942600613bbee91ec2134b2fbadaac4d93cc1	ofl/mansalva/OFL.txt	4391	db3eb9201fbd1b345526fa5e97ade64350d0cb32
Parkinsans	Sans Serif	ofl/parkinsans/Parkinsans[wght].ttf	93096	1deb245a819a4b9e42c23b553def80e00851bcf8	ofl/parkinsans/OFL.txt	4397	7404fc5878cedb727bedaff2bd3c639f63ea3095
Just Another Hand	Handwriting	apache/justanotherhand/JustAnotherHand-Regular.ttf	191076	ac6fdfc1405ceb8a17a49f5035d80e78a0c51913	apache/justanotherhand/LICENSE.txt	11358	d645695673349e3947e8e5ae42332d0ac3164cd7
Fredericka the Great	Display	ofl/frederickathegreat/FrederickatheGreat-Regular.ttf	486016	fd108a3bb1c22a4470a613b7182c676b74953ed3	ofl/frederickathegreat/OFL.txt	4433	698fcc58f4871e0dc7972f3edf3bcc92a4eb234f
Kameron	Serif	ofl/kameron/Kameron[wght].ttf	83064	05ad722ea7bc96790781e2c7fc6e3f54c3640a6d	ofl/kameron/OFL.txt	4485	e3e4124caa808670caa2f1e12530577eab5b2667
Quintessential	Handwriting	ofl/quintessential/Quintessential-Regular.ttf	73892	a534ef9ec5f603f2d6ff2f67a4da5acec7294e9e	ofl/quintessential/OFL.txt	4435	10998c402f2d239dad0252877393e794a86d4e1c
Mandali	Sans Serif	ofl/mandali/Mandali-Regular.ttf	619212	f84c2d72ea5ebceeed0938d7f616d5dff9433b56	ofl/mandali/OFL.txt	4455	80c22d37776f5ee1f5321f89acaa48437894c7eb
Lateef	Serif	ofl/lateef/Lateef-Regular.ttf	241092	a81a714200f8afe903aa0a9b53fd3aed1c700174	ofl/lateef/OFL.txt	4603	4799a032ad91e0351c94ffc3795b6a5945e9b5c9
Qwitcher Grypen	Handwriting	ofl/qwitchergrypen/QwitcherGrypen-Regular.ttf	186392	a05e4b8739d02c38ef66863cf79b7403efc62cd2	ofl/qwitchergrypen/OFL.txt	4409	1a372d327abe8f40a9a11872796cc7a34a41a47c
Shadows Into Light Two	Handwriting	ofl/shadowsintolighttwo/ShadowsIntoLightTwo-Regular.ttf	39396	646e265615d937ab59270cad26a85ea21b8a4961	ofl/shadowsintolighttwo/OFL.txt	4362	149a2e2801f7e815c4c9dea9967137c1efac8bd0
Fuzzy Bubbles	Handwriting	ofl/fuzzybubbles/FuzzyBubbles-Regular.ttf	148532	7f48e9382050d3f8d8bfe208f75b5af89a807b3e	ofl/fuzzybubbles/OFL.txt	4400	d1f44be99d6591fe7b6e6af6d5013277fa4bf0a7
Telex	Sans Serif	ofl/telex/Telex-Regular.ttf	38940	a3948a1e59eeaf8bcdd6df12def637a6edbe9fa1	ofl/telex/OFL.txt	4404	4f5cdb661c493b5e5054c365f47aa6702e9ae82f
Libre Caslon Display	Serif	ofl/librecaslondisplay/LibreCaslonDisplay-Regular.ttf	101384	85304456a69e0d6bb48255cf8ce73f86dc471f3d	ofl/librecaslondisplay/OFL.txt	4403	80e580640e38632d712deebc31a592dee686ec92
Pontano Sans	Sans Serif	ofl/pontanosans/PontanoSans[wght].ttf	78532	c0b822669d626a66023961c30bf6963172cf7353	ofl/pontanosans/OFL.txt	4494	dbd3f1cf9f47aa31df3a64e36615636ea86b4134
Sancreek	Display	ofl/sancreek/Sancreek-Regular.ttf	93252	99bee9f58edfb49c48bedf25268356af1e2cfdcb	ofl/sancreek/OFL.txt	4390	f63470e31ef3782e6788ddf7192a2836bc3d61cc
Akshar	Sans Serif	ofl/akshar/Akshar[CTRS,wght].ttf	320136	30d85e72fcb754ee621eb3d8b58ea5b34bc0c8ca	ofl/akshar/OFL.txt	4486	96d2d98b3162d7cb0b6d9761e679ed303d237274
Aclonica	Sans Serif	apache/aclonica/Aclonica-Regular.ttf	68732	bbe191d026edc985b049f313f7d3f60a76713a49	apache/aclonica/LICENSE.txt	11358	d645695673349e3947e8e5ae42332d0ac3164cd7
Pattaya	Sans Serif	ofl/pattaya/Pattaya-Regular.ttf	420092	dc55eebc0247730c37cdfe9d799d3892c98cf983	ofl/pattaya/OFL.txt	4637	9c6fb5b43f43304a22857d993b0a188b1fb2a4fb
Special Gothic Expanded One	Sans Serif	ofl/specialgothicexpandedone/SpecialGothicExpandedOne-Regular.ttf	107240	7a3afbb8bf041d8c435d5e37e0822c4f1ca1bc80	ofl/specialgothicexpandedone/OFL.txt	4408	0c0389791928582c4f1fa9a41b0729bbb4398e2e
Silkscreen	Display	ofl/silkscreen/Silkscreen-Regular.ttf	32220	8caff819d666217fe8240ede768ef86d086b453b	ofl/silkscreen/OFL.txt	4394	3dd7cfb722960e05a39c20cc0f0c9a4f43f55848
Vast Shadow	Serif	ofl/vastshadow/VastShadow-Regular.ttf	62364	be4fc192b103ad8777b6b90ff5965e173cd0ce3c	ofl/vastshadow/OFL.txt	4413	8d514ed9a2f47a09c31a07e647afda3965792c2b
New Rocker	Display	ofl/newrocker/NewRocker-Regular.ttf	173224	2b7993d3c19d303b4f05b06983479e415972f93a	ofl/newrocker/OFL.txt	4656	60e277905418d159e4b90f57773754e9fb909df2
Sree Krushnadevaraya	Serif	ofl/sreekrushnadevaraya/SreeKrushnadevaraya-Regular.ttf	612636	46207921b4f06463f6f0d3ad24aade4c3de1fa2f	ofl/sreekrushnadevaraya/OFL.txt	4489	d2b3a0d3820e3a90d77e5b19118ccc8d4fad158e
Neucha	Handwriting	ofl/neucha/Neucha.ttf	141432	d495d8361c36203e6d3b31dad61d2d199ad44d05	ofl/neucha/OFL.txt	4370	7ffb27e3b6e7decdb60bb8ab5f96fe1a33aaa9f0
Niconne	Handwriting	ofl/niconne/Niconne-Regular.ttf	45616	5c7135396f99327bc36609fb46f0a43825556916	ofl/niconne/OFL.txt	4395	0b951f96ea5c5d61376026bbea607bf61c40e16a
Young Serif	Serif	ofl/youngserif/YoungSerif-Regular.ttf	106608	689af2a720c43310ef5490562b37a2c41d655bb2	ofl/youngserif/OFL.txt	4398	b2a30e42dcbdcb4c70cd83e7dd70e472fef04b7a
Anek Latin	Sans Serif	ofl/aneklatin/AnekLatin[wdth,wght].ttf	404880	50e2d9da453022dd15ab728caf8cedc14556035a	ofl/aneklatin/OFL.txt	4379	6e46064f855d1d252f1f7d61e7dd1d5a07d409bf
Playpen Sans	Handwriting	ofl/playpensans/PlaypenSans[wght].ttf	1567080	b61fea15c1bda9e87c1f399880a4bc3d4fc06269	ofl/playpensans/OFL.txt	4399	b4b34da590f5717c2c2d9c00ef63574bcc0bf31e
Oranienbaum	Serif	ofl/oranienbaum/Oranienbaum-Regular.ttf	141220	59ef207eb4441520890b81ba8fea875378475148	ofl/oranienbaum/OFL.txt	4434	41fa7e381b282805f9e92bca41594dc2e9cebd07
Fragment Mono	Monospace	ofl/fragmentmono/FragmentMono-Regular.ttf	125368	863b0ccaeb7f21afefe8a3476ad0eddddde516c7	ofl/fragmentmono/OFL.txt	4405	02349dd127e3ed06e6d5f5e1ece7af80f8c63609
Yatra One	Display	ofl/yatraone/YatraOne-Regular.ttf	276324	676ba19fe3225a514af6c7799eaea3aad155086f	ofl/yatraone/OFL.txt	4438	20bfcb18e2f30c4e720a30879dc02436fb590406
Sofia Sans Semi Condensed	Sans Serif	ofl/sofiasanssemicondensed/SofiaSansSemiCondensed[wght].ttf	348708	175437b6a9f745d29f5ca733dfa3666683584eb5	ofl/sofiasanssemicondensed/OFL.txt	4393	26ff1f5c27baef694a89e58f8f47c6209346eacd
Train One	Display	ofl/trainone/TrainOne-Regular.ttf	2152516	0a44ad4e53d9bed760357e8e8f0a6f931496bb46	ofl/trainone/OFL.txt	4481	ab30317b99ab2c79cbb7e8e0532998f8c3288101
Clarity City	Sans Serif	ofl/claritycity/ClarityCity[wght].ttf	57756	7bab650955a33d8cd7b78e6de612164428f3c800	ofl/claritycity/OFL.txt	4398	59f4b9b44204f26b9d6df4b09a9f4c3c28f1bd85
Kavivanar	Handwriting	ofl/kavivanar/Kavivanar-Regular.ttf	66324	a0002ff1bb10eccc0a47bcbde2072d1ec1d6bad0	ofl/kavivanar/OFL.txt	4475	257b5e93d00512e1743d07d955b66078ccdd8199
Electrolize	Sans Serif	ofl/electrolize/Electrolize-Regular.ttf	55712	7f31212631602633074dc6724a2ab8b5712adb88	ofl/electrolize/OFL.txt	4387	0db85c13c8b39ee617fd397941f960ea5c28956e
Angkor	Display	ofl/angkor/Angkor-Regular.ttf	79720	c212bce8bd12b05bdc831394cc7a90776a777a88	ofl/angkor/OFL.txt	4382	b4b88b36183fbebe88a3ea46ff43b4822438b740
Overpass Mono	Monospace	ofl/overpassmono/OverpassMono[wght].ttf	258800	a117fca9d13e3e6d71fad7a4bbf4afa02e3465dd	ofl/overpassmono/OFL.txt	4392	2739ed0cfce83e9e3ad2a5585e9125f2926b76d4
Spline Sans Mono	Monospace	ofl/splinesansmono/SplineSansMono[wght].ttf	118744	41f36d3500e0f4b559fc56b31d5fb4718b78690c	ofl/splinesansmono/OFL.txt	4403	ebcad12ff04eb1323a4ae37494ee62289579b36a
IM Fell English SC	Serif	ofl/imfellenglishsc/IMFeENsc28P.ttf	183932	c97d4a0748328052055f42ab27c0659981ce8be7	ofl/imfellenglishsc/OFL.txt	4452	68632c17836e943c708fa94b0ac067265867d1bf
B612 Mono	Monospace	ofl/b612mono/B612Mono-Regular.ttf	140292	32bbdeee5fe56a706c9ed7655e1ac0234eefa0d5	ofl/b612mono/OFL.txt	4470	9d0aff04af093bcb3b0f9d4a26470536c9bec558
Athiti	Sans Serif	ofl/athiti/Athiti-Regular.ttf	186712	4a38fc3c2c01d35ab74b01cb49f84991c2ffb849	ofl/athiti/OFL.txt	4452	c760a319adc706a8a0296841ad79a9031d527ac5
Trirong	Serif	ofl/trirong/Trirong-Regular.ttf	197960	bbf922669de02d074b6900cc9a1fc4034b73d99f	ofl/trirong/OFL.txt	4452	c760a319adc706a8a0296841ad79a9031d527ac5
Baloo Da 2	Display	ofl/balooda2/BalooDa2[wght].ttf	451504	2a4e952b1c9d98dd814f22b919f36742df446ce8	ofl/balooda2/OFL.txt	4384	72adb492d4f0ede2a9dbdefed607f33ad3a6fc68
Poller One	Display	ofl/pollerone/PollerOne.ttf	31588	6351c0e5b9b3286d85d87408895f61afe4adda12	ofl/pollerone/OFL.txt	4414	0c8be60232e5a9c720f066e774384dab0c5e478f
Rubik Glitch	Display	ofl/rubikglitch/RubikGlitch-Regular.ttf	407304	01399b166924f94c2ccf42d781835962c324aac1	ofl/rubikglitch/OFL.txt	4406	1e2235d7815818ef7bddbb86da9727aa22c3b40f
Dhurjati	Sans Serif	ofl/dhurjati/Dhurjati-Regular.ttf	990048	12c91e41973a4704f52984e2089fdb2eaf1ed4a5	ofl/dhurjati/OFL.txt	4393	38a8fe3a89035088d02a36e1b3084a0b42f9f035
Corben	Display	ofl/corben/Corben-Regular.ttf	35268	322dc9c8661090d92937159688ff3c4afbb845ad	ofl/corben/OFL.txt	4405	353817a99fe5ce743371540c6187bdfbb74f7acd
Chivo Mono	Monospace	ofl/chivomono/ChivoMono[wght].ttf	123880	4adcb2908841a8eb16a846bba8fac98e67d74d7e	ofl/chivomono/OFL.txt	4385	4e5e18cc08ec70f44a65bcdc8bebbb466cdd8012
DotGothic16	Sans Serif	ofl/dotgothic16/DotGothic16-Regular.ttf	2069236	844fc6373c3d5716eb9bde1d0663d8fffa4f8f06	ofl/dotgothic16/OFL.txt	4492	8a8f6546423f37d1306d76abedaa3c496b933c73
Tilt Warp	Display	ofl/tiltwarp/TiltWarp[XROT,YROT].ttf	256812	a4f182d457e8b4df1cb33d7f1a87e69befa17fae	ofl/tiltwarp/OFL.txt	4387	46728e60a25e37aaf03feb54ec38f8e884118d58
Afacad Flux	Sans Serif	ofl/afacadflux/AfacadFlux[slnt,wght].ttf	437512	a3df5d13a3bf86f5c2a115e441fed425f14e7ac2	ofl/afacadflux/OFL.txt	4383	5d6ffe03eb75243352510ed5f7d1fc8d8ef55c91
Zalando Sans	Sans Serif	ofl/zalandosans/ZalandoSans[wdth,wght].ttf	281728	03bec6aa6dcdd28bae64613d2b87e427df25a0b9	ofl/zalandosans/OFL.txt	4425	b1b9a9a2f0c8458ff9cfec4a5743bc62728c97c9
B612	Sans Serif	ofl/b612/B612-Regular.ttf	153192	05748970fad8c582d5467880cc1247f052e9acb9	ofl/b612/OFL.txt	4470	9d0aff04af093bcb3b0f9d4a26470536c9bec558
Livvic	Sans Serif	ofl/livvic/Livvic-Regular.ttf	104416	510f421ef4b28bce2fe68bf65b4f3f330e8ce78c	ofl/livvic/OFL.txt	4477	90e9d084e5c83fee6d3476bb70ebaf26c825a6f2
Kosugi	Sans Serif	apache/kosugi/Kosugi-Regular.ttf	2288848	56242e88aaf4aa912f28a93143f277824e356215	apache/kosugi/LICENSE.txt	11358	d645695673349e3947e8e5ae42332d0ac3164cd7
Ribeye	Display	ofl/ribeye/Ribeye-Regular.ttf	78492	e8de355f6ee2e41eb07e058b264a1e28282ba617	ofl/ribeye/OFL.txt	4449	93b8a4c4311e9dab5148edf200035c7a76cda0e1
Castoro	Serif	ofl/castoro/Castoro[wght].ttf	153492	78f1ff76f9a7f8c08a9193c71da36c0076ca75ad	ofl/castoro/OFL.txt	4390	2d3edd1c9872ecb08ba2bbb826e9005c412fba6d
Isometra	Serif	ofl/isometra/Isometra-Regular.ttf	44520	6206f13444debfa90685057a939dbda130e22282	ofl/isometra/OFL.txt	4384	e3b295b535d46c9c7c599c3bff8f13bfbbd04c6a
Chicle	Display	ofl/chicle/Chicle-Regular.ttf	41032	a0ce1cac4154ef7a61ebbfdb5dd1d7046d3fed90	ofl/chicle/OFL.txt	4454	862c7624e7d3621fffc56ddfcef553dc40c053fe
Iceberg	Display	ofl/iceberg/Iceberg-Regular.ttf	42808	75ea2f4bd85b2f072943905107cebae2e839b92d	ofl/iceberg/OFL.txt	4383	5514e4b1dab98fa533ef1d41ca6a383b87aaba07
Libre Caslon Condensed	Serif	ofl/librecasloncondensed/LibreCaslonCondensed[wght].ttf	169304	00967c1bf30cf5ba38b4953cadf529da58f48beb	ofl/librecasloncondensed/OFL.txt	4416	02d88649f4da4250afd113a52940db16e96a0a5f
Shalimar	Handwriting	ofl/shalimar/Shalimar-Regular.ttf	220724	9801c1a9e188b69d0df4d16699bbff5c1fa29fc6	ofl/shalimar/OFL.txt	4395	9ed0a65efdf9da560d0dcaea02ea1a912cf2e217
Eagle Lake	Handwriting	ofl/eaglelake/EagleLake-Regular.ttf	78000	c92200fa5d078a20a8e39ad11ead960044dbf233	ofl/eaglelake/OFL.txt	4431	36457e7e0d3fac6d630bc0052ce581546c59401a
Pathway Extreme	Sans Serif	ofl/pathwayextreme/PathwayExtreme[opsz,wdth,wght].ttf	305108	d18c67e48e84d687fd50ab456aaff0241c535f1b	ofl/pathwayextreme/OFL.txt	4405	8fd08fa1598c3501db9caea0968c53654b068f93
Armata	Sans Serif	ofl/armata/Armata-Regular.ttf	89724	eef7798abf784b843fec28accd065d9a506fcf9c	ofl/armata/OFL.txt	4396	a15ce26b44898e5ba560311be7b6392679c9b2b2
Aldrich	Sans Serif	ofl/aldrich/Aldrich-Regular.ttf	56548	5c15ab92a55dbca44cb6683ec9a6f4e0647edb59	ofl/aldrich/OFL.txt	4421	12bf69391b4dd2204118081b59ec71b6506ef91e
Noto Music	Sans Serif	ofl/notomusic/NotoMusic-Regular.ttf	181128	ad390597767a2a11cd9c0261c57eec5006ead7f3	ofl/notomusic/OFL.txt	4381	b6cd8a88e3c1ed12552e242d6428fd6bd8f292b1
Noto Sans Meetei Mayek	Sans Serif	ofl/notosansmeeteimayek/NotoSansMeeteiMayek[wght].ttf	95616	39999fd43c1dfcfdfab38bd9b9d67b71d9c0b4db	ofl/notosansmeeteimayek/OFL.txt	4388	32900c8362664a9c04687ff94101a21ea83372c9
Inria Serif	Serif	ofl/inriaserif/InriaSerif-Regular.ttf	99808	6cf35df38dd1166a7388202b5871c700b175512e	ofl/inriaserif/OFL.txt	4398	1d8f34b29f02d1144d23912f2fac1484c0fc5079
Hepta Slab	Serif	ofl/heptaslab/HeptaSlab[wght].ttf	555236	52ec46449cbf907dbe6bc3ac3469c834d5751370	ofl/heptaslab/OFL.txt	4393	7b4e86429d91799801db236d78cb42a4c149480b
Radley	Serif	ofl/radley/Radley-Regular.ttf	92920	6b8f8da78f2b9a6c83cd748d041397dfce23335c	ofl/radley/OFL.txt	4482	685785992b3313d302f05cf748980293b8d9d764
Tiro Devanagari Hindi	Serif	ofl/tirodevanagarihindi/TiroDevanagariHindi-Regular.ttf	423224	9a55b8c823496ca170aad4c4fced67891541fff0	ofl/tirodevanagarihindi/OFL.txt	4387	9acb0fd8b8e54a98007113da015d33419180ca05
Herr Von Muellerhoff	Handwriting	ofl/herrvonmuellerhoff/HerrVonMuellerhoff-Regular.ttf	46624	0beab30054b3156e719c67d7e0e904d559b49c2b	ofl/herrvonmuellerhoff/OFL.txt	4410	c3b870887c0066ce8e44560a7e00d4de03be662e
Vina Sans	Display	ofl/vinasans/VinaSans-Regular.ttf	93328	724f3c96f255ceb9703f91105cade4383600e73f	ofl/vinasans/OFL.txt	4389	ee772f28018c2c82748b42e40cbe55f4a513c1d0
Glegoo	Serif	ofl/glegoo/Glegoo-Regular.ttf	271368	388d1fe3c0985cabbf04eb5977fc6e6d0c553345	ofl/glegoo/OFL.txt	4446	838d39e3aabb5e99b6163cd3ce4d1cb585444ef6
PT Serif Caption	Serif	ofl/ptserifcaption/PT_Serif-Caption-Web-Regular.ttf	399840	26bdc697a0ffc42d8e48960bd088040e44a84742	ofl/ptserifcaption/OFL.txt	4434	e9f47cb8b582b7277c90c706f1a688348554a2c3
Montagu Slab	Serif	ofl/montaguslab/MontaguSlab[opsz,wght].ttf	529316	604063ee697cc7d8841e05edf9e1c5c42db4baaa	ofl/montaguslab/OFL.txt	4493	3d133334ac4f120f179ee2cb864146748e6e1ee5
Karma	Serif	ofl/karma/Karma-Regular.ttf	339812	1fc245b05a292c2368c4aca807240aef66c8e255	ofl/karma/OFL.txt	4373	6dd809659a8ccace7ccee108d024d33cd4f936da
Graduate	Serif	ofl/graduate/Graduate-Regular.ttf	59296	8e91dc9a24dcf2914b978fb8fa93c15cc083cc15	ofl/graduate/OFL.txt	4513	ae57c28a9d45cf94b0a12bdd11b29a592a39940c
Irish Grover	Display	apache/irishgrover/IrishGrover-Regular.ttf	52648	cbdb134867757fa76d72c16fa8432fb54208f06e	apache/irishgrover/LICENSE.txt	11358	d645695673349e3947e8e5ae42332d0ac3164cd7
Petit Formal Script	Handwriting	ofl/petitformalscript/PetitFormalScript-Regular.ttf	175068	b5905d2abd9cb8b3009f2c3522f186c3fc819d85	ofl/petitformalscript/OFL.txt	4661	84d4302636b1a5c028ae2f8ce4e115b4a7333fed
Enriqueta	Serif	ofl/enriqueta/Enriqueta-Regular.ttf	74508	df6046766734d480fc705ae5dc3395958c7967cc	ofl/enriqueta/OFL.txt	4414	237eed8ca73008a9fc167f609a4e03d9f48a9e1e
Bellefair	Serif	ofl/bellefair/Bellefair-Regular.ttf	65432	593c69bc58c85e27c8baf52b574ff15c8df22979	ofl/bellefair/OFL.txt	4389	a973f3e400f2555369892a8fec9b7d65ca394954
Cantata One	Serif	ofl/cantataone/CantataOne-Regular.ttf	96828	b31d2a704ef0d72de1e7a747208be8812f07e24b	ofl/cantataone/OFL.txt	4397	690edc7ef4ed308aece4a8c7e394a11e7cf4263b
Ubuntu Sans	Sans Serif	ufl/ubuntusans/UbuntuSans[wdth,wght].ttf	1080900	d1ebb552dd9a47c6e780c08ac12a83904c208c5c	ufl/ubuntusans/LICENCE.txt	4673	ae78a8f94eae372cb1ca4e14b67244342fce604e
Libre Barcode 128	Display	ofl/librebarcode128/LibreBarcode128-Regular.ttf	22380	15ff2bab5331b4ae8bf66f7df40892f8e6df0a78	ofl/librebarcode128/OFL.txt	4402	54028f3548d8a596a97286b7524558dbe1fb8e0e
Caudex	Serif	ofl/caudex/Caudex-Regular.ttf	466324	669f9f8c9d375158b9b2a9ff29de0070017e87cd	ofl/caudex/OFL.txt	4395	524fe381b4d7950b7b73f6f620479572613bd79e
Seaweed Script	Display	ofl/seaweedscript/SeaweedScript-Regular.ttf	117072	cf03a7cc009b32cb0c4a844a5b22aa8004f1ae98	ofl/seaweedscript/OFL.txt	4397	3bbe3bf7e8ee7ef1dacacf33b6788fe7dbf2214e
Noto Sans Gurmukhi	Sans Serif	ofl/notosansgurmukhi/NotoSansGurmukhi[wdth,wght].ttf	268608	49878eb913077538cc8973dcf4ad7c51f3e5fb22	ofl/notosansgurmukhi/OFL.txt	4384	e8052c2011abfc237708eed25640ac87545af65d
Lexend Exa	Sans Serif	ofl/lexendexa/LexendExa[wght].ttf	189908	726f9e50766679b8a8767dd092367650aaf7f510	ofl/lexendexa/OFL.txt	4436	b1477aae6210797999bd5ad9c13bcae5fc98788b
Spinnaker	Sans Serif	ofl/spinnaker/Spinnaker-Regular.ttf	24988	75eea3ad429ac252dbae79163b9bdd478da69db0	ofl/spinnaker/OFL.txt	4401	caba719d556654a14208735e521d809108399e9d
Charis SIL	Serif	ofl/charissil/CharisSIL-Regular.ttf	752900	fd5345200a75d3c5be473a1c2f2ec5afcad7e379	ofl/charissil/OFL.txt	4505	8638901625ec1320c8653b69def887be96197fd1
Cormorant SC	Serif	ofl/cormorantsc/CormorantSC-Regular.ttf	763624	98d4b6b7dcf027cb961d1d8bd1ee7f1ada4946d2	ofl/cormorantsc/OFL.txt	4387	507d70f4565352dbfcf2dfc9b42eb092b57c0be8
Noto Sans Kannada	Sans Serif	ofl/notosanskannada/NotoSansKannada[wdth,wght].ttf	641372	8a3ff863d2d742be0583d5602ea1b1637dcec939	ofl/notosanskannada/OFL.txt	4383	bf303a3873549e641591c7360ec669347bc1d9b5
Candal	Sans Serif	ofl/candal/Candal.ttf	32816	84fdedd13f323a32e6cfacf899b378629172f669	ofl/candal/OFL.txt	4396	38930f1c7dcc90d643c55289b53099706ca69955
Cal Sans	Sans Serif	ofl/calsans/CalSans-Regular.ttf	102768	8704264069e7d660454b244797a3f1bb1d94a9c2	ofl/calsans/OFL.txt	4381	52135553ce36d47c868d0dd93de3accaf60fea76
Bentham	Serif	ofl/bentham/Bentham-Regular.ttf	55468	0febe6620ab95efac9fc4efc5e0927212fe82314	ofl/bentham/OFL.txt	4487	be38a42d19f0a2623d0779eb6486cd66c5c8c495
Kodchasan	Sans Serif	ofl/kodchasan/Kodchasan-Regular.ttf	100832	0eb3da567544621e609700b3064caa9b6179cde3	ofl/kodchasan/OFL.txt	4391	c75485344270842444dd605b175664a92b94e056
Glory	Sans Serif	ofl/glory/Glory[wght].ttf	87024	87a22f7371ded4383bf242324764b0498083a9da	ofl/glory/OFL.txt	4481	5245db56e08cecb096734bf5e2cc4aabfd14a05c
Hahmlet	Serif	ofl/hahmlet/Hahmlet[wght].ttf	3559144	f2802e6cb92f7e811d695875fc12a003cf11b7fe	ofl/hahmlet/OFL.txt	4477	bb50f1948b9890c079cb61c1b0f9b9be1e233487
Allison	Handwriting	ofl/allison/Allison-Regular.ttf	143700	c04d17d4bfae7ee47f56f5604729aa4678a89989	ofl/allison/OFL.txt	4480	17a3a71a19b645e232f8cda00bad6e150f9c89ba
Zalando Sans Expanded	Sans Serif	ofl/zalandosansexpanded/ZalandoSansExpanded[wght].ttf	146688	838a1e17b10a359e7b1a5702adebb67c3ddedb42	ofl/zalandosansexpanded/OFL.txt	4425	b1b9a9a2f0c8458ff9cfec4a5743bc62728c97c9
Martian Mono	Monospace	ofl/martianmono/MartianMono[wdth,wght].ttf	148460	1dbec63b6d3a76f0eb2d63f3a6f921efbe66769c	ofl/martianmono/OFL.txt	4390	3d86611f3660e09781ef246830e82374cbd7dfab
Bona Nova SC	Serif	ofl/bonanovasc/BonaNovaSC-Regular.ttf	403312	5c7eaf5282e455fe50df1dd6db163924e8c299a9	ofl/bonanovasc/OFL.txt	4390	5ddd0f4ce915ab884f1c12360a4cd3deea3368ca
Judson	Serif	ofl/judson/Judson-Regular.ttf	220844	72e8198323cdb04c3840f2f4757c6c6644f35862	ofl/judson/OFL.txt	4379	ae44e1aa8951758381b5493129fd221fc300c0c7
Halant	Serif	ofl/halant/Halant-Regular.ttf	289408	f2fabf1e9154865a30dc29c93245008683a46891	ofl/halant/OFL.txt	4373	6dd809659a8ccace7ccee108d024d33cd4f936da
Podkova	Serif	ofl/podkova/Podkova[wght].ttf	163368	affb400b127924f41958bd00dda42ffcdb8048f2	ofl/podkova/OFL.txt	4478	923bb216534f156257c9ac8a032959d58f83a92d
Norican	Handwriting	ofl/norican/Norican-Regular.ttf	83416	45c2a2dd5153de836020910a9b6f71ca7b3f6c4d	ofl/norican/OFL.txt	4392	060a2b99b5c12700d55256ac86a4430b57b1fd14
Share	Sans Serif	ofl/share/Share-Regular.ttf	92012	a40cc5b104fcd96c57e658660a67558b269f5891	ofl/share/OFL.txt	4429	2ff09c1b7647c10aaa9c8a1eccd4970b5f1ae177
Metrophobic	Sans Serif	ofl/metrophobic/Metrophobic-Regular.ttf	79772	f198c74076af67f6970ab4ec0520a31f84d6b47a	ofl/metrophobic/OFL.txt	4533	e37061785bffc2eb36da861ec697b763f26d88ef
Baloo Bhaijaan 2	Display	ofl/baloobhaijaan2/BalooBhaijaan2[wght].ttf	285508	153e138c83079da5eb374f8de4637d1c0df5f2a4	ofl/baloobhaijaan2/OFL.txt	4384	72adb492d4f0ede2a9dbdefed607f33ad3a6fc68
TikTok Sans	Sans Serif	ofl/tiktoksans/TikTokSans[opsz,slnt,wdth,wght].ttf	761964	a5ec72a2a33c4694b0affba85325e51f115f7ba7	ofl/tiktoksans/OFL.txt	4370	94efc6826594afc19b1c5f778ee9e4a9db33d5dc
Brygada 1918	Serif	ofl/brygada1918/Brygada1918[wght].ttf	242256	6cf7fa0f274922e965400be92bd31ed0ef220b64	ofl/brygada1918/OFL.txt	4396	767d14d984efebee88b2cf33bc0b13d4714c0705
Reddit Sans Condensed	Sans Serif	ofl/redditsanscondensed/RedditSansCondensed[wght].ttf	261768	172937e3212537ecbbafdb2ba07449daf7d9a271	ofl/redditsanscondensed/OFL.txt	4879	16ca390397fd8f50c5fcedb887c7c926c27d8c74
Alegreya SC	Serif	ofl/alegreyasc/AlegreyaSC-Regular.ttf	367628	7e79c49cde0af2c93f957ad98bc95f028135876f	ofl/alegreyasc/OFL.txt	4395	1a25b6d8a7f84147962200321d2ffa75b960b9af
Schoolbell	Handwriting	apache/schoolbell/Schoolbell-Regular.ttf	48904	874dc7f17bc3cf85ef45696ceeb0bd11423e6b39	apache/schoolbell/LICENSE.txt	11358	d645695673349e3947e8e5ae42332d0ac3164cd7
Markazi Text	Serif	ofl/markazitext/MarkaziText[wght].ttf	296896	a02cd7c4cbdca754036303aa86e5a05e55a22656	ofl/markazitext/OFL.txt	4485	0a0336aeb5a0a3554aa3ef31b9454b0a13bdaeca
Caladea	Serif	ofl/caladea/Caladea-Regular.ttf	81600	a490e8f0ee259187614fb36ff3e6fae98dc5b355	ofl/caladea/OFL.txt	4393	b9d685b2fb49216f452fc0cf9728ce6673d910cb
Alef	Sans Serif	ofl/alef/Alef-Regular.ttf	90996	c7255f73f178beec2ee6dcdda76c6048520fa0d1	ofl/alef/OFL.txt	4519	7daa90aafe8fa5e8f985f26e30830a097057939b
Aref Ruqaa	Serif	ofl/arefruqaa/ArefRuqaa-Regular.ttf	110696	49e2c4e29ee2e24c4e36a8857f45a24d13d103f3	ofl/arefruqaa/OFL.txt	4464	f89db8233df5ee80af5f86b74ade558305ee13aa
Allerta Stencil	Sans Serif	ofl/allertastencil/AllertaStencil-Regular.ttf	20260	59b5c6dd0dc9107541ae530c4e76b296d7c8b34c	ofl/allertastencil/OFL.txt	4395	b57986f290fd9661ec4d69c61b0565d478200880
Kripa	Sans Serif	ofl/kripa/Kripa[wght].ttf	344556	2daf023838bf798ddf95a871e57be3b0fc305d0a	ofl/kripa/OFL.txt	4384	620d8d13c59e88e1ac210b324f8f3735c78f3765
Marvel	Sans Serif	ofl/marvel/Marvel-Regular.ttf	38220	a16b16c90a33200b64368f482170d61a37fe1ff8	ofl/marvel/OFL.txt	4393	9b7d56193bb79a42ad76b8912533732089ab250c
ZCOOL KuaiLe	Sans Serif	ofl/zcoolkuaile/ZCOOLKuaiLe-Regular.ttf	1514968	3cf6cd927ee910d46875de173efdaac4330e84ac	ofl/zcoolkuaile/OFL.txt	4398	fe1432fe7e56b24842d855a8ddbde0911a844d7f
Rosario	Sans Serif	ofl/rosario/Rosario[wght].ttf	150940	7be0f68c0b9175c3701405242b201d7dfcde57b2	ofl/rosario/OFL.txt	4388	453b70a8d0c1fabd8abb12392280fb903200d413
Coming Soon	Handwriting	apache/comingsoon/ComingSoon-Regular.ttf	53256	428f144502cd213c4d1779f1b48f9369053679d7	apache/comingsoon/LICENSE.txt	11358	d645695673349e3947e8e5ae42332d0ac3164cd7
Shantell Sans	Display	ofl/shantellsans/ShantellSans[BNCE,INFM,SPAC,wght].ttf	1284736	e40efb056c7f4ff149b5840277adeaaca5aeb8b9	ofl/shantellsans/OFL.txt	4397	5a9d52518e5deb7df3a087470ab17e6d961d0c35
Grand Hotel	Handwriting	ofl/grandhotel/GrandHotel-Regular.ttf	65012	c330c92b2031124aca6f04fe2c027261efafd1b9	ofl/grandhotel/OFL.txt	4540	c5b759d5808e5e7708cf7eba48b60d33a464e229
Sigmar One	Display	ofl/sigmarone/SigmarOne-Regular.ttf	172512	94b0aeaaf4ef5a314489289b9b6d22acfd137ca1	ofl/sigmarone/OFL.txt	4374	cf92d6945fb4ce605dc92bdfa30b269c65ec4ffa
Style Script	Handwriting	ofl/stylescript/StyleScript-Regular.ttf	603164	b3fb6dc2735669c5b87d237e7c89d77b8b8a21d1	ofl/stylescript/OFL.txt	4489	931eaa9ebd65dfd530779e5a759c77e97a9042eb
Mouse Memoirs	Sans Serif	ofl/mousememoirs/MouseMemoirs-Regular.ttf	55932	770de8d3c37f981c356d41d0ad3a38a9ce086cee	ofl/mousememoirs/OFL.txt	4528	e30d05082808e92d44e2bc2e66443d089d630b16
Fondamento	Handwriting	ofl/fondamento/Fondamento-Regular.ttf	87160	d0489b2934f853cb018a2e0c8ca3010ded0bb44c	ofl/fondamento/OFL.txt	4459	3b2b11d1ec59bd75c89080b602afa36b6ca36b34
Ibarra Real Nova	Serif	ofl/ibarrarealnova/IbarraRealNova[wght].ttf	114164	e882f950cf1e6973f242c8bfd67010a1d1eaff0c	ofl/ibarrarealnova/OFL.txt	4492	85efe0293835e98d4abb72d938571cb1794d5fbb
Dawning of a New Day	Handwriting	ofl/dawningofanewday/DawningofaNewDay.ttf	65344	6d3caeff8f400e7508fec87f16b79b27e65d45ba	ofl/dawningofanewday/OFL.txt	4362	06117d9dfe08e8ac9818115cc1898c05a197c27f
Nobile	Sans Serif	ofl/nobile/Nobile-Regular.ttf	65152	1853eaabbd2c5d62b80b08681a93846c9ddaf30e	ofl/nobile/OFL.txt	4401	a6965c84271068d34eb307c5a1f1a986cbc02d1a
Over the Rainbow	Handwriting	ofl/overtherainbow/OvertheRainbow.ttf	47508	b25e282200d3bad3a158ea1896c6b0e5216dcab2	ofl/overtherainbow/OFL.txt	4362	06117d9dfe08e8ac9818115cc1898c05a197c27f
Lexend Peta	Sans Serif	ofl/lexendpeta/LexendPeta[wght].ttf	192228	2561449ec9ec3ec100fcf88dc0b09f1faddae864	ofl/lexendpeta/OFL.txt	4436	b1477aae6210797999bd5ad9c13bcae5fc98788b
Laila	Serif	ofl/laila/Laila-Regular.ttf	348824	9c4768d8e1be348d154a55acc9048938b6734252	ofl/laila/OFL.txt	4373	6dd809659a8ccace7ccee108d024d33cd4f936da
Vujahday Script	Handwriting	ofl/vujahdayscript/VujahdayScript-Regular.ttf	333472	8cdddb1cf47a94cb08d12232e47a9ee8c68cdfe3	ofl/vujahdayscript/OFL.txt	4397	7be173aea8779d3faa346a59b8fb918c8bad0de2
Sedgwick Ave Display	Handwriting	ofl/sedgwickavedisplay/SedgwickAveDisplay-Regular.ttf	140148	5fd7b9dca36672fd96bbda28ddfc5d43a5280573	ofl/sedgwickavedisplay/OFL.txt	4396	7406b067003750629e584e523d4da0369e95b915
Annie Use Your Telescope	Handwriting	ofl/annieuseyourtelescope/AnnieUseYourTelescope-Regular.ttf	51068	1d2d6929065702ffc69392eb59a4f201e36a284d	ofl/annieuseyourtelescope/OFL.txt	4362	06117d9dfe08e8ac9818115cc1898c05a197c27f
Libre Barcode 39 Text	Display	ofl/librebarcode39text/LibreBarcode39Text-Regular.ttf	22984	bda6d8615a27d8278f2f1a7769cb5728eeb38c45	ofl/librebarcode39text/OFL.txt	4402	54028f3548d8a596a97286b7524558dbe1fb8e0e
Rampart One	Display	ofl/rampartone/RampartOne-Regular.ttf	3722352	10ec966a4e51f8d6cfe3f490ca1c13f03aa951c1	ofl/rampartone/OFL.txt	4484	36507a2b7b734202f07f9f380e574c781c68513a
Arbutus Slab	Serif	ofl/arbutusslab/ArbutusSlab-Regular.ttf	69268	1e9cf78f780367ae5d9f4d8f56778a3cba99bade	ofl/arbutusslab/OFL.txt	4401	92850abd46f7b84e86e5dc05a032cb52250681b9
Nixie One	Display	ofl/nixieone/NixieOne-Regular.ttf	52580	1bead886d30f7d5f094702279938f8b8f11f989f	ofl/nixieone/OFL.txt	4365	f060e75fc49e3876fe5f1329df995b5d4291c07a
Anton SC	Sans Serif	ofl/antonsc/AntonSC-Regular.ttf	162116	236afd129a7e72f9a09f8648cc466c779facac84	ofl/antonsc/OFL.txt	4484	93feddee37145696e123ea65a6772cab09663f9e
Rancho	Handwriting	apache/rancho/Rancho-Regular.ttf	44832	3584f5b04e6ce29d2b46d3fcdf86e7bdfd4a6330	apache/rancho/LICENSE.txt	11358	d645695673349e3947e8e5ae42332d0ac3164cd7
ADLaM Display	Display	ofl/adlamdisplay/ADLaMDisplay-Regular.ttf	97228	ddec27e5c8fd2525432ae9c38d70dbdc9932df68	ofl/adlamdisplay/OFL.txt	4357	de715791b05bfc2f6cee3f53c35fb134b4904657
Nanum Brush Script	Handwriting	ofl/nanumbrushscript/NanumBrushScript-Regular.ttf	3564804	ddebf3ab673d384dad7fa09475887e750563f52f	ofl/nanumbrushscript/OFL.txt	4534	69ff40157d0bba4c65e4ecf77564e1f01d0b02a5
Scada	Sans Serif	ofl/scada/Scada-Regular.ttf	91020	39881b450b17dd55b3362f97b04b5a1d6778568d	ofl/scada/OFL.txt	4365	f8d13bc92446b18ed09750371841cdbfaaa335d0
Special Gothic	Sans Serif	ofl/specialgothic/SpecialGothic[wdth,wght].ttf	264080	f1a7a0d50d8ea770d02d3a9e2c08ace563e940f7	ofl/specialgothic/OFL.txt	4408	0c0389791928582c4f1fa9a41b0729bbb4398e2e
Cormorant Upright	Serif	ofl/cormorantupright/CormorantUpright-Regular.ttf	222732	826a1f87277056eb0fe99ee1125c246b55badc9e	ofl/cormorantupright/OFL.txt	4413	5b8e7415d1dfb3e3167a837c523a90f089903202
Anybody	Display	ofl/anybody/Anybody[wdth,wght].ttf	201352	bc9de3e00faddfe87e395c1813242cc45d32b28e	ofl/anybody/OFL.txt	4486	e9b1e168ce5118e080ce8436783958b748357ac7
Hedvig Letters Serif	Serif	ofl/hedviglettersserif/HedvigLettersSerif[opsz].ttf	122240	3b9ee54479e79dd2a06aebbc5fec49577690a17e	ofl/hedviglettersserif/OFL.txt	4402	0573857f32a042e1ca6b7587346987bf25fb4843
Lexend Zetta	Sans Serif	ofl/lexendzetta/LexendZetta[wght].ttf	192720	8084d97aaf1f439a5fdf7019a691340ea2c868e6	ofl/lexendzetta/OFL.txt	4436	b1477aae6210797999bd5ad9c13bcae5fc98788b
Monomaniac One	Sans Serif	ofl/monomaniacone/MonomaniacOne-Regular.ttf	122056	fc0a7086ec2bea46c98d25a5c275b19873cf67bc	ofl/monomaniacone/OFL.txt	4420	02ac78449bb58c6c66f5ba0f95f26d5cdb7ad85e
Gabriela	Serif	ofl/gabriela/Gabriela-Regular.ttf	70984	41b0aaf34564606503fe7c0cd506ad74a3336a45	ofl/gabriela/OFL.txt	4515	89cb75a5e1cc3f9e67909bd56b38eaab81447f25
Antic Didone	Serif	ofl/anticdidone/AnticDidone-Regular.ttf	39668	48ed2130e9cef67374c980e034f69f8d0019e441	ofl/anticdidone/OFL.txt	4397	25a6725c67e03ebb6169083707e53dda03aea939
BioRhyme	Serif	ofl/biorhyme/BioRhyme[wdth,wght].ttf	188500	f64da1cec447a47bfd5963b9773468fb7de6d5da	ofl/biorhyme/OFL.txt	4489	e15cb81324b8e0eb98aae8b76e558f69bd2c6163
Arizonia	Handwriting	ofl/arizonia/Arizonia-Regular.ttf	126276	8fee5a13a57a891d517a88179755d55f575ef848	ofl/arizonia/OFL.txt	4395	3c0f5f8946081d85aa4820244b4e3f98602e3185
Inria Sans	Sans Serif	ofl/inriasans/InriaSans-Regular.ttf	83672	2d3cb65530251a9efd0e700731d0504d3e947828	ofl/inriasans/OFL.txt	4397	59b0faea9a194a4b45b08f88747bc1e9e0b34e82
Overlock	Display	ofl/overlock/Overlock-Regular.ttf	49468	25d8fe630303b7048aad627a2431a87643de6d63	ofl/overlock/OFL.txt	4422	3f4681a30bc283b7c13daa2c282eafd253f382a0
Wallpoet	Display	ofl/wallpoet/Wallpoet-Regular.ttf	39904	d932fbeb0c701a246bda3c9473793f60dc1e0770	ofl/wallpoet/OFL.txt	4400	6c0ff2bcb262ee31454443797fb42b534a9511e5
Allerta	Sans Serif	ofl/allerta/Allerta-Regular.ttf	19596	63a1a8ef142e5115dc2e57f23c6cb1471fed00c1	ofl/allerta/OFL.txt	4395	b57986f290fd9661ec4d69c61b0565d478200880
MedievalSharp	Display	ofl/medievalsharp/MedievalSharp.ttf	148712	4534f0e5d7fb1eb27e929052630edcf39af7855e	ofl/medievalsharp/OFL.txt	4276	73c30fe202f3cf55b43b6183f1c46e05df5c934b
Kristi	Handwriting	ofl/kristi/Kristi-Regular.ttf	47440	5e0a598dd2fd54f52a6e2b7300afc5fa44bf72d9	ofl/kristi/OFL.txt	4358	4dad6ce0ad87387f809b17f8cd73c02bbc56d225
Flow Circular	Display	ofl/flowcircular/FlowCircular-Regular.ttf	45788	5a41ce1c76140f04b2d4721c8413cb9b34fd5691	ofl/flowcircular/OFL.txt	4384	164a1989e9269840563077d4d137842efac81b30
Fjord One	Serif	ofl/fjordone/FjordOne-Regular.ttf	54156	fbf4cc7e5a0fad0b24a808f7d7f49eb56ab937ad	ofl/fjordone/OFL.txt	4411	81a6015690f9a76f3a7f6abb51a7dd067b95e06d
AR One Sans	Sans Serif	ofl/aronesans/AROneSans[ARRR,wght].ttf	187856	9a8035ee0c9e72cbe4fb54dcbc088a246a6a7ea0	ofl/aronesans/OFL.txt	4393	7dc1110f549f31baa0cd9a9de86b0309474f1afd
Goudy Bookletter 1911	Serif	ofl/goudybookletter1911/GoudyBookletter1911.ttf	73496	7d0a83f8d7d7e3ef36b4c241e80a2b525561c259	ofl/goudybookletter1911/OFL.txt	4355	fd7501d61a841dedb819b3f8d6a17e861ee43772
Noto Sans Oriya	Sans Serif	ofl/notosansoriya/NotoSansOriya[wdth,wght].ttf	613116	70b24d4a0dd8a990f5efb60dca92bef52dfef4df	ofl/notosansoriya/OFL.txt	4381	d3443d96816e441b2b1581f38411549f49ad5cea
RocknRoll One	Sans Serif	ofl/rocknrollone/RocknRollOne-Regular.ttf	2682824	95f92adda0d50a5255a552e528f4aff05e414b6c	ofl/rocknrollone/OFL.txt	4488	7533550f40651462bb8b30d2770318ac22ea587e
Inclusive Sans	Sans Serif	ofl/inclusivesans/InclusiveSans[wght].ttf	112280	ccc6c71a23782d2d9b2a4d2e6e938e022c0d4e65	ofl/inclusivesans/OFL.txt	4398	ca5dd5d917d5d1ddafeca3575bd46da710f0d3ab
Trocchi	Serif	ofl/trocchi/Trocchi-Regular.ttf	68840	270794d2df131032d8b5468636bcb437a05d0ccc	ofl/trocchi/OFL.txt	4383	b97a62baf845fa15c88a052ece1e74d7085e2ed5
Sniglet	Display	ofl/sniglet/Sniglet-Regular.ttf	75212	a1c45c961b66a2d49685cf1ef701693aaa699dbe	ofl/sniglet/OFL.txt	4592	5fff6e6395dc12af00c43a01840a367a6c86feb7
Alatsi	Sans Serif	ofl/alatsi/Alatsi-Regular.ttf	444204	b140b272dd2280a1df8b666fb023fa8e36db1944	ofl/alatsi/OFL.txt	4384	7b0e4c75010f00a868b4b72eb2b837d64dde8d8c
Kantumruy Pro	Sans Serif	ofl/kantumruypro/KantumruyPro[wght].ttf	200464	2b8def15ff51391200ef743a66d8aed61917fd3e	ofl/kantumruypro/OFL.txt	4396	fe2dc877337c71b6b50cd33b366259bdbd3c4636
Grenze Gotisch	Display	ofl/grenzegotisch/GrenzeGotisch[wght].ttf	193492	5d093c0a18ebe84b594dd0175e435693d1a48c43	ofl/grenzegotisch/OFL.txt	4402	03e84a8b44d4ec69dfe1a3e66481623c898c5a81
Baloo Thambi 2	Display	ofl/baloothambi2/BalooThambi2[wght].ttf	307136	e0cfc612ede3dab7e995e38964895b68e1c18701	ofl/baloothambi2/OFL.txt	4384	72adb492d4f0ede2a9dbdefed607f33ad3a6fc68
Ysabeau Office	Sans Serif	ofl/ysabeauoffice/YsabeauOffice[wght].ttf	401964	cdde1455114758bd51aa1e63f95b53a6aaa7c11d	ofl/ysabeauoffice/OFL.txt	4391	b0530d60f24044f2ab7a9bbe9bd837bb2b0e7a45
Bellota Text	Display	ofl/bellotatext/BellotaText-Regular.ttf	191092	446d854c259c15cc312f7ee09ca8438a9117437d	ofl/bellotatext/OFL.txt	4386	4597db1c71f7894ecdec505ebf5003f879664041
Bayon	Sans Serif	ofl/bayon/Bayon-Regular.ttf	55132	369b719e80f10b26f989b4ee56bb1b9bd57cab91	ofl/bayon/OFL.txt	4380	074a2dbee274ee29255a81d807c84d21aeb7fe53
Waiting for the Sunrise	Handwriting	ofl/waitingforthesunrise/WaitingfortheSunrise.ttf	59240	ef89efdaae560c70678ede2da5ba61bf8826dcdb	ofl/waitingforthesunrise/OFL.txt	4362	06117d9dfe08e8ac9818115cc1898c05a197c27f
Bubblegum Sans	Display	ofl/bubblegumsans/BubblegumSans-Regular.ttf	38844	0bc52756af0ca0650295aecc15a68bc107182952	ofl/bubblegumsans/OFL.txt	4463	a2da89d2dec649ad4968e9f64cf82ac9d4e20eaa
Yusei Magic	Sans Serif	ofl/yuseimagic/YuseiMagic-Regular.ttf	3134968	76e228f8f4cb429e1dc843f461fece77dddb8a49	ofl/yuseimagic/OFL.txt	4393	2e231ec4688fbfeb3eb071682f1f70dddea100d3
Koulen	Display	ofl/koulen/Koulen-Regular.ttf	56324	872a410e69cbc6df10aded4ba543a5c84585b8e6	ofl/koulen/OFL.txt	4382	a46298d346400d37ed4c98571ec8663732b5cd7d
Sometype Mono	Monospace	ofl/sometypemono/SometypeMono[wght].ttf	64308	cc4576588053bd4a2f1ec0295032ce0b54aaa08a	ofl/sometypemono/OFL.txt	4400	afe4278b9818ff46beb602d3a03e494db5af5136
Mountains of Christmas	Display	apache/mountainsofchristmas/MountainsofChristmas-Regular.ttf	122376	c4a6f4b1d53e4e8ae1806a176e15152f342f7b86	apache/mountainsofchristmas/LICENSE.txt	11560	75b52484ea471f882c29e02693b4f02dba175b5e
Anaheim	Sans Serif	ofl/anaheim/Anaheim[wght].ttf	114604	7b971b10530fbce0dcefe8c7ce2291da9902f1d8	ofl/anaheim/OFL.txt	4392	a72dbae5044a2078605faa5211b47e3a1d88e255
Yesteryear	Handwriting	ofl/yesteryear/Yesteryear-Regular.ttf	64856	76269e8d6a30b47518cb948f8e893712cc30beee	ofl/yesteryear/OFL.txt	4433	e74840db98c1eaba946c0ad6d2627c6f9d3875af
Marmelad	Sans Serif	ofl/marmelad/Marmelad-Regular.ttf	142764	ac1c029854b383e662a11bc4d3a7e2ba0d4c7d70	ofl/marmelad/OFL.txt	4492	b1e2dcbea5a51c17b214a00048bbe02babdcf11f
Birthstone	Handwriting	ofl/birthstone/Birthstone-Regular.ttf	381092	ecb4e9d18868e9e8e5d57ba1e354241087797d26	ofl/birthstone/OFL.txt	4486	b7e3bc91c2a56ffc16d215e12d937312d8a97628
Maitree	Serif	ofl/maitree/Maitree-Regular.ttf	194476	ae4be5d454eb715f8a6549ab287a6f5d4a279521	ofl/maitree/OFL.txt	4452	c760a319adc706a8a0296841ad79a9031d527ac5
Amiko	Sans Serif	ofl/amiko/Amiko-Regular.ttf	192880	4c15514758e2d9e6d6ca368003164adbf690a077	ofl/amiko/OFL.txt	4452	41ed6ae87813b6b35afb66b0070aa7ec45b13ddc
Tilt Neon	Display	ofl/tiltneon/TiltNeon[XROT,YROT].ttf	583288	2cbff4386f663efd9caaa20dfd4fde9f333b6e89	ofl/tiltneon/OFL.txt	4387	46728e60a25e37aaf03feb54ec38f8e884118d58
Calligraffitti	Handwriting	apache/calligraffitti/Calligraffitti-Regular.ttf	59860	49a52426120680911f25f6539f8c3d2a703773b0	apache/calligraffitti/LICENSE.txt	11358	d645695673349e3947e8e5ae42332d0ac3164cd7
Asul	Serif	ofl/asul/Asul-Regular.ttf	33440	8ad0153ad49bef23ffeee518fd1190f816235045	ofl/asul/OFL.txt	4420	d068f5cc9166f2b1c08defc8e0791ef1444db89d
Oxygen Mono	Monospace	ofl/oxygenmono/OxygenMono-Regular.ttf	68940	64c165c923ee63752b39b22f6c4c055ea77040f9	ofl/oxygenmono/OFL.txt	4398	5f3451c67586c7caabfd6a3cb9a5003e7217cfd6
Hurricane	Handwriting	ofl/hurricane/Hurricane-Regular.ttf	377368	f897dad532a189c8c197b7db9a47e055e2e62619	ofl/hurricane/OFL.txt	4489	5ea4dd4f487aab804301a95aa4d9b3221b32846b
KoHo	Sans Serif	ofl/koho/KoHo-Regular.ttf	96176	9df5102e321afae6739d149f2eee58f3095878cb	ofl/koho/OFL.txt	4381	fe639f2a98e5e72ed898c683bccf1c020dad96ec
Faster One	Display	ofl/fasterone/FasterOne-Regular.ttf	94044	3d1bd2bb2006d19ff460559c772f24dbfaa21c96	ofl/fasterone/OFL.txt	4508	18de4e0a71c5e508d7f104d0f84f90dbf3eb71dd
Average Sans	Sans Serif	ofl/averagesans/AverageSans-Regular.ttf	43824	054b6b371beda143d6cfc0e6f7d4e88a794ac0b3	ofl/averagesans/OFL.txt	4397	c0b47a64b93f797a8acc26ac5e8349cd79fd572f
Anek Devanagari	Sans Serif	ofl/anekdevanagari/AnekDevanagari[wdth,wght].ttf	2190532	a40c71aa064fbc91a7f4ad86d801b5bb14d42979	ofl/anekdevanagari/OFL.txt	4379	6e46064f855d1d252f1f7d61e7dd1d5a07d409bf
Zen Dots	Display	ofl/zendots/ZenDots-Regular.ttf	37112	0ebced970a086e228cc2c2c6b55fed15939ae241	ofl/zendots/OFL.txt	4386	d8eabafa13b217fdfdfaac844c38946781ea85a3
Monsieur La Doulaise	Handwriting	ofl/monsieurladoulaise/MonsieurLaDoulaise-Regular.ttf	54288	bb944eb8314f9170a8c59f6902523fbde6b603c7	ofl/monsieurladoulaise/OFL.txt	4410	ed58213bcbdf1f92a465e1a3e833ce73ab18c09d
Love Ya Like A Sister	Display	ofl/loveyalikeasister/LoveYaLikeASister.ttf	271924	e530df17af8c366f5bb574968e641dbb687254ba	ofl/loveyalikeasister/OFL.txt	4362	06117d9dfe08e8ac9818115cc1898c05a197c27f
Libertinus Serif	Serif	ofl/libertinusserif/LibertinusSerif-Regular.ttf	603444	3312de54add3209f9a590dd75a2209c1e4c61d9f	ofl/libertinusserif/OFL.txt	4993	7eed4a8a23816aa34fb7a08f9d382b4dcab316fb
Inknut Antiqua	Serif	ofl/inknutantiqua/InknutAntiqua-Regular.ttf	393736	1e45e51b4dec375aa97732d8c87539e760f38060	ofl/inknutantiqua/OFL.txt	4492	3ddb498527c3021fdf052fe6794c9cf2e201715e
Mogra	Display	ofl/mogra/Mogra-Regular.ttf	323028	4fee5bb76051b832621461aaab84eff59f37af2b	ofl/mogra/OFL.txt	4383	b3191e0e7a40a768ac0ed32aeb4cfda10ab7c0a0
Poetsen One	Display	ofl/poetsenone/PoetsenOne-Regular.ttf	200920	8ff0612d9d3c0ffc89b382227c96c8d446c0d630	ofl/poetsenone/OFL.txt	4570	015ea79f9d6efbf15565b6eb7a80256d7cd7dcd5
Recursive	Sans Serif	ofl/recursive/Recursive[CASL,CRSV,MONO,slnt,wght].ttf	2379132	367e2df5ad567b3dcd958d11a712de9fe7d3bac1	ofl/recursive/OFL.txt	4389	d4361a99fe5b5091c2a7596ee55818da51373a3d
David Libre	Serif	ofl/davidlibre/DavidLibre-Regular.ttf	127740	8e05da97f09ff7c0d801236c0958dd21935d865a	ofl/davidlibre/OFL.txt	4542	6fa7b797dcd31236b624564f6865fde340bd026f
Voltaire	Sans Serif	ofl/voltaire/Voltaire-Regular.ttf	291496	7391201779230722d661f2af6f605acd4b5b3f10	ofl/voltaire/OFL.txt	4388	b64bdb3583405502382c4f4c3b7b57cbe9760eaa
Corinthia	Handwriting	ofl/corinthia/Corinthia-Regular.ttf	222456	b28c5717d01f948961e43bb225aab39348e02248	ofl/corinthia/OFL.txt	4484	99a05f531c3beeac3e8d81fc340e42bfcf3bcce0
Nova Mono	Monospace	ofl/novamono/NovaMono.ttf	302380	4b2a6a21f52fee72dac35d2f505817e9a5450438	ofl/novamono/OFL.txt	4271	693d69a95051528f1f2a472112c9c3e9b7475377
Meddon	Handwriting	ofl/meddon/Meddon.ttf	128264	8c64e1fb9467b8ab214c2af709da045526f96214	ofl/meddon/OFL.txt	4404	3e22f1be5aee7d133e6fa14b54400be78bd7ccd1
Farro	Sans Serif	ofl/farro/Farro-Regular.ttf	68588	5b8b4016a0909056ac6ebea19e1c014bab5f96d4	ofl/farro/OFL.txt	4476	6e87e043402c3d1c74efde1d639aa1d61b04aa0c
Encode Sans Expanded	Sans Serif	ofl/encodesansexpanded/EncodeSansExpanded-Regular.ttf	167656	01f49beaff988cad3003d7b552b2f2e6baf93914	ofl/encodesansexpanded/OFL.txt	4502	85ef5d0bd1fffe7b1918b19c96266ea7634be721
Cormorant Unicase	Serif	ofl/cormorantunicase/CormorantUnicase-Regular.ttf	763872	e12bc600bbf21544be8c98bc3c2448cb857f13fb	ofl/cormorantunicase/OFL.txt	4387	507d70f4565352dbfcf2dfc9b42eb092b57c0be8
Major Mono Display	Monospace	ofl/majormonodisplay/MajorMonoDisplay-Regular.ttf	126788	4cc402e72de2b3be4fad114007e81d18f2a17ddc	ofl/majormonodisplay/OFL.txt	4485	aecb6e746cb9c73445876b2c04f042719e3e9afc
Turret Road	Display	ofl/turretroad/TurretRoad-Regular.ttf	51680	79672177f5e9b79bc2da6dac58cf651e453d39a2	ofl/turretroad/OFL.txt	4391	30e5aade475ed18c5e6c2a0b26839a5fcbc8c000
Noto Serif Devanagari	Serif	ofl/notoserifdevanagari/NotoSerifDevanagari[wdth,wght].ttf	757692	3d90da279fe70b5017d9b51f58772f0c9ea4146e	ofl/notoserifdevanagari/OFL.txt	4386	cd2cc5c94b4151933eba6ee508e3975274d6fa07
Atkinson Hyperlegible Mono	Sans Serif	ofl/atkinsonhyperlegiblemono/AtkinsonHyperlegibleMono[wght].ttf	53960	d5208f64392e7e15624be4afff7f1283bbaf8069	ofl/atkinsonhyperlegiblemono/OFL.txt	4436	63eb4ba5ba8498a919c911b9cf2b3091b1447096
Scheherazade New	Serif	ofl/scheherazadenew/ScheherazadeNew-Regular.ttf	331504	80e1be589d5d687b0764904bf5a37627587d9bd6	ofl/scheherazadenew/OFL.txt	4495	5681491c71182e5872d885886fc54935b74c6f08
Zalando Sans SemiExpanded	Sans Serif	ofl/zalandosanssemiexpanded/ZalandoSansSemiExpanded[wght].ttf	148796	f99fc436d000dd1111701e4adce9ae1687c9d6ba	ofl/zalandosanssemiexpanded/OFL.txt	4425	b1b9a9a2f0c8458ff9cfec4a5743bc62728c97c9
Akatab	Sans Serif	ofl/akatab/Akatab-Regular.ttf	110568	fd9d7cdd16d9694c445a620b83c0da4833ffc235	ofl/akatab/OFL.txt	4598	9f0766af293dca54cfd81f7594d19a55b9edf8a7
Magra	Sans Serif	ofl/magra/Magra-Regular.ttf	45536	6e252b0c249f67a662d1162907033c7d39fcf4fc	ofl/magra/OFL.txt	4406	ade56d0e6c96e551acb9ff5b5473fba69d3960da
Pompiere	Display	ofl/pompiere/Pompiere-Regular.ttf	36632	80cac06a55e8a3c5260b583278eb52975fa247fe	ofl/pompiere/OFL.txt	4398	bcb4c7e2daf995e30fd9d424d01785ece4d6a94a
Rouge Script	Handwriting	ofl/rougescript/RougeScript-Regular.ttf	46752	7bac604289bff42fcc20a2336c431925042d8702	ofl/rougescript/OFL.txt	4399	0d01f03116bfd3bcacb1b7e83b423794a85bfb49
Bungee Inline	Display	ofl/bungeeinline/BungeeInline-Regular.ttf	152376	ad98f18161e5984c19c1dbbde4ae549a580568ba	ofl/bungeeinline/OFL.txt	4473	6f47072f01b8698301896b247b7087c023a4da2d
Noto Serif Thai	Serif	ofl/notoserifthai/NotoSerifThai[wdth,wght].ttf	292188	ef511270e21b250f7befe58b33bb3b44edf58369	ofl/notoserifthai/OFL.txt	4380	7fa8dcb08ce4d2667b683ac4a8e79166e44e5277
Delicious Handrawn	Handwriting	ofl/delicioushandrawn/DeliciousHandrawn-Regular.ttf	74692	2ece1edecfda09aef7be40c5ba647d52ceff34b1	ofl/delicioushandrawn/OFL.txt	4409	bc6b11bdb1e53d9394344731e76e4e080ea545c3
Noto Serif Khojki	Serif	ofl/notoserifkhojki/NotoSerifKhojki[wght].ttf	233136	8d43b91bccbe57698ae0a3aa28edfc8e13025021	ofl/notoserifkhojki/OFL.txt	4382	81ef75a7ce3546a4488f7a97ad6cdf931eed8519
Ruslan Display	Display	ofl/ruslandisplay/RuslanDisplay-Regular.ttf	55048	ab8bbc2c7a25b0717ceb4787347d8655fb3d9ece	ofl/ruslandisplay/OFL.txt	4417	73e4f76ad1d679689d812dbbfbc053103e4427a3
Lekton	Monospace	ofl/lekton/Lekton-Regular.ttf	114320	e971ecaa5963e8a094c914e52a6aa5f0e550be1b	ofl/lekton/OFL.txt	4368	8f6fe4416d40eb1f325f2585d4c4b703704a8b89
Copse	Serif	ofl/copse/Copse-Regular.ttf	72252	15096be3f12c09eb2bda101014b4b347a6509f79	ofl/copse/OFL.txt	4395	26ada314337c4918104d448e7f1448bc631a7e31
Gaegu	Handwriting	ofl/gaegu/Gaegu-Regular.ttf	3165816	1e28823982ecd330be1efa62c1ee56495ddae419	ofl/gaegu/OFL.txt	4344	3e3dfe707de45f6bbf5f729cb135399c6bc6b66f
Noto Serif Georgian	Serif	ofl/notoserifgeorgian/NotoSerifGeorgian[wdth,wght].ttf	381592	1b1679f559f3bd99b3335438bc804cf6b9e8ebd9	ofl/notoserifgeorgian/OFL.txt	4384	437070a9ee723a4018777b51bd7e4a6830b36502
Prosto One	Display	ofl/prostoone/ProstoOne-Regular.ttf	96868	afef1c7dd99d3fe095507895c882a4627b9048a0	ofl/prostoone/OFL.txt	4477	99dc72c515b4f23b1f46e7ae7e855d29db210c10
Mukta Vaani	Sans Serif	ofl/muktavaani/MuktaVaani-Regular.ttf	459720	3dcb7c1d5076f6be6fc9793c0aabf5aa9068915f	ofl/muktavaani/OFL.txt	4353	52b9c3c37641d062b6bd4db6b0ad064bce36ec33
Carrois Gothic	Sans Serif	ofl/carroisgothic/CarroisGothic-Regular.ttf	41724	bd0a7b9a2cb9ba2d95228ef7c29828e4d9aa356c	ofl/carroisgothic/OFL.txt	4470	6f8dad06dda94e0fa316fa534e4be0eaf1d554af
Mukta Mahee	Sans Serif	ofl/muktamahee/MuktaMahee-Regular.ttf	211124	9b436722a41d9e5dda8122333c29889f9fa2adfb	ofl/muktamahee/OFL.txt	4353	917d5b021771e4ee7f911333383e723bac444052
Zain	Sans Serif	ofl/zain/Zain-Regular.ttf	188468	55347d6e3792aeb06a8620894d0c8d5e7389498b	ofl/zain/OFL.txt	4474	8a1fa7b4e3ab54b81a65694b9a590eb619e4dfdf
Whisper	Handwriting	ofl/whisper/Whisper-Regular.ttf	134852	14f580fe68ff1bbc62dce8f40a479cd37a6e3b29	ofl/whisper/OFL.txt	4393	110b59a690871ecf0af87dcf7948074a4c067f41
Syne Mono	Monospace	ofl/synemono/SyneMono-Regular.ttf	72240	4f8b48a8485989423d172d2b51f9cc6d3d381efc	ofl/synemono/OFL.txt	4400	bba50c6af4b9d885a8cb097bbcb74b2111b99dde
Anta	Sans Serif	ofl/anta/Anta-Regular.ttf	74304	ade0f07b47a7bc812e4bb1b7be2ce109c4a4560b	ofl/anta/OFL.txt	4392	07dd18435e6a60f0d72327745fb2289729a7e967
Capriola	Sans Serif	ofl/capriola/Capriola[wght].ttf	507360	c6ba206ee39210782d46dcea8adf1110a9f5e040	ofl/capriola/OFL.txt	4392	1cbbc64e58db543e623d6e22993c66ec6207a1c2
Puritan	Sans Serif	ofl/puritan/Puritan-Regular.ttf	54748	27c54bacd1eb386f541df548b2e7e344e947345b	ofl/puritan/OFL.txt	4396	6f2d48aab2990f9ad497c43c733a24e7242fa3af
Rubik Doodle Shadow	Display	ofl/rubikdoodleshadow/RubikDoodleShadow-Regular.ttf	1361560	bb93afc8333553a1586b4862540dcdfd1372b67a	ofl/rubikdoodleshadow/OFL.txt	4406	1e2235d7815818ef7bddbb86da9727aa22c3b40f
Sansita Swashed	Display	ofl/sansitaswashed/SansitaSwashed[wght].ttf	234096	5130e800dc77d460ede579649ea5e04bf5bcb7d7	ofl/sansitaswashed/OFL.txt	4405	4fc1e6abd177e751659266f6d1fcdd8a482e8d93
Encode Sans Semi Condensed	Sans Serif	ofl/encodesanssemicondensed/EncodeSansSemiCondensed-Regular.ttf	170864	4964bd2b1ebdb33a76c174d9f6653208fd61515a	ofl/encodesanssemicondensed/OFL.txt	4502	85ef5d0bd1fffe7b1918b19c96266ea7634be721
Macondo	Display	ofl/macondo/Macondo-Regular.ttf	48776	f2dbf920c13e58ba096c0e20531a6c60943f306a	ofl/macondo/OFL.txt	4443	0f73e6447cba5ed52dacafc613e1debcc27666a8
Bungee Shade	Display	ofl/bungeeshade/BungeeShade-Regular.ttf	304936	80ada80a0404713e7cd31a6b7982ff7a549acdfe	ofl/bungeeshade/OFL.txt	4473	6f47072f01b8698301896b247b7087c023a4da2d
Rochester	Handwriting	apache/rochester/Rochester-Regular.ttf	37144	7d9eaf5c462cd40a6cf1ae37564d5b0b73117132	apache/rochester/LICENSE.txt	11358	d645695673349e3947e8e5ae42332d0ac3164cd7
Noto Sans Symbols 2	Sans Serif	ofl/notosanssymbols2/NotoSansSymbols2-Regular.ttf	1233128	caf89dd0e60e23ac39ce18da823095959d409437	ofl/notosanssymbols2/OFL.txt	4383	7c95767f5c669c448148e7e6c8fc4ee2c85128b1
IM Fell DW Pica	Serif	ofl/imfelldwpica/IMFePIit28P.ttf	244584	401eb519e020610d962aa169d73c6bdcff3fddc8	ofl/imfelldwpica/OFL.txt	4452	68632c17836e943c708fa94b0ac067265867d1bf
Cambay	Sans Serif	ofl/cambay/Cambay-Regular.ttf	224780	2bb4559b3e2db547bd8ce624b17587084bb61ee1	ofl/cambay/OFL.txt	4356	e48d73a895f29ea5ae905b8c364000914e9f6f6e
Kelly Slab	Display	ofl/kellyslab/KellySlab-Regular.ttf	77816	2f0bd3d0b150ad74c43f8f9d26f14e823489cbcf	ofl/kellyslab/OFL.txt	4414	d09862224e59a6a06a3f2b335e3f8ce581eea01f
Boldonse	Display	ofl/boldonse/Boldonse-Regular.ttf	78240	3b4bd5fb4b459d017df949123640a50b4c2c9afa	ofl/boldonse/OFL.txt	4390	1890cb1c226f32e581a9ca30cb06e01f2d251168
Noto Sans Thai Looped	Sans Serif	ofl/notosansthailooped/NotoSansThaiLooped[wdth,wght].ttf	218660	c19035bafa8d8124e38c78614cc35b69d03e24ff	ofl/notosansthailooped/OFL.txt	4380	4280969b630416fda54a469de487a00498b8f8ed
Manjari	Sans Serif	ofl/manjari/Manjari-Regular.ttf	151056	f91af96ce1928cee89c07f28017a7978bdd7cb20	ofl/manjari/OFL.txt	4378	96219bf14f4c3a1b55b3037ed7c93f7d91ff84c4
Slackey	Display	apache/slackey/Slackey-Regular.ttf	37896	df880e68f061935f1327fa0a9039f8989ffa4351	apache/slackey/LICENSE.txt	11358	d645695673349e3947e8e5ae42332d0ac3164cd7
Special Gothic Condensed One	Sans Serif	ofl/specialgothiccondensedone/SpecialGothicCondensedOne-Regular.ttf	104844	b9958089b68ccf3785c422152cbdb5d7f856645c	ofl/specialgothiccondensedone/OFL.txt	4408	0c0389791928582c4f1fa9a41b0729bbb4398e2e
Spectral SC	Serif	ofl/spectralsc/SpectralSC-Regular.ttf	260936	6a1724d4b1a842d8176cf007724b2b7ec3a43c3c	ofl/spectralsc/OFL.txt	4392	163d3a50c1666a69aac8b9f78dfc7142fb319a27
Noto Sans Ol Chiki	Sans Serif	ofl/notosansolchiki/NotoSansOlChiki[wght].ttf	91152	a95ba8064409f5f37a34da28e1580f785248375d	ofl/notosansolchiki/OFL.txt	4384	877d4f998372680c2d494997541cf3a6a69b649b
Cherry Bomb One	Display	ofl/cherrybombone/CherryBombOne-Regular.ttf	214940	8b7ff30dade72d54e944e32c48fb22620c9ece81	ofl/cherrybombone/OFL.txt	4485	e7f92db063c1f0fa8f1679af76c34b7d4ab6aefb
Jockey One	Sans Serif	ofl/jockeyone/JockeyOne-Regular.ttf	48608	01ab5255baf4e8f30fa1ee338cddd35b59516da0	ofl/jockeyone/OFL.txt	4396	ed1d4a26e06904f5ee6d3809d1fb413503884db8
Fanwood Text	Serif	ofl/fanwoodtext/FanwoodText-Regular.ttf	119216	37b38e597892074f9c709ee8eb36375760c2b849	ofl/fanwoodtext/OFL.txt	4372	0a9c9170eed086d45bc12a57f73838a22fad7302
Ephesis	Handwriting	ofl/ephesis/Ephesis-Regular.ttf	142188	a3a84a88e91a0d1e7101f1a166378a8a5a6c17d9	ofl/ephesis/OFL.txt	4485	03ee5dbab319ccd817b64c390a0d64f9cb207df0
Qwigley	Handwriting	ofl/qwigley/Qwigley-Regular.ttf	87336	fc5eb3cd4b0e46778dbb94d1d9cee72528e24e7b	ofl/qwigley/OFL.txt	4481	75bb084ab4c41201e8f0dbda11e9555706dac412
Fauna One	Serif	ofl/faunaone/FaunaOne-Regular.ttf	58804	01d072d50e72e79658993a22df3ffeb336e7a8d9	ofl/faunaone/OFL.txt	4419	a0aaa058ba9fde1de8a92e9e06ac137316d93b1e
Meow Script	Handwriting	ofl/meowscript/MeowScript-Regular.ttf	601304	c12061c9c938b6b542c65e4c0daa41a6b45c4409	ofl/meowscript/OFL.txt	4396	8e52f9164ad3f23cff119b00630037f41cb6f3b5
Beth Ellen	Handwriting	ofl/bethellen/BethEllen-Regular.ttf	116988	ee42cc8b905ee594d49e272afd9494d8f4639164	ofl/bethellen/OFL.txt	4389	2e07ce9cd1c32b01f70fcf63ee4f1c9f051376c0
Rubik Dirt	Display	ofl/rubikdirt/RubikDirt-Regular.ttf	1492292	5c8858a71b57f24c6fe10fe0ca327ef775a07dbb	ofl/rubikdirt/OFL.txt	4406	1e2235d7815818ef7bddbb86da9727aa22c3b40f
Baloo Tamma 2	Display	ofl/balootamma2/BalooTamma2[wght].ttf	475932	56da7bf77186c1ba4ee785cde7ff6ebcf0a7a45b	ofl/balootamma2/OFL.txt	4384	72adb492d4f0ede2a9dbdefed607f33ad3a6fc68
Alike	Serif	ofl/alike/Alike-Regular.ttf	69348	a484499b56834fe7c647f19a22238435cf3d3a9b	ofl/alike/OFL.txt	4436	aa2f3d3165859a88d3a56eaed5869ce92d1d5357
Hanuman	Serif	ofl/hanuman/Hanuman[wght].ttf	126392	e61ee3bc549408828a13f5d2a7bbc80ed818e414	ofl/hanuman/OFL.txt	4385	2a1fb8d9e9dcf2593f2ef42df65f7a7f6fec01ee
Piazzolla	Serif	ofl/piazzolla/Piazzolla[opsz,wght].ttf	624956	7df0234fa10f95e525702dfeddba719b04f92d64	ofl/piazzolla/OFL.txt	4397	5821984074a2426782ce84239941ed95a4997468
Average	Serif	ofl/average/Average-Regular.ttf	73640	8a10e118a2dc680771175c5d934cbce72d8808a9	ofl/average/OFL.txt	4383	c13f544b69238cbeb0253c50db62a3cc28d11bf6
Gotu	Sans Serif	ofl/gotu/Gotu-Regular.ttf	697792	8182906d0266999a9df466a5370a2a9a06935fea	ofl/gotu/OFL.txt	4349	2d2aa47cca45768c93b3a9b65752f7b7b9163587
Happy Monkey	Display	ofl/happymonkey/HappyMonkey-Regular.ttf	76344	5f5b3a623267d878debfaaeb7810857d28f67f20	ofl/happymonkey/OFL.txt	4403	986e771b406b6c7a58938c096fd511d43b66badb
Balthazar	Serif	ofl/balthazar/Balthazar-Regular.ttf	28248	0dd0b304a46d9e4720afa18db968bb46e262c455	ofl/balthazar/OFL.txt	4409	5ab2553e459f2d12c2e51930232e6c5d34a8e4b5
Noto Sans Armenian	Sans Serif	ofl/notosansarmenian/NotoSansArmenian[wdth,wght].ttf	221936	b36ecaf73f746d66f3ac3e4acb029a5784efdf55	ofl/notosansarmenian/OFL.txt	4384	ff91c77a6d7c685ae633cca02b2092c452a9baf0
Almendra	Serif	ofl/almendra/Almendra-Regular.ttf	68684	a43c1da6b11f5b8967b9cfef6596d0a052633757	ofl/almendra/OFL.txt	4400	d35e302f780cb3437c95b20653199453cf024498
Platypi	Serif	ofl/platypi/Platypi[wght].ttf	169476	87ddbbd760ed9f76aa0209f5d6477586abb8a7b5	ofl/platypi/OFL.txt	4386	95127a5001deb0dd1438519b5c4b695a9be5cfd1
IBM Plex Sans Hebrew	Sans Serif	ofl/ibmplexsanshebrew/IBMPlexSansHebrew-Regular.ttf	96272	b2d60e5ad83a8c8070d830e7c99ee76cc0f61890	ofl/ibmplexsanshebrew/OFL.txt	4456	c35c4c618fab33da8695177b3a6cefe0810b7b28
Noto Serif Tamil	Serif	ofl/notoseriftamil/NotoSerifTamil[wdth,wght].ttf	420124	13d6ef318e91492cb688ff12357321645e19139d	ofl/notoseriftamil/OFL.txt	4381	677d559b94ba7c63d41a7bf6ffa0a3eb11f2de95
Allan	Display	ofl/allan/Allan-Regular.ttf	56524	3f081bc09b71221b11aded5f7e508672948b724c	ofl/allan/OFL.txt	4394	8d61387d948f604a52f78ef5f581aa4bb8b3406a
Sarpanch	Sans Serif	ofl/sarpanch/Sarpanch-Regular.ttf	290368	06537a371e5881d99aea98ff067a334b5c7df0c5	ofl/sarpanch/OFL.txt	4373	6dd809659a8ccace7ccee108d024d33cd4f936da
Metal Mania	Display	ofl/metalmania/MetalMania-Regular.ttf	254568	db41a35fadc970e011bc076bba3f511160c80dde	ofl/metalmania/OFL.txt	4494	affdca774d8d2f00ce5e7253b2ae834ec2abc2d0
Megrim	Display	ofl/megrim/Megrim.ttf	57872	8fc9351ccd26e37cc985c93d3dfbedce1b65f5be	ofl/megrim/OFL.txt	4379	ae44e1aa8951758381b5493129fd221fc300c0c7
McLaren	Display	ofl/mclaren/McLaren-Regular.ttf	54504	af59a03865b6d2a0df5a3bc37d5c2a73eacf6930	ofl/mclaren/OFL.txt	4428	77f1994c354b42a232615e2422cd4fe7501879a4
Croissant One	Display	ofl/croissantone/CroissantOne-Regular.ttf	54744	d6e465088c511f90376772aeaa979c0c19ccf90e	ofl/croissantone/OFL.txt	4399	e4f11f4b7b76f9a6cf277cc8e745db59cfe8ff9b
Miriam Libre	Sans Serif	ofl/miriamlibre/MiriamLibre[wght].ttf	124988	efb14d324d29227417c7eead4624125c44ba9dd1	ofl/miriamlibre/OFL.txt	4398	2f460fc0b718939f0890191fe0c7e542fe3b559d
Della Respira	Serif	ofl/dellarespira/DellaRespira-Regular.ttf	51208	3d7e9941a49c5d5984cb37da67ee2ca6282a12f7	ofl/dellarespira/OFL.txt	4411	93466afb465f4dc9204caaad5a7bba8c736d7f15
Aguafina Script	Handwriting	ofl/aguafinascript/AguafinaScript-Regular.ttf	47252	8d2b68ef92313a68b7e2db4ee7570a5b38505a49	ofl/aguafinascript/OFL.txt	4463	e9017fc470ee51da1d7512b1f492235933c239a3
Poly	Serif	ofl/poly/Poly-Regular.ttf	76800	b7bbaee0c07fc1063fb22a350fd5998f44e709dd	ofl/poly/OFL.txt	4415	c3637164d85a65557463040f4a6d00ffa8d4dae4
Patrick Hand SC	Handwriting	ofl/patrickhandsc/PatrickHandSC-Regular.ttf	167376	aab6e1e944311a828dab4246b8c328259b6febf8	ofl/patrickhandsc/OFL.txt	4372	a5418282fe86a9fae35f4dceabde10991fcf91db
Give You Glory	Handwriting	ofl/giveyouglory/GiveYouGlory.ttf	43012	5232a9def90a8c7f7ea5135f932b11c2224be771	ofl/giveyouglory/OFL.txt	4362	06117d9dfe08e8ac9818115cc1898c05a197c27f
Fasthand	Display	ofl/fasthand/Fasthand-Regular.ttf	213852	e47ca2855252efa132626dc38dad80e7fcb649fa	ofl/fasthand/OFL.txt	4386	ccfd0336d71cd99fa1edbe2a8a1d640fac63a0be
Arima	Display	ofl/arima/Arima[wght].ttf	348480	730ac9d40835f0216c9dbb65eb5fb273d5b6387e	ofl/arima/OFL.txt	4386	62d1667a71015aa600376123b24cd7ac87c7a30f
Mr De Haviland	Handwriting	ofl/mrdehaviland/MrDeHaviland-Regular.ttf	44672	58c5ecd680c66c3b8d92d8efbfe6fcc6e23ad4a4	ofl/mrdehaviland/OFL.txt	4404	998b3a870851442296d782aae9b480c71627a572
Numans	Sans Serif	ofl/numans/Numans-Regular.ttf	39368	63bc5d95b486593e715e33426071c185b25db05a	ofl/numans/OFL.txt	4397	38beefa300d183028735893c089de66c7535d359
Rambla	Sans Serif	ofl/rambla/Rambla-Regular.ttf	34332	9ff58ef81194f8438b986ce8b4c6a21306a4a04e	ofl/rambla/OFL.txt	4498	9b40aa94bacd3045a5a44f61c3a0e0034200f276
Coustard	Serif	ofl/coustard/Coustard-Regular.ttf	75432	46ca1de61ad50ab9073ebef1b3eb78d321e76544	ofl/coustard/OFL.txt	4394	0d64c97d9afa5ee29a452bf46b3c6e0ac9dabfc6
Stick No Bills	Sans Serif	ofl/sticknobills/StickNoBills[wght].ttf	279212	495e4dc6b42ca6fbda353ec2246d7eba049458db	ofl/sticknobills/OFL.txt	4402	0ba63bb82f570cdddfff012b38983e2934a4932e
Sue Ellen Francisco	Handwriting	ofl/sueellenfrancisco/SueEllenFrancisco-Regular.ttf	60728	a4217a825ae82db452a491b1c3a17632523b1d08	ofl/sueellenfrancisco/OFL.txt	4362	06117d9dfe08e8ac9818115cc1898c05a197c27f
Nova Square	Display	ofl/novasquare/NovaSquare.ttf	87968	b85eab0e136980c4b3218f2977d37bfe39b0aff2	ofl/novasquare/OFL.txt	4273	ff95976ce464b95e388542101c210d89f3967fca
Gurajada	Sans Serif	ofl/gurajada/Gurajada-Regular.ttf	442756	2aece54d5aab35726769ac74959c76f3f556ea0d	ofl/gurajada/OFL.txt	4474	3e932148c6992d9558515ad4bda6e2b8473cb51d
Vibur	Handwriting	ofl/vibur/Vibur-Regular.ttf	173604	e59db0a3cea36d91b1377aab18f848efc3e49a80	ofl/vibur/OFL.txt	4362	30bd64a3e926c3ea9040fb729d220e2bc0633847
Jaldi	Sans Serif	ofl/jaldi/Jaldi-Regular.ttf	460664	f387b7c4ad84df8dc891004929ef89da681422db	ofl/jaldi/OFL.txt	4387	59f88693d7fe07feb41c00f43d26221fa26186ea
Sunflower	Sans Serif	ofl/sunflower/Sunflower-Medium.ttf	770536	8caaeeb5aa106659c266809c02c56ace7125ee7d	ofl/sunflower/OFL.txt	4348	66685b692fc68f7c7045f9108695c1d88e43aabd
Contrail One	Display	ofl/contrailone/ContrailOne-Regular.ttf	31184	771820ac71ffdb0a1beeb66c7bfa455bb7d55695	ofl/contrailone/OFL.txt	4418	753c4b6085fcb282bd92ff3762a4671b30a6653a
Euphoria Script	Handwriting	ofl/euphoriascript/EuphoriaScript-Regular.ttf	38424	0c434cb0eb54d41fa9bfdb0f3061d6ccd1dcf6a4	ofl/euphoriascript/OFL.txt	4403	36ce13fbdc517c8764f4202f0478e09f7358dc45
Vesper Libre	Serif	ofl/vesperlibre/VesperLibre-Regular.ttf	166124	d78dd55d127d785ee8d20c9154b9425103e17ba7	ofl/vesperlibre/OFL.txt	4358	3e5409725b25b3c23ed4c34f683966c30ac0400a
Noto Sans Lao	Sans Serif	ofl/notosanslao/NotoSansLao[wdth,wght].ttf	176620	c9e20f733b5b0c8edebc5eb9a8783dc2caa67f5a	ofl/notosanslao/OFL.txt	4379	483c04d1b6a1c1a4dce7c5a0d73c0a57da1e4fa8
Frijole	Display	ofl/frijole/Frijole-Regular.ttf	227860	ff8d15057202506f3991f8301525691a9022ceab	ofl/frijole/OFL.txt	4415	23481b303e4d8701968f0087866c165fecb878ed
Noto Sans Ethiopic	Sans Serif	ofl/notosansethiopic/NotoSansEthiopic[wdth,wght].ttf	1143168	0910ed80aac7398582c515225304623a60d6f35a	ofl/notosansethiopic/OFL.txt	4384	23e1a135d51a4bfba0ef048fba7f3bce61465475
Buenard	Serif	ofl/buenard/Buenard[wght].ttf	72576	667ecaaae91a64ebb3a1ea989e9add09e0041e6b	ofl/buenard/OFL.txt	4393	85f2257abd5b696e2bcf35b3e74cce532f89c57e
Kadwa	Serif	ofl/kadwa/Kadwa-Regular.ttf	251420	5e4cbc239733631f00638c169f8a5422509fdcae	ofl/kadwa/OFL.txt	4456	64c9c05046dc26862f84d3e0ca54577dfd6b5598
Reggae One	Display	ofl/reggaeone/ReggaeOne-Regular.ttf	2153256	f4f626ef844f87b114e452bbd20a8cbf18fc288d	ofl/reggaeone/OFL.txt	4483	e0eee2be4b495dc76f687f68f2d530535d61ab52
Just Me Again Down Here	Handwriting	ofl/justmeagaindownhere/JustMeAgainDownHere.ttf	72060	10a4a549f6ff0546a6767fda387041466bf91fd8	ofl/justmeagaindownhere/OFL.txt	4362	06117d9dfe08e8ac9818115cc1898c05a197c27f
Tienne	Serif	ofl/tienne/Tienne-Regular.ttf	73628	d202c08d53ecee78b8eb66eb7802723281b589d6	ofl/tienne/OFL.txt	4527	9c1e2db11078804904a43dfd952f5236872a2256
Nosifer	Display	ofl/nosifer/Nosifer-Regular.ttf	43272	9a8b085109abe4b4b835c3c5ec50af0207712d58	ofl/nosifer/OFL.txt	4369	33c9e2372702c81ca6b5d572e8d15593c668bb82
Battambang	Display	ofl/battambang/Battambang-Regular.ttf	116040	19ef4ced8afd97e20be870c1a252ea25b93aaa57	ofl/battambang/OFL.txt	4390	56e301088e9f1018006979eec6fd699c7ee96e8b
Encode Sans Semi Expanded	Sans Serif	ofl/encodesanssemiexpanded/EncodeSansSemiExpanded-Regular.ttf	169488	a0ac5b7e6d04aa8d8f59d48b353407c646c78993	ofl/encodesanssemiexpanded/OFL.txt	4502	85ef5d0bd1fffe7b1918b19c96266ea7634be721
Short Stack	Handwriting	ofl/shortstack/ShortStack-Regular.ttf	68152	68ea9a22ca94108783cfe0534af270f1d544f78d	ofl/shortstack/OFL.txt	4401	ff5969466d1a1f53519fc230ee01d1ce0c815f37
Moon Dance	Handwriting	ofl/moondance/MoonDance-Regular.ttf	276360	f1ae0b69624d956947896c37e770172aa9d3f861	ofl/moondance/OFL.txt	4393	8cc9c0061356451e9e541d408ba497f1bdc958aa
Codystar	Display	ofl/codystar/Codystar-Regular.ttf	106500	234830b9bc4fe285daefbea3caaba485678982fa	ofl/codystar/OFL.txt	4391	2f4b386d1252199b50ef3a674022e8675e303466
Xanh Mono	Monospace	ofl/xanhmono/XanhMono-Regular.ttf	59924	becda032b5594c6335fb1599eb904914ed46b563	ofl/xanhmono/OFL.txt	4398	c16037ccbff2d36541eaa58193aee60acb4b5a9e
Quando	Serif	ofl/quando/Quando-Regular.ttf	119688	707610a4d66ce7939f07ea09c7e41c14ac3e9ecf	ofl/quando/OFL.txt	4396	57952c169ba3b75bb7ffbb28f650a7a888a77b27
Teachers	Sans Serif	ofl/teachers/Teachers[wght].ttf	67184	597123f0125b8c113f78e212a8f1476d42dcbc5e	ofl/teachers/OFL.txt	4395	e2b6d6ba221580be0d533bf1a830f0543c4a4d71
Square Peg	Handwriting	ofl/squarepeg/SquarePeg-Regular.ttf	130916	143962da860848c636ccd0f3736d11771279ced4	ofl/squarepeg/OFL.txt	4399	c7527babf8686d21b1392bc788a69e02eeb5b0e9
Jomhuria	Display	ofl/jomhuria/Jomhuria-Regular.ttf	172276	f77e906fa02b27f1294d4efd0dab05d5ea3ffcc5	ofl/jomhuria/OFL.txt	4623	6061d16369c38966d3cd7452c7f0ad2c2254656a
Medula One	Display	ofl/medulaone/MedulaOne-Regular.ttf	33684	6e280b25d11a13a06efbdf0df21d994168e9e544	ofl/medulaone/OFL.txt	4410	e88ac09bec159f6a195e9106798f18ba6d616fe0
Nata Sans	Sans Serif	ofl/natasans/NataSans[wght].ttf	434804	da567ba24f8105b11fab4e28712b5937eb025051	ofl/natasans/OFL.txt	4386	e2160ae4fdb85b1c3f2f8e42ca6652dca08dae18
Gluten	Display	ofl/gluten/Gluten[slnt,wght].ttf	349672	d2145c01e3c45ac5358b26633b18f46de3634782	ofl/gluten/OFL.txt	4390	5746432387863da495d4408dd72f3bcf012f73bc
Crafty Girls	Handwriting	apache/craftygirls/CraftyGirls-Regular.ttf	75336	f025c05c12864c796e1316ac35e9883d46a192da	apache/craftygirls/LICENSE.txt	11358	d645695673349e3947e8e5ae42332d0ac3164cd7
Fontdiner Swanky	Display	apache/fontdinerswanky/FontdinerSwanky-Regular.ttf	45524	244941ac8598fa91ac149464e6c3c994dafe7a02	apache/fontdinerswanky/LICENSE.txt	11358	d645695673349e3947e8e5ae42332d0ac3164cd7
Montez	Handwriting	apache/montez/Montez-Regular.ttf	77132	4cfd767a9d1760f113b3eaaf094d34d8219ec459	apache/montez/LICENSE.txt	11358	d645695673349e3947e8e5ae42332d0ac3164cd7
Bakbak One	Display	ofl/bakbakone/BakbakOne-Regular.ttf	263136	7aaedd248e022e9c3b3b077796c39dd84103d287	ofl/bakbakone/OFL.txt	4389	72201204a322e45ac0b82e29087bb80bc3382209
Freehand	Display	ofl/freehand/Freehand-Regular.ttf	235540	815e7f8706244fed8cb45169f0851a3ed04c75bf	ofl/freehand/OFL.txt	4386	c66e3b8eba5add48856f97926453950d35744933
Solway	Serif	ofl/solway/Solway-Regular.ttf	56376	7d8d41c357af4540f5110f3f7016da212efbe760	ofl/solway/OFL.txt	4380	8687e7e7ae0442ff46a8934685ec79dcd85e04fd
Unkempt	Display	apache/unkempt/Unkempt-Regular.ttf	192364	f6351bb32832c9e421334224ecab15c01335e853	apache/unkempt/LICENSE.txt	11358	d645695673349e3947e8e5ae42332d0ac3164cd7
Alkatra	Display	ofl/alkatra/Alkatra[wght].ttf	949464	f5e74a836c2b9c503f4c4546c81aa6f4db928f28	ofl/alkatra/OFL.txt	4480	71e3c41e432581180aa68b24c1b7f19504d2d1f2
Orelega One	Display	ofl/orelegaone/OrelegaOne-Regular.ttf	133732	262710847c31ded5f7bafdb6e87efb5a7342c8bc	ofl/orelegaone/OFL.txt	4389	f2063e92a7fa29e64fcd8df527220f109f090e54
Libre Barcode 39 Extended Text	Display	ofl/librebarcode39extendedtext/LibreBarcode39ExtendedText-Regular.ttf	35280	a2a4b4d3db36dd3301c39ffd7bcf330ef08eba3f	ofl/librebarcode39extendedtext/OFL.txt	4402	54028f3548d8a596a97286b7524558dbe1fb8e0e
MonteCarlo	Handwriting	ofl/montecarlo/MonteCarlo-Regular.ttf	393456	87a9b4f22bc6ee6c1b1bc4cd9a0e2bfe735a4836	ofl/montecarlo/OFL.txt	4486	96f33ab2f6dc16a271ebce3d58ec1794d678426b
Walter Turncoat	Handwriting	apache/walterturncoat/WalterTurncoat-Regular.ttf	153836	05591d81ee0514c0874682426bb4fc0ee07c25c7	apache/walterturncoat/LICENSE.txt	11358	d645695673349e3947e8e5ae42332d0ac3164cd7
Finger Paint	Display	ofl/fingerpaint/FingerPaint-Regular.ttf	107440	808afe7e5246372bdb10074dab8df11eda3c99a6	ofl/fingerpaint/OFL.txt	4475	a7d6fe4bdfe0a46c2a0be2e4a54798b6a1a225b5
Sedgwick Ave	Handwriting	ofl/sedgwickave/SedgwickAve-Regular.ttf	145332	c7b1bdfa70b358d004db0899a21d9badb1882f48	ofl/sedgwickave/OFL.txt	4396	7406b067003750629e584e523d4da0369e95b915
Song Myung	Serif	ofl/songmyung/SongMyung-Regular.ttf	2035300	b0732bf5c8d8cb25fdadc2320299e7bb84d757b4	ofl/songmyung/OFL.txt	4348	1e7ba899cf26835dd2651b02243decab075280ba
Atma	Display	ofl/atma/Atma-Regular.ttf	220344	a7a4b1ffa8c3bfbeb12adc39a4066cbe4e4ee60b	ofl/atma/OFL.txt	4386	7ddd59ffadcefaafdff3c61876f79bd84c24b239
UnifrakturCook	Display	ofl/unifrakturcook/UnifrakturCook-Bold.ttf	42688	cf9a8f9d6f089a380e917fa7f557e6075b3f260c	ofl/unifrakturcook/OFL.txt	4413	2c2ff5d3ca7bbf02cdbe68ee55e85303aea8820f
Coiny	Display	ofl/coiny/Coiny-Regular.ttf	156520	f566d5e3421a32f76aed24f19e201c3e371eb9c0	ofl/coiny/OFL.txt	4464	d310d79ffe573d686075fb05e340bbba57ade080
Kalnia	Serif	ofl/kalnia/Kalnia[wdth,wght].ttf	116460	4feeffebddf65ef231f08ab389818b99eb33cacd	ofl/kalnia/OFL.txt	4401	c2896d07846db24b5c1507458b14d7e62996104e
Expletus Sans	Display	ofl/expletussans/ExpletusSans[wght].ttf	38884	c32a7aa7db048cf9e18921e87a690780ed7a9662	ofl/expletussans/OFL.txt	4400	834970ca57e2b04605af7738ed1d091fe02576b5
Oregano	Display	ofl/oregano/Oregano-Regular.ttf	80320	e39bdb5b38f9586a1899758fdf460cb3f9522874	ofl/oregano/OFL.txt	4428	fbad9c8b708eb3ea72168733c447237e1730bc50
Aladin	Display	ofl/aladin/Aladin-Regular.ttf	42180	577c3f07a47d9e6f6222eb2105417177ffdba380	ofl/aladin/OFL.txt	4454	5efc76e2497fd6e96808c924f8c5423c89581c2d
Molengo	Sans Serif	ofl/molengo/Molengo-Regular.ttf	65464	da82a52ac1c77b67d01c768acde6dd3237b35060	ofl/molengo/OFL.txt	4497	6b5805f1fc761d3aed28a11a4d9396d8aa1b8764
Antic	Sans Serif	ofl/antic/Antic-Regular.ttf	39240	1724b7e9e8d9c4afb9c8c1320298ae22c2ff683c	ofl/antic/OFL.txt	4389	841ae207cb67cb7376149e482c75ab18a11c3e4a
Rosarivo	Serif	ofl/rosarivo/Rosarivo-Regular.ttf	41344	e03bf908bbedb597ea72deb676497256715b2b50	ofl/rosarivo/OFL.txt	4427	48b5aef8c7831d5f0b626119a6c599799eb0239b
Ledger	Serif	ofl/ledger/Ledger-Regular.ttf	62148	0029ee6558cd4196ce33beb7fab88346704a880a	ofl/ledger/OFL.txt	4400	16a73c82401e4cd946825c26e75170acd35bb6e8
Road Rage	Display	ofl/roadrage/RoadRage-Regular.ttf	427472	9c5a566fa1c7675319c37b68a60780fef88eeb93	ofl/roadrage/OFL.txt	4392	367a94c2ec355e1943ff992aa5326dfff368624d
Carattere	Handwriting	ofl/carattere/Carattere-Regular.ttf	124884	b91916314c1654ba857e812d37bab90386875158	ofl/carattere/OFL.txt	4484	3ea34859486ecadaa1ed1df171c1fc1d22b828d4
Sulphur Point	Sans Serif	ofl/sulphurpoint/SulphurPoint-Regular.ttf	54060	c69240e7a157083ba5959f3af87148b8c7656c85	ofl/sulphurpoint/OFL.txt	4446	f9d784d418c69d92279723f472fe98442144578e
Lacquer	Display	ofl/lacquer/Lacquer-Regular.ttf	294060	8f6c36a5ddff77bea7f45aeb24bd174f79377a90	ofl/lacquer/OFL.txt	4388	1977d6dbefadfbed7005e393658d610c93eacded
Padauk	Sans Serif	ofl/padauk/Padauk-Regular.ttf	498860	a6882fbb2177bec0271a0b10821a33100efe1fc7	ofl/padauk/OFL.txt	4509	57410e8e9eb58b0cce938440696cf36e2daf8fcf
Amiri Quran	Serif	ofl/amiriquran/AmiriQuran-Regular.ttf	136920	2a4de2c4fd3e6fd23656586151935a98723acaff	ofl/amiriquran/OFL.txt	4392	bc87351e07b9b427266496293cbe570507b209ef
Cutive	Serif	ofl/cutive/Cutive-Regular.ttf	74884	a40b2fd6c5b96ec107847752e1d13c0f2b551709	ofl/cutive/OFL.txt	4518	8987c929e9e9bc41acdd607560d814f2a9532d17
Thasadith	Sans Serif	ofl/thasadith/Thasadith-Regular.ttf	95336	4cb656489a4ce85b1695e78a23e8576df8efccea	ofl/thasadith/OFL.txt	4391	8899826e4846f233d929edd4f3dea7acd8ac1ed1
IM Fell Great Primer	Serif	ofl/imfellgreatprimer/IMFeGPit28P.ttf	249324	def5f5791a66b71bed2d3c088526f9333aa8f1e9	ofl/imfellgreatprimer/OFL.txt	4452	68632c17836e943c708fa94b0ac067265867d1bf
Doto	Sans Serif	ofl/doto/Doto[ROND,wght].ttf	456924	ed8f0db9fb890c570b558941201d1504483f5ebc	ofl/doto/OFL.txt	4382	e0b8ec15325ee3a8500cf29df4c19e36372f180b
Bona Nova	Serif	ofl/bonanova/BonaNova-Regular.ttf	401524	4882a654d179321e0ca644b1d1820660cb8a8c47	ofl/bonanova/OFL.txt	4393	3f3557d4d5e5029cfe5d520eb0e6d00695489f6e
Borel	Handwriting	ofl/borel/Borel-Regular.ttf	227452	4b440768cc833cd29ee1dc88d4b9fd4d09702336	ofl/borel/OFL.txt	4383	3bad1d8e2a2f1c48cbdc690e1206e7b9329baf87
Jersey 10	Display	ofl/jersey10/Jersey10-Regular.ttf	77732	6870bfd222d1fa0c32a20c1d348320bb9a04b9ed	ofl/jersey10/OFL.txt	4395	f83e6da673a79cebd72b1e61109012225aec93a7
Averia Sans Libre	Display	ofl/averiasanslibre/AveriaSansLibre-Regular.ttf	108320	f53c1769bff53e11c106c4131e2adeacff45fc4b	ofl/averiasanslibre/OFL.txt	4402	fa2654e22930639a2c8fe02b20172211a23691fa
Elsie	Display	ofl/elsie/Elsie-Regular.ttf	38936	fd35de00c6cf1c6f35c6bb165ce81fce4c7a1136	ofl/elsie/OFL.txt	4404	db5736bc23a2cd7c79bd9ae3bd9668e3d8b70537
Arya	Sans Serif	ofl/arya/Arya-Regular.ttf	182132	c79c23cbbbb3a6dee537975dcde15bf352125ace	ofl/arya/OFL.txt	4506	a492ec0edac3c3e368f1e57ca1e704e8d8584f50
Vollkorn SC	Serif	ofl/vollkornsc/VollkornSC-Regular.ttf	202164	8f1cab0fd54f34c84d699526b6c88e5565d070a3	ofl/vollkornsc/OFL.txt	4489	364bac24f37e1e62efc8e4224da0a730af938a0b
Kranky	Display	apache/kranky/Kranky-Regular.ttf	199284	ac906dd3b889d3d9ae4dacea17a6c1e148c3edbc	apache/kranky/LICENSE.txt	11358	d645695673349e3947e8e5ae42332d0ac3164cd7
Imprima	Sans Serif	ofl/imprima/Imprima-Regular.ttf	55692	4a3209d9a3e24e3f681bb8bd64e356c94c266d60	ofl/imprima/OFL.txt	4511	fdc5930d550db2876b19d4aeb8d9df4c0ed78546
Sour Gummy	Sans Serif	ofl/sourgummy/SourGummy[wdth,wght].ttf	131024	b2e694b92fcc73ce288a85bb3f4ea2afbd1637c9	ofl/sourgummy/OFL.txt	4486	6f1e8fd34278e97e6010fdf69ff44aef3af9131e
Inder	Sans Serif	ofl/inder/Inder-Regular.ttf	34132	2d579ecb048a1c15185ea80b11e72d8ddeade52b	ofl/inder/OFL.txt	4395	b38c5bb759b695942284ea0f06e0da102a21c350
Modak	Display	ofl/modak/Modak-Regular.ttf	650188	debefc918c5c63fce619c100e3030f161c94081d	ofl/modak/OFL.txt	4346	061cfc2adc9c55645db27909926a34c579c907c4
League Script	Handwriting	ofl/leaguescript/LeagueScript-Regular.ttf	69292	f611d1e29a439e4d51addfc73a640039d87da7e5	ofl/leaguescript/OFL.txt	4053	3faab174e47fe5a3b1e1534b895dc23200135074
Wendy One	Sans Serif	ofl/wendyone/WendyOne-Regular.ttf	22772	4a1aacc1b9453c22b8caab8b4c57542ac8685bd3	ofl/wendyone/OFL.txt	4399	18a82a8263e0a098b7028974ea0fddef1c19d356
Bagel Fat One	Display	ofl/bagelfatone/BagelFatOne-Regular.ttf	1585984	c5121669c567d0537c97bbed4d4549b0137648cf	ofl/bagelfatone/OFL.txt	4485	21c7b2d4d410b51929b58ee3239667153c63cbdc
Prociono	Serif	ofl/prociono/Prociono-Regular.ttf	31136	6e74250c0a71f51f24f2c2ab1609c934935172d7	ofl/prociono/OFL.txt	4372	0a9c9170eed086d45bc12a57f73838a22fad7302
Rasa	Serif	ofl/rasa/Rasa[wght].ttf	474404	64a61a1eb9bc815aa720d3ef16eadac41b017ebc	ofl/rasa/OFL.txt	4393	51c6772d249dd5ab1bc1a0f7be8128957fce67c1
Port Lligat Sans	Sans Serif	ofl/portlligatsans/PortLligatSans-Regular.ttf	34388	3bc29050d7d3141909adfe6cbfffae2547f99dd5	ofl/portlligatsans/OFL.txt	4397	473d96bfd2e15f404d514ee5eefbe3d99a2ef1d1
Uncial Antiqua	Display	ofl/uncialantiqua/UncialAntiqua-Regular.ttf	63404	4e801dc5faa225e11cab23ebe99c7daa47e0a76d	ofl/uncialantiqua/OFL.txt	4437	4171fd7daad5cc50d032d6a11ec2503917561e36
Mirza	Serif	ofl/mirza/Mirza-Regular.ttf	177820	82cf200421025f6fdd45caddfd23a94e3584df6a	ofl/mirza/OFL.txt	4381	af203bab96410f1b0cee640422c0e8fbbf3a30f4
Anek Malayalam	Sans Serif	ofl/anekmalayalam/AnekMalayalam[wdth,wght].ttf	668244	1e1538f80afa3852805704081ba8a773e4ff976f	ofl/anekmalayalam/OFL.txt	4379	6e46064f855d1d252f1f7d61e7dd1d5a07d409bf
Scope One	Serif	ofl/scopeone/ScopeOne-Regular.ttf	93036	e420f4a469e09bf0500202bcb687ea6571bc1d8d	ofl/scopeone/OFL.txt	4449	a2ccb0092830af370a2f83f18c394bb02383644c
Freeman	Display	ofl/freeman/Freeman-Regular.ttf	241164	17e8e8657d718d579b25b3611b34723c157899ad	ofl/freeman/OFL.txt	4388	6c3b301a484584cf738c8661f41310a8f9c6bb90
Viaoda Libre	Display	ofl/viaodalibre/ViaodaLibre-Regular.ttf	196944	c2b4b649919795f5313a3cab341f97a3e4ff74d8	ofl/viaodalibre/OFL.txt	4392	7430943db68ea4da2b2536c9c485da29d3d1ed32
Gupter	Serif	ofl/gupter/Gupter-Regular.ttf	52376	b99bf63c75e8d2993fd9245d20d8bcf6e582a3a9	ofl/gupter/OFL.txt	4386	d210a94413e6b496ff34c98d8ec3f7174b9233b7
Orienta	Sans Serif	ofl/orienta/Orienta-Regular.ttf	55176	dac26245bcc368ab8b13eb85d5bdd12a0ac4fddf	ofl/orienta/OFL.txt	4510	458b9911cadb8684ecb084cd0bf737a125945436
Redressed	Handwriting	apache/redressed/Redressed-Regular.ttf	79220	89a01891e8cf135a0e8903fccb0b512eaf91d855	apache/redressed/LICENSE.txt	11358	d645695673349e3947e8e5ae42332d0ac3164cd7
Sumana	Serif	ofl/sumana/Sumana-Regular.ttf	211548	2fa47078053597fe032c60a9fc14493c9858055c	ofl/sumana/OFL.txt	4365	e460913c99e9d693bdf76f3be54f56056e495751
Monofett	Monospace	ofl/monofett/Monofett-Regular.ttf	72328	861deadac067508541a8e4a94f62041235153d94	ofl/monofett/OFL.txt	4425	157dd93cb6319b9320f8a1e69b18a6ed156e2f99
Kurale	Serif	ofl/kurale/Kurale-Regular.ttf	265304	50663fc981a925bb2294e847a40275a5f9b0f6df	ofl/kurale/OFL.txt	4363	ea6f99a734f670966e4290f00dfb35a5941041ee
Protest Strike	Display	ofl/proteststrike/ProtestStrike-Regular.ttf	84524	4a3b8df94d2457f01d4c0bdf54952bb0faa2bdd2	ofl/proteststrike/OFL.txt	4388	abf7738de337cab838fa22727e943a20f929ba01
Brawler	Serif	ofl/brawler/Brawler-Regular.ttf	57852	de82929dd6aca92318d998422edaa8e6a2efca12	ofl/brawler/OFL.txt	4386	2fc7669e63d7ddd4adc956c4a7ef8a03dd1d0bd0
Charmonman	Handwriting	ofl/charmonman/Charmonman-Regular.ttf	117644	885a77746198382904a73aaba1af2c184283a5e1	ofl/charmonman/OFL.txt	4393	2772dcaa8b7296ba6359e4e3514b83888ac1f071
Sarina	Display	ofl/sarina/Sarina-Regular.ttf	96104	49e36c6efa42fda53d5fc388bcadbd637cafebb5	ofl/sarina/OFL.txt	4396	45736753a7a851bdd5502ca607e7a4629ce6c0ce
Cherry Cream Soda	Display	apache/cherrycreamsoda/CherryCreamSoda-Regular.ttf	50256	83aacbc2bfc2adb7b502d4195c051631f14ecbd8	apache/cherrycreamsoda/LICENSE.txt	11358	d645695673349e3947e8e5ae42332d0ac3164cd7
Bodoni Moda SC	Serif	ofl/bodonimodasc/BodoniModaSC[opsz,wght].ttf	161760	438e5a00be9b907f798b9d54b40dc33d37b2f36c	ofl/bodonimodasc/OFL.txt	4399	75fc862b7ab6823ab707278a90cf8b2c3560b79d
Supermercado One	Display	ofl/supermercadoone/SupermercadoOne-Regular.ttf	143180	2e7bbaf9c64f8280f35a7cb34a95d187b0811dce	ofl/supermercadoone/OFL.txt	4407	3de3ab9e89146862d3b02691e92ac89b285ae68d
Shojumaru	Display	ofl/shojumaru/Shojumaru-Regular.ttf	71672	840872d14078d039922cbb2cac568be40f1b4fe3	ofl/shojumaru/OFL.txt	4432	8ca2cc7b68a601dafff4360b01531fe6412319d6
Maname	Serif	ofl/maname/Maname-Regular.ttf	501400	d20b65209a3779a435b4234bd1c9370046856ee5	ofl/maname/OFL.txt	4483	4710452f4aca3d1965aadb64a09e478515267050
Abyssinica SIL	Serif	ofl/abyssinicasil/AbyssinicaSIL-Regular.ttf	268264	e126900d9d86cab08a1be685e5b049c8e0a0e977	ofl/abyssinicasil/OFL.txt	4610	5b8c6e81959d986b777fe45d7f5cdd6a93b61d49
Tiny5	Sans Serif	ofl/tiny5/Tiny5[BLED,JITT,ROND,wdth,wght].ttf	433432	2778c1de3671ebc707cb768b98bfa4dfb85f54c1	ofl/tiny5/OFL.txt	4389	4e073c9a2b3f82812331ddd0dfcc5f2a07c27df7
Yomogi	Handwriting	ofl/yomogi/Yomogi-Regular.ttf	4045904	9ed46e0cdfe749a01ee2bee03852bf39cfcf7c65	ofl/yomogi/OFL.txt	4409	2987e11ede14be2802b5b33a63e5e55f7cd77160
Gulzar	Serif	ofl/gulzar/Gulzar-Regular.ttf	963496	62b1b126aa600f65b6e2ffed3041580cafe46274	ofl/gulzar/OFL.txt	4386	18721f463366d2b3c7b0fdcbd710430e988997e1
Mallanna	Sans Serif	ofl/mallanna/Mallanna-Regular.ttf	722912	973d351b20ea556bce1104fe30752719ed3b3c40	ofl/mallanna/OFL.txt	4486	20875a789647bae40eab1193d6562bdf2fcde5f3
Tenali Ramakrishna	Sans Serif	ofl/tenaliramakrishna/TenaliRamakrishna-Regular.ttf	710220	0ed3ccff0f83785f3804caa3c57d3501bfcaf42f	ofl/tenaliramakrishna/OFL.txt	4485	a25dfcbe8f5e6352dd4fb149f618d015dda1b122
Mako	Sans Serif	ofl/mako/Mako-Regular.ttf	70284	b1b833bc97351fc515e6de1a1a810842a126d5a7	ofl/mako/OFL.txt	4386	2565bdec36106e5468b250e5784ea003e89dbcfd
TASA Orbiter	Sans Serif	ofl/tasaorbiter/TASAOrbiter[wght].ttf	174528	5b8f847f89da118db69518c01ec82c8a4126140e	ofl/tasaorbiter/OFL.txt	4424	1dd3ba831575852f1e4b983d4d1b61b1176e7135
The Girl Next Door	Handwriting	ofl/thegirlnextdoor/TheGirlNextDoor.ttf	53364	9e34eade7914a9b30e6ce9b23a0cbce2d02c9c57	ofl/thegirlnextdoor/OFL.txt	4362	06117d9dfe08e8ac9818115cc1898c05a197c27f
Bilbo Swash Caps	Handwriting	ofl/bilboswashcaps/BilboSwashCaps-Regular.ttf	58072	5a074c55289569c8cd0925a5801c90f0f9107bbe	ofl/bilboswashcaps/OFL.txt	4385	e4bdd5e5976a97b104182ea20f84d579d3cd5c5d
Cambo	Serif	ofl/cambo/Cambo-Regular.ttf	29104	272298d8efccb7dd8e2b7da0a281d8ae8c6098c6	ofl/cambo/OFL.txt	4473	e01268cc76090aece265b28fcbe53ec5f022c12b
Atomic Age	Display	ofl/atomicage/AtomicAge-Regular.ttf	62592	aec0347691e8b1234b69934ea42bbeee04925e02	ofl/atomicage/OFL.txt	4404	b0c2f04ebed88fc419dddd8d16f35612be39546f
Junge	Serif	ofl/junge/Junge-Regular.ttf	71400	4e381e9e3f6758758b32b463386d3321338c181c	ofl/junge/OFL.txt	4381	a3e4a629ec7c02939dff7739ad3e4d90a8a5810c
Stack Sans Text	Sans Serif	ofl/stacksanstext/StackSansText[wght].ttf	129196	a51b1e5c4a7f0ca4154a327f486125e01b919d7c	ofl/stacksanstext/OFL.txt	4397	a955fca68f3635a1355f070ab526216cc6b75f6a
Holtwood One SC	Serif	ofl/holtwoodonesc/HoltwoodOneSC-Regular.ttf	58448	21f2b6482983f54a956e007225074219b0dd1117	ofl/holtwoodonesc/OFL.txt	4487	bc022cba9ac99431cd43d01e34f552a1a5a85dbe
Karantina	Display	ofl/karantina/Karantina-Regular.ttf	51480	2545361fa346f911ee09e04608b158d9defe6f08	ofl/karantina/OFL.txt	4388	2edf47869f2bcde5a5cefdea21674366871e72e4
Life Savers	Display	ofl/lifesavers/LifeSavers-Regular.ttf	217792	528a41e0a3e6d81c434e013af9240965f90ee4ae	ofl/lifesavers/OFL.txt	4396	6e2de1452863527f8ab7dc66a957cf374f1657d0
Libertinus Sans	Sans Serif	ofl/libertinussans/LibertinusSans-Regular.ttf	460756	da3a38f0c695a501d33876d6982433f16dd398bd	ofl/libertinussans/OFL.txt	4399	ff98ae1e07586c834ff437382f3905716c849fe9
Trade Winds	Display	ofl/tradewinds/TradeWinds-Regular.ttf	85380	f07179d4e563da6d0144b16fd1f5405712ba010a	ofl/tradewinds/OFL.txt	4419	f2dd4745317770011ad575056956d23e0c8b6031
Grenze	Serif	ofl/grenze/Grenze[wght].ttf	139860	6b02c48a10a5b2ec761ea4a3a0bb6d0fbab4243a	ofl/grenze/OFL.txt	4388	c1fedae00b214f5cca83220bb0b2ae0d64251b9d
Duru Sans	Sans Serif	ofl/durusans/DuruSans-Regular.ttf	88088	c3450f4f0793b5cc02f78da4b96e3c006aad5006	ofl/durusans/OFL.txt	4394	f41610106efbc49002915c49810f381e07b16054
IBM Plex Sans Thai Looped	Sans Serif	ofl/ibmplexsansthailooped/IBMPlexSansThaiLooped-Regular.ttf	125080	571d126bedc9918e2ad04f1d91f6cd7a50c51b2c	ofl/ibmplexsansthailooped/OFL.txt	4456	c35c4c618fab33da8695177b3a6cefe0810b7b28
Mohave	Sans Serif	ofl/mohave/Mohave[wght].ttf	65176	7eca16588a68f9df055bda3798de90aea82689ba	ofl/mohave/OFL.txt	4391	2228ed6bdb4e82cec61a927a5428d3cdcfc44ef3
Protest Revolution	Display	ofl/protestrevolution/ProtestRevolution-Regular.ttf	803236	8b9f1a6faca4989fc52f11050209e12c0ccd2c94	ofl/protestrevolution/OFL.txt	4388	abf7738de337cab838fa22727e943a20f929ba01
Bigshot One	Display	ofl/bigshotone/BigshotOne-Regular.ttf	44836	0745b0ae014e236666ada60c729c11ae908a8b7b	ofl/bigshotone/OFL.txt	4396	984e5653922426b38fb2ce8f6df0141a22b6b35e
Henny Penny	Display	ofl/hennypenny/HennyPenny-Regular.ttf	92596	3979bbe9008345b910b08f3feb58df35890c64cf	ofl/hennypenny/OFL.txt	4677	8c0ce5b2c7a90235ce85ce84faf657be49d95f88
Grape Nuts	Handwriting	ofl/grapenuts/GrapeNuts-Regular.ttf	122812	f40a904200c11a45a46a583820358f88bb416501	ofl/grapenuts/OFL.txt	4393	d94212a1c87804c1b9c50c8bf6bd368aa3b921e1
Reddit Mono	Monospace	ofl/redditmono/RedditMono[wght].ttf	203908	0817775a43cc79603dcfe680db1f3f3d35c715d8	ofl/redditmono/OFL.txt	4879	16ca390397fd8f50c5fcedb887c7c926c27d8c74
Kufam	Sans Serif	ofl/kufam/Kufam[wght].ttf	428544	2d8306ad18c2a1713815a557455a713441b80adc	ofl/kufam/OFL.txt	4383	a6d119a00762ca9a96e99b2bcc18637f69766ee7
Artifika	Serif	ofl/artifika/Artifika-Regular.ttf	54136	c80cb5baeb1286fcbc6903a2d6c26ac09f261881	ofl/artifika/OFL.txt	4388	d2742cf49082328ab5cd41065ec4b52c09edca79
Oleo Script Swash Caps	Display	ofl/oleoscriptswashcaps/OleoScriptSwashCaps-Regular.ttf	40088	e074fdf07b730bd2710ac36051e3cea90bbb9242	ofl/oleoscriptswashcaps/OFL.txt	4419	7aa3e240b2a3b0dc3881046c2776cedd083a7127
Sunshiney	Handwriting	apache/sunshiney/Sunshiney-Regular.ttf	160208	bad1b69f02261c9fbacaf701ab2284f0618f3bd3	apache/sunshiney/LICENSE.txt	11358	d645695673349e3947e8e5ae42332d0ac3164cd7
Licorice	Handwriting	ofl/licorice/Licorice-Regular.ttf	154512	9d7dac06c3afb3059ab472c399cfe4eaa52bec97	ofl/licorice/OFL.txt	4390	c576be6cd3998bb50a040f1c9d8ceec07a3ca81f
Voces	Sans Serif	ofl/voces/Voces-Regular.ttf	123756	6460047663c54d1b7391e29b5192190f8b006439	ofl/voces/OFL.txt	4483	174c3a6a98a0437dd2e68234ffab9a7306e8c946
Fresca	Sans Serif	ofl/fresca/Fresca-Regular.ttf	32644	f4889a510a0e10b820181dda9b0c4f12b6a3e37a	ofl/fresca/OFL.txt	4389	14a7f119338cb5612d3e9991f335863280e7f5f0
Wire One	Sans Serif	ofl/wireone/WireOne-Regular.ttf	48420	600078e1ccb37019ebfdeecd9d956b01396b2f64	ofl/wireone/OFL.txt	4481	c42371fd2bb6a6bd3ac377f7066e35e634d050e5
Federo	Sans Serif	ofl/federo/Federo-Regular.ttf	145056	cf2a6c0705e599f484700d885d5a1a14053744bb	ofl/federo/OFL.txt	4382	ec0b1fd81f5cd826b7613f9432daad9c9ca1e984
Suranna	Serif	ofl/suranna/Suranna-Regular.ttf	624852	4b081d7f400a78a616ad6a5dc0b0e82a5134a4f6	ofl/suranna/OFL.txt	4470	a825e87b8c4c5dfae536e00832f07107a916293a
Salsa	Display	ofl/salsa/Salsa-Regular.ttf	56680	0ad93446057031b08fa928b3d5823bde668ac207	ofl/salsa/OFL.txt	4410	dc0e168fe3818165985d6db9ccd1b3a67546042d
WindSong	Handwriting	ofl/windsong/WindSong-Regular.ttf	267192	3cac8f4e19e56101dd53368fe64e94548be03831	ofl/windsong/OFL.txt	4481	05db17eb275b873366a56c5d99c9f8ab4d26bb27
Ruwudu	Serif	ofl/ruwudu/Ruwudu-Regular.ttf	121440	693379e57156a890170c8da1803a1a72e2eeedd2	ofl/ruwudu/OFL.txt	4494	30bffb6b10bf4ca631ca79947a5536019658beb0
Dokdo	Display	ofl/dokdo/Dokdo-Regular.ttf	2150860	82c8350a940734276dfcd07d05fc456fd7ed89f4	ofl/dokdo/OFL.txt	4357	501e63a5c552767f50acbeebbd296fecb0cde5bf
Alike Angular	Serif	ofl/alikeangular/AlikeAngular-Regular.ttf	62184	80d4efbf460893f7ec010d65d7a2126173336e18	ofl/alikeangular/OFL.txt	4545	2fc685a49502e00c201f94c4ec3d5f31872bcd58
Protest Riot	Display	ofl/protestriot/ProtestRiot-Regular.ttf	109708	8e30692f570483893c7adb349fb87881fe050bf5	ofl/protestriot/OFL.txt	4388	abf7738de337cab838fa22727e943a20f929ba01
Gentium Book Plus	Serif	ofl/gentiumbookplus/GentiumBookPlus-Regular.ttf	818952	c45ac365da2392996856afc6c8475734f6cd4042	ofl/gentiumbookplus/OFL.txt	4507	5a7a2dd8330a6d5bd70468ca98c69fe8c0d73b3c
Goblin One	Display	ofl/goblinone/GoblinOne.ttf	36736	cef933d097d0b64be11a5cd47519f8aac5dc3c2d	ofl/goblinone/OFL.txt	4396	7879373da0f01fef2811a1f00a74004ac8e0d77e
IM Fell Double Pica	Serif	ofl/imfelldoublepica/IMFELLDoublePica-Regular.ttf	210736	8c4049a887777ec7e98d072abdcc7546fbad8496	ofl/imfelldoublepica/OFL.txt	4452	68632c17836e943c708fa94b0ac067265867d1bf
Julee	Handwriting	ofl/julee/Julee-Regular.ttf	66776	74a733734e8ff3f4b0ae36d032eab27b15eb9c38	ofl/julee/OFL.txt	4507	00d7f641d610df2da127a66c5062601ad159fa7e
Qahiri	Sans Serif	ofl/qahiri/Qahiri-Regular.ttf	40728	6802da1ad8b8ae3ac7472e18a71634f576f27e27	ofl/qahiri/OFL.txt	4376	f19e9f23564bf8f60c8339dd59cedc1d4f969a41
Spicy Rice	Display	ofl/spicyrice/SpicyRice-Regular.ttf	67244	638436cd38eab22a9e9d1a3d160a4542ec73f955	ofl/spicyrice/OFL.txt	4433	133671d4b2f3485aa220c8bb1e50716f348c2a9a
Dynalight	Display	ofl/dynalight/Dynalight-Regular.ttf	53148	3fadd4db6de6cf607d539bfdcbf06a5184e370c4	ofl/dynalight/OFL.txt	4432	b527806d60107a3da877a998b122c703c4697a77
Baloo Chettan 2	Display	ofl/baloochettan2/BalooChettan2[wght].ttf	339860	4b483cc0701374d652a85df9f4af392ad42dde27	ofl/baloochettan2/OFL.txt	4384	72adb492d4f0ede2a9dbdefed607f33ad3a6fc68
Lily Script One	Display	ofl/lilyscriptone/LilyScriptOne-Regular.ttf	37572	58d0092630aaec1ee44dc26bf7c12f03b6fa01ec	ofl/lilyscriptone/OFL.txt	4429	65444475c439df33bb2cf2db9a2b8ad0870dea9e
M PLUS 1 Code	Monospace	ofl/mplus1code/MPLUS1Code[wght].ttf	3933000	9135b5fa00ea59ac8a02eabf3448c266019fd4ee	ofl/mplus1code/OFL.txt	4387	b038fd111aff94bffc3fc21f239a556a84209a07
Darumadrop One	Display	ofl/darumadropone/DarumadropOne-Regular.ttf	359120	53acdae68be4e4ff11eaaf0b8790aaed06bd0149	ofl/darumadropone/OFL.txt	4402	29ca6d2f7cb576bb08ac7897623d28661f41dce7
Faculty Glyphic	Sans Serif	ofl/facultyglyphic/FacultyGlyphic-Regular.ttf	65452	7092da81ccf0d52b307622a072c4b4e0ecea7e1e	ofl/facultyglyphic/OFL.txt	4406	a1166fec14dcfa8b9fe0f41216b475e8c3a24320
Aoboshi One	Serif	ofl/aoboshione/AoboshiOne-Regular.ttf	117976	c39ec91ad69969de91af6439f7943e935fcddf54	ofl/aoboshione/OFL.txt	4413	8e21cc2dfb37a44172d409bd1dda07605927bb97
Iceland	Display	ofl/iceland/Iceland-Regular.ttf	47632	df1938c29ed86f9a0b678b6ded65958d93799a0e	ofl/iceland/OFL.txt	4383	0da758925b8697f40d20adda0ae01f4e2b41528a
Loved by the King	Handwriting	ofl/lovedbytheking/LovedbytheKing.ttf	28252	9aac3deba988e80647232cfe6fd82b634ba1b1bd	ofl/lovedbytheking/OFL.txt	4362	06117d9dfe08e8ac9818115cc1898c05a197c27f
Alkalami	Serif	ofl/alkalami/Alkalami-Regular.ttf	145540	cc162c7bac2ee391866da6e14ba9db2feea43596	ofl/alkalami/OFL.txt	4496	2b99bdb66efd6034257e7f8387d24e3a79c0e815
Belgrano	Serif	ofl/belgrano/Belgrano-Regular.ttf	29048	f2fa337a7a1ddad591f31e1112110a2de93f620b	ofl/belgrano/OFL.txt	4408	3b6133f47b700d6db9170292e18330a61f2b2054
Modern Antiqua	Display	ofl/modernantiqua/ModernAntiqua-Regular.ttf	70108	8aad763be0d9ec273dc8240b1e05a0d3fd0791cf	ofl/modernantiqua/OFL.txt	4301	15ee93792e38fe9d0303b82c23aaf7d31e2003b6
Libre Barcode 128 Text	Display	ofl/librebarcode128text/LibreBarcode128Text-Regular.ttf	48056	171b36a08746f9230cfa97422858a1cdc10815aa	ofl/librebarcode128text/OFL.txt	4402	54028f3548d8a596a97286b7524558dbe1fb8e0e
Noto Sans Old Persian	Sans Serif	ofl/notosansoldpersian/NotoSansOldPersian-Regular.ttf	59860	72362934d33f6b182cea587fc6a14cd8eb6986c5	ofl/notosansoldpersian/OFL.txt	4387	396d81a5fd0968e6a4d4d23ce072a1c97263d44e
Clicker Script	Handwriting	ofl/clickerscript/ClickerScript-Regular.ttf	64012	dd1be83ed4dd1e949593e1e7518b35162e3cbd08	ofl/clickerscript/OFL.txt	4542	c3dc15f8d6a90dc72f5f300631c32fc38289b145
Habibi	Serif	ofl/habibi/Habibi-Regular.ttf	36260	b7f064a8796fdb983a0dc61bcf3e29a19cd803fd	ofl/habibi/OFL.txt	4396	2b8cded667ac9dad044ea10de6045a98087cf02d
Meie Script	Handwriting	ofl/meiescript/MeieScript-Regular.ttf	128428	5fe10d5f93d6dddc3ac09191b94d4e84fe4baa90	ofl/meiescript/OFL.txt	4444	3f46e71f0d46e3701fada99e126341c6bd5f5a35
SUSE	Sans Serif	ofl/suse/SUSE[wght].ttf	220292	3557ec22a037562c44b2ccc0be86e49479121b71	ofl/suse/OFL.txt	4379	bfe0be9e423fefda8999e7a5639426877a18a651
Baloo Paaji 2	Display	ofl/baloopaaji2/BalooPaaji2[wght].ttf	243180	27b4b5b463fd7c728fa3174afc854253d7a75a5b	ofl/baloopaaji2/OFL.txt	4384	72adb492d4f0ede2a9dbdefed607f33ad3a6fc68
Moderustic	Sans Serif	ofl/moderustic/Moderustic[wght].ttf	267392	bd1a25b0488b3947b5516129f6a1912efc368794	ofl/moderustic/OFL.txt	4388	0c1bbc53052b16bf82b211ded9ca21efcf1a38c3
Shanti	Sans Serif	ofl/shanti/Shanti-Regular.ttf	70112	6ace5e7a65f5fc7be2912f0deb7191d7bd2bf6d2	ofl/shanti/OFL.txt	4390	a01d75b584b60705cf68d9294598121c3083c753
Mozilla Headline	Sans Serif	ofl/mozillaheadline/MozillaHeadline[wdth,wght].ttf	160144	a6f776d4180afb7862921b30f272bf4b31a88208	ofl/mozillaheadline/OFL.txt	4407	e1a96b141ee77b3b983cc3e38d43d9f0291a25c1
Fuggles	Handwriting	ofl/fuggles/Fuggles-Regular.ttf	734252	4f991f0bd21b030b831538420b6e080736bedf48	ofl/fuggles/OFL.txt	4483	d3ad2633443312ab1e4c23e20bca46611725299f
Poltawski Nowy	Serif	ofl/poltawskinowy/PoltawskiNowy[wght].ttf	414696	d4f1d07897027133eb15aeb49b6c31aa724edb8e	ofl/poltawskinowy/OFL.txt	4400	492c9b697b8d9db9542b29bcb31f700a72a9fcb2
Mooli	Sans Serif	ofl/mooli/Mooli-Regular.ttf	62600	09094774f4440e847c21aea7f4916783c5af8daa	ofl/mooli/OFL.txt	4388	64b5fe9f98d19de402f0001f9b5813f2e77ca9c8
Galada	Display	ofl/galada/Galada-Regular.ttf	187776	d6eacaa9d805ab1cec3b5241273009523dd18da3	ofl/galada/OFL.txt	4635	f551ab52deadba15fd1d44b29831baab1328ea5f
Bellota	Display	ofl/bellota/Bellota-Regular.ttf	194464	f9a19734aa683b70605fc9be60ebcf770dc0fb75	ofl/bellota/OFL.txt	4386	4597db1c71f7894ecdec505ebf5003f879664041
Phudu	Display	ofl/phudu/Phudu[wght].ttf	129144	707a7e258bf031165ff7d8c192fe18a8f97ea341	ofl/phudu/OFL.txt	4386	cc9a494d099bb6908181d395045668ddeb868c87
NTR	Sans Serif	ofl/ntr/NTR-Regular.ttf	374932	6efd2bc34237094e1ec98dde8c858a6500a42c8c	ofl/ntr/OFL.txt	4479	fc59b365e94041ed6c701dcf62416def366536d6
Stack Sans Headline	Sans Serif	ofl/stacksansheadline/StackSansHeadline[wght].ttf	129268	e2ab994bf40d7ca52ae55317f710917cc19310e1	ofl/stacksansheadline/OFL.txt	4397	a955fca68f3635a1355f070ab526216cc6b75f6a
Bitcount Single	Display	ofl/bitcountsingle/BitcountSingle[CRSV,ELSH,ELXP,slnt,wght].ttf	353980	837debb29bd49b4a16857ff8474b2cb671493ea4	ofl/bitcountsingle/OFL.txt	4401	26bf6d1590b4238efa3b2e7938bce13df8bba164
Stick	Sans Serif	ofl/stick/Stick-Regular.ttf	2215036	dd521676508b1b9f0457d27bc687ff87d71f8624	ofl/stick/OFL.txt	4480	e347f0bce3aac0ee5efca29b9eaeb27a70997dfd
Raleway Dots	Display	ofl/ralewaydots/RalewayDots-Regular.ttf	464888	adeda37b47f6f7d77e27f82104b6d9265a625405	ofl/ralewaydots/OFL.txt	4709	c6030445ad2fa77cbc7ed02a288b845c7c9d9ff3
Madimi One	Sans Serif	ofl/madimione/MadimiOne-Regular.ttf	98100	63b22aace3e70f15cd272d34fad7085899e0da48	ofl/madimione/OFL.txt	4387	3296f207c3697842f44b91d6d97fd4efeb42b7d5
Bonheur Royale	Handwriting	ofl/bonheurroyale/BonheurRoyale-Regular.ttf	133728	4c7e43a643f3f1357eff672f1f9280ef62dcb544	ofl/bonheurroyale/OFL.txt	4499	17b1b9d72fb6bdd7275f3b84cc8ce0b1b459e145
Swanky and Moo Moo	Handwriting	ofl/swankyandmoomoo/SwankyandMooMoo.ttf	58892	28c78fce587b68e71c9b8e77b2fb041ac3616176	ofl/swankyandmoomoo/OFL.txt	4362	06117d9dfe08e8ac9818115cc1898c05a197c27f
The Nautigal	Handwriting	ofl/thenautigal/TheNautigal-Regular.ttf	162468	46eb19ac0ce313c2ea468deb8474fb8e0109aa82	ofl/thenautigal/OFL.txt	4403	106dc6ce50ce9cb3623a57053017e177ef268b35
Rubik Bubbles	Display	ofl/rubikbubbles/RubikBubbles-Regular.ttf	219564	dbfaaa72f262144e200642ac9245a7fe714f0f58	ofl/rubikbubbles/OFL.txt	4406	1e2235d7815818ef7bddbb86da9727aa22c3b40f
Amethysta	Serif	ofl/amethysta/Amethysta-Regular.ttf	66348	b35b3e71ff6592df2ebe60dd079ae57362bd986d	ofl/amethysta/OFL.txt	4385	f4167b3d3b01fefbc466aa4ea4a05190b5cd21ac
Gasoek One	Sans Serif	ofl/gasoekone/GasoekOne-Regular.ttf	1061372	115f65e6e05995f4ed51e77fa9e22aa7f528be14	ofl/gasoekone/OFL.txt	4480	6f52cdd593b52897cd3d51fcc12832ee8b09dbe1
Mynerve	Handwriting	ofl/mynerve/Mynerve-Regular.ttf	279224	6ac99f4e8d2fe3bf7ddfaa863daf71a6a2cfee41	ofl/mynerve/OFL.txt	4390	d4bcf27b4d6718c12ca43ffe1e0287f4a1031a60
Nokora	Sans Serif	ofl/nokora/Nokora[wght].ttf	65120	7fc6e7a92087a9165d0c2e262b6f3317d562559b	ofl/nokora/OFL.txt	4382	d882acc6ba307bbcc7d4f247b7760b9261a3aced
IM Fell French Canon	Serif	ofl/imfellfrenchcanon/IMFeFCit28P.ttf	158184	6fe25b188131422b05b8ca172295f2a8ef7dbbee	ofl/imfellfrenchcanon/OFL.txt	4452	68632c17836e943c708fa94b0ac067265867d1bf
IM Fell DW Pica SC	Serif	ofl/imfelldwpicasc/IMFePIsc28P.ttf	198012	4827ba2e96128e6774bbc78b5730d43129a35068	ofl/imfelldwpicasc/OFL.txt	4452	68632c17836e943c708fa94b0ac067265867d1bf
Comme	Sans Serif	ofl/comme/Comme[wght].ttf	91652	8752ee7358a415d1f5e3fe52b56fb95da6e858e7	ofl/comme/OFL.txt	4477	006bc804cf32e97b49ad54394841b00acda7e61b
Manuale	Serif	ofl/manuale/Manuale[wght].ttf	185992	dcff43e64f2aadb3b9985915db461599b930bc30	ofl/manuale/OFL.txt	4388	ef48e3bbfc468e97cd239f90d9a122275df4d745
Kdam Thmor Pro	Sans Serif	ofl/kdamthmorpro/KdamThmorPro-Regular.ttf	85760	2bd06ef449030e3f74144df25514c739c68a38fb	ofl/kdamthmorpro/OFL.txt	4398	d7334f93c16a8907a18cfa5dbd1c76595d63cd14
Birthstone Bounce	Handwriting	ofl/birthstonebounce/BirthstoneBounce-Regular.ttf	326712	beeb232f90f5dbf4f6139d5ce9a309602ad71b4e	ofl/birthstonebounce/OFL.txt	4500	969682093e4b84062af20b8f14752020bafe87d7
Moul	Display	ofl/moul/Moul-Regular.ttf	166200	606a89aa6b05a8516bc1a01aaa2786d65deea896	ofl/moul/OFL.txt	4378	835b1cf57d396fdd58bbee249d7fd52a41f4b5b4
Lovers Quarrel	Handwriting	ofl/loversquarrel/LoversQuarrel-Regular.ttf	110424	95179dc198b761548199c3c9155f00fca7f38a1c	ofl/loversquarrel/OFL.txt	4493	206a111e25bad71b016619530be27dc0c5b5f61a
Nova Round	Display	ofl/novaround/NovaRound.ttf	93212	314818ceb6f5d910de70eb0cd3c3d046eabab3a3	ofl/novaround/OFL.txt	4272	7d6aef09ddad793782c6617d09e598d4a81ea0b9
Crushed	Display	apache/crushed/Crushed-Regular.ttf	57792	468cabed73ab6205bde5d2e7653ff14e83aee24b	apache/crushed/LICENSE.txt	11358	d645695673349e3947e8e5ae42332d0ac3164cd7
Science Gothic	Sans Serif	ofl/sciencegothic/ScienceGothic[CTRS,slnt,wdth,wght].ttf	2726388	eb77342eefe0c8549325e10b0f7d48793c714915	ofl/sciencegothic/OFL.txt	4537	5b740eb462e0bc9b05172715d5c094ad63f9044b
Ranchers	Display	ofl/ranchers/Ranchers-Regular.ttf	167420	476f8a115aad4c4238b9281242485afd9991003d	ofl/ranchers/OFL.txt	4566	35ec91bc7cb5608afb0f1f3df81e89f0c9c18ccf
Maiden Orange	Serif	apache/maidenorange/MaidenOrange-Regular.ttf	60688	4a05f465361162d468362bef278bda50cd0e229c	apache/maidenorange/LICENSE.txt	11358	d645695673349e3947e8e5ae42332d0ac3164cd7
Alan Sans	Sans Serif	ofl/alansans/AlanSans[wght].ttf	198132	09fc8245f6763ad367ac502ba57999492f09f3b1	ofl/alansans/OFL.txt	4388	2f2516da843944fe862a6fc4a6ae4a3419d8360e
Imbue	Serif	ofl/imbue/Imbue[opsz,wght].ttf	220012	f22450bf8d9056cc40cfac59cb2266acc0700e16	ofl/imbue/OFL.txt	4389	85dde5e26726bed92792077d25679ff0a72eb6e3
Zhi Mang Xing	Handwriting	ofl/zhimangxing/ZhiMangXing-Regular.ttf	4063532	d037d1f00395175de01de33e62957c30a008a1b1	ofl/zhimangxing/OFL.txt	4397	8e1e6c70cd7fad5b34f6337c694fed96b5e38884
Kotta One	Serif	ofl/kottaone/KottaOne-Regular.ttf	36624	79001e263a6a2e121cd69a80eaf37d393a8bceba	ofl/kottaone/OFL.txt	4406	f23723fc652cb16583abe814be9df6ddbdf1a0b6
Peralta	Serif	ofl/peralta/Peralta-Regular.ttf	59600	b0bf23a019283dd0ab52c9c07c4d3bb38d101c98	ofl/peralta/OFL.txt	4428	75fa184c9d252610d026bd175a637058967cf157
Baumans	Display	ofl/baumans/Baumans-Regular.ttf	52076	457dd11050b01273051046ce1f5980feb073f79b	ofl/baumans/OFL.txt	4383	d6ae861095c0ef64b4b31494813dabc01c87dcb3
Freckle Face	Display	ofl/freckleface/FreckleFace-Regular.ttf	121088	b5e4196fc3fb22d33f91890c87259a8430d3efca	ofl/freckleface/OFL.txt	4525	5e7e1aaea3cf32c858ae6fb7fbf9f0536e6bfe42
Varta	Sans Serif	ofl/varta/Varta[wght].ttf	112072	48dce4ec92d3bdb36a054f3a5002ab4c84987fa2	ofl/varta/OFL.txt	4425	b3cef486ee0beed488c19b8cad6639bfd63b6c44
Bubbler One	Sans Serif	ofl/bubblerone/BubblerOne-Regular.ttf	31260	ca00ec18c6e4e0db18fffb0e149a6e0686cfce5a	ofl/bubblerone/OFL.txt	4490	67488db4caa77fd81792f043adfdd8b0d7468f65
Nova Flat	Display	ofl/novaflat/NovaFlat.ttf	93844	7a28f977478f6cba37cfaaed68aff54268caa530	ofl/novaflat/OFL.txt	4271	05f83921dcdd9789b61126714b31f90a82615855
Timmana	Sans Serif	ofl/timmana/Timmana-Regular.ttf	760696	b003c8752cba63b8e268e752afdb08e7f1dd85f0	ofl/timmana/OFL.txt	4529	cb694416b1ba9082ad4e4113ee046087b15a027b
Lemon	Display	ofl/lemon/Lemon-Regular.ttf	77180	c80226ec8df51c9dacbb5ee75adadf0824d68314	ofl/lemon/OFL.txt	4504	2442138bd22ae91c260a9c0d8c1888c34a04f70e
Headland One	Serif	ofl/headlandone/HeadlandOne-Regular.ttf	149692	e52fa52671195f54ff8d39032ff13894693f0a58	ofl/headlandone/OFL.txt	4398	1a19d11bb92f51019e71c98ab2b587f5e3368039
Imperial Script	Handwriting	ofl/imperialscript/ImperialScript-Regular.ttf	154824	4fa2d72a9c1c166a386724c087899f17260f8fe1	ofl/imperialscript/OFL.txt	4404	7f15840f3d25b6b661871db0e75eaece31ac73cf
Sail	Display	ofl/sail/Sail-Regular.ttf	32656	2e46ba338aea8a6a497af56d1915a5b404b0d8d0	ofl/sail/OFL.txt	4404	93f0158526dd34d86674a7c830c8603a4037bae0
IBM Plex Sans Devanagari	Sans Serif	ofl/ibmplexsansdevanagari/IBMPlexSansDevanagari-Regular.ttf	357812	ece4308f0715432b6d6bd56d66cffbc26be1e195	ofl/ibmplexsansdevanagari/OFL.txt	4456	c35c4c618fab33da8695177b3a6cefe0810b7b28
Sura	Serif	ofl/sura/Sura-Regular.ttf	140444	4d4ff188b31555d97315ec659d1c3367d901b599	ofl/sura/OFL.txt	4363	fc900718af212787d80383c43d5344dce5a4d817
Convergence	Sans Serif	ofl/convergence/Convergence-Regular.ttf	30220	ccf337222eb4b85161fb556ee17f2e3cc4e4b25d	ofl/convergence/OFL.txt	4501	93407004e174d2af63a3a077f933440751909db4
Ysabeau SC	Sans Serif	ofl/ysabeausc/YsabeauSC[wght].ttf	223356	c16ff8b64d7fd026d8f98124ab0517180c18c815	ofl/ysabeausc/OFL.txt	4391	b0530d60f24044f2ab7a9bbe9bd837bb2b0e7a45
Margarine	Display	ofl/margarine/Margarine-Regular.ttf	148820	61bbda8ac1f710cdf449bb2e80c1ef5eaaf0a63f	ofl/margarine/OFL.txt	4524	ea58c0e268dfd6ecd6a9505158e9478236bd1e01
Homenaje	Sans Serif	ofl/homenaje/Homenaje-Regular.ttf	36436	e66d3660f240d5ca1179e60a36a02344a74c052a	ofl/homenaje/OFL.txt	4428	1a98f85f7a829716630afa330f5e7f6912e5f084
Sansation	Sans Serif	ofl/sansation/Sansation-Regular.ttf	44548	b16ac5a0bd0c46a2f4d6ffc57c31d0af49fcfb85	ofl/sansation/OFL.txt	4468	d16c684c6a6ea182f266443c6624e157d1f2cb3c
Baloo Tammudu 2	Display	ofl/balootammudu2/BalooTammudu2[wght].ttf	669816	1a3aeb84dcc26978563e93cb21143d5f23168e1b	ofl/balootammudu2/OFL.txt	4384	72adb492d4f0ede2a9dbdefed607f33ad3a6fc68
Montaga	Serif	ofl/montaga/Montaga-Regular.ttf	33956	f8d8e0a087833e4d9a55fce166ba7f00ebde9383	ofl/montaga/OFL.txt	4429	5fed5695ee2927569b70eb03dedbbf18948e2846
Mina	Sans Serif	ofl/mina/Mina-Regular.ttf	151240	822e9abd32686dbb4736115cfa99ac993c0526b2	ofl/mina/OFL.txt	4467	402001e0bc0f42a3fb5b2a2ead080cde14b3fef5
Cherry Swash	Display	ofl/cherryswash/CherrySwash-Regular.ttf	30616	1d4dc2d4daeb0b889d57aa532dd83333389d2d47	ofl/cherryswash/OFL.txt	4371	685206d1bf862e60aa143008c8e7391f1e630821
Lexend Mega	Sans Serif	ofl/lexendmega/LexendMega[wght].ttf	192116	47c742ce552468c3bdcc47d3375a31e900f6e69d	ofl/lexendmega/OFL.txt	4436	b1477aae6210797999bd5ad9c13bcae5fc98788b
Edu SA Beginner	Handwriting	ofl/edusabeginner/EduSABeginner[wght].ttf	33724	415a0c661cba6d65c2dd2cf3fc9da3e3c3cf8174	ofl/edusabeginner/OFL.txt	4426	2b34b06642869e4b9b7b6ec1280dbbd061fe6802
Gayathri	Sans Serif	ofl/gayathri/Gayathri-Regular.ttf	162884	6db5416b794aca8b8835ea06dc0fc2bc3fe2b192	ofl/gayathri/OFL.txt	4386	3328321e5d9d15381f694edee157bf6ab957719f
Esteban	Serif	ofl/esteban/Esteban-Regular.ttf	46504	f278773f89685d0b0ce1b6881c454c7c2a39f62d	ofl/esteban/OFL.txt	4432	4fb7db8f97157b0f1ffd0232e65e938390c6d06f
Hubot Sans	Sans Serif	ofl/hubotsans/HubotSans[wdth,wght].ttf	369548	7a166d728e2eca2d8019998db1487d9630a15f52	ofl/hubotsans/OFL.txt	4422	8c094b8bd3712144c16384eea4da957c98c0df6c
Kavoon	Display	ofl/kavoon/Kavoon-Regular.ttf	71476	9a6f2cc8880075524a3acb9c65b73e2b7f0d66df	ofl/kavoon/OFL.txt	4397	1412db69ba8ac1a197d34b6641db49526eefb91a
Carme	Sans Serif	ofl/carme/Carme-Regular.ttf	78028	28202c1eb5f2c6de732ec412d0958bba5bcfebc9	ofl/carme/OFL.txt	4423	a5ff51973e31b53c3e7573dfe6fab999cffc8b13
Macondo Swash Caps	Display	ofl/macondoswashcaps/MacondoSwashCaps-Regular.ttf	33016	bd254bfdff6f9a359cb315b08e92675ee3ef2d21	ofl/macondoswashcaps/OFL.txt	4443	0f73e6447cba5ed52dacafc613e1debcc27666a8
Harmattan	Sans Serif	ofl/harmattan/Harmattan-Regular.ttf	573500	e36f9c434160367d89cd83e4c88aca5acdc0ab8d	ofl/harmattan/OFL.txt	4777	646b506e416e374041bc1ff9d2d27a7f272c4808
Denk One	Sans Serif	ofl/denkone/DenkOne-Regular.ttf	304360	48f59b2042fa9b947e80316cd5d97bd139631202	ofl/denkone/OFL.txt	4514	80e31ed716f78c3c8168b2ed12fedda24f3259a6
Kode Mono	Monospace	ofl/kodemono/KodeMono[ROND,wdth,wght].ttf	260444	9af8135f3d428936a5fd913eee40dd2bb10a5682	ofl/kodemono/OFL.txt	4390	aaa43fd0ba4f91bcc140c82c85f24e958cf87a3d
Anek Tamil	Sans Serif	ofl/anektamil/AnekTamil[wdth,wght].ttf	899668	8d73854797655a9083250ade3758ce05f2b42d5b	ofl/anektamil/OFL.txt	4379	6e46064f855d1d252f1f7d61e7dd1d5a07d409bf
Emilys Candy	Display	ofl/emilyscandy/EmilysCandy-Regular.ttf	237216	d3bedc35f1c1f17dd8f6bcaae88273af1f83254a	ofl/emilyscandy/OFL.txt	4395	287881dcdd8bb591db94c82130d92b975ce31e0f
Waterfall	Handwriting	ofl/waterfall/Waterfall-Regular.ttf	521348	6e8c0219b234a6cd6cdd17d367d385befdf6e62f	ofl/waterfall/OFL.txt	4392	a8fc37699b6d044795e359345281e8b67a6633d0
Momo Trust Sans	Sans Serif	ofl/momotrustsans/MomoTrustSans[wght].ttf	162712	d778e37de0739c28af096be046403843e5abd438	ofl/momotrustsans/OFL.txt	4405	906d8a3ceecb4b554da0c9d89d2eb721f356dd4d
Ceviche One	Display	ofl/cevicheone/CevicheOne-Regular.ttf	36940	abd1ef673018dadb3eea73d44e8f86823d7cf739	ofl/cevicheone/OFL.txt	4425	e4eabd8b0d063e1a7f502fef7ae335154f425cb0
Kulim Park	Sans Serif	ofl/kulimpark/KulimPark-Regular.ttf	60852	8497e66acdaf9c2e7ec06320737cf9bb5bb985e6	ofl/kulimpark/OFL.txt	4391	4edd4e632d94692017f069f00dc1dc26cc8bd752
Miniver	Display	ofl/miniver/Miniver-Regular.ttf	45824	dacbdd20a53fe3211d2e6049312579506728b2b5	ofl/miniver/OFL.txt	4423	7f33ad0de708a16ef61156698381b9bf9771b083
Fenix	Serif	ofl/fenix/Fenix-Regular.ttf	45144	ecbeba4e133a2666a30e8716cdda732742b74d1a	ofl/fenix/OFL.txt	4392	3d4f213777188c03e1e4854fc890a349d6c11340
Mozilla Text	Sans Serif	ofl/mozillatext/MozillaText[wght].ttf	86268	43efcfaa6a98ada8cc78544505a7d604a6885274	ofl/mozillatext/OFL.txt	4399	b88d21461a406ad7b43ffc79993c5c4a444ad025
Rubik Spray Paint	Display	ofl/rubikspraypaint/RubikSprayPaint-Regular.ttf	941576	bd4496543143278bf1e1e195e8f287b893af1a2c	ofl/rubikspraypaint/OFL.txt	4406	1e2235d7815818ef7bddbb86da9727aa22c3b40f
Jolly Lodger	Display	ofl/jollylodger/JollyLodger-Regular.ttf	39800	cfb3b8c703fe8382a107ac75b28062eb19d30b69	ofl/jollylodger/OFL.txt	4395	d2932712b1dc308982c7627cf53eb6a91a2d8e93
Lancelot	Display	ofl/lancelot/Lancelot-Regular.ttf	48940	f8d51dc2ff85e3a1d2c593cd73c158d4203b7a33	ofl/lancelot/OFL.txt	4396	cc4447b800b0479cce5cc180151b34c993c14d8c
Hedvig Letters Sans	Sans Serif	ofl/hedvigletterssans/HedvigLettersSans-Regular.ttf	80828	66cbcc858689e2c8d7c0d9dec474c96411668b02	ofl/hedvigletterssans/OFL.txt	4402	0573857f32a042e1ca6b7587346987bf25fb4843
Cascadia Code	Sans Serif	ofl/cascadiacode/CascadiaCode[wght].ttf	727940	b222dbdcbbd81baaeef2b40d6ddb4181ddbc535f	ofl/cascadiacode/OFL.txt	4395	40f856f6ecc6de260b4065368ad2f5c4f8cbdcbc
Overlock SC	Display	ofl/overlocksc/OverlockSC-Regular.ttf	36640	3d60d770f5e157e543bff6ef1d77d653be3a6cf5	ofl/overlocksc/OFL.txt	4422	3f4681a30bc283b7c13daa2c282eafd253f382a0
Edu TAS Beginner	Handwriting	ofl/edutasbeginner/EduTASBeginner[wght].ttf	34068	e7f0b3ab06c33e86eb272cd37e405745f66343c9	ofl/edutasbeginner/OFL.txt	4426	2b34b06642869e4b9b7b6ec1280dbbd061fe6802
Gafata	Sans Serif	ofl/gafata/Gafata-Regular.ttf	51552	fe2c22eec69c94a3f9add66efa1f88b2d138f0d1	ofl/gafata/OFL.txt	4494	2eb2e7e58a06b5332d7335fb6d756d0823cc6174
Baloo Bhaina 2	Display	ofl/baloobhaina2/BalooBhaina2[wght].ttf	473060	4b744df53236db74dea158a05dfb7024b5ef8dd0	ofl/baloobhaina2/OFL.txt	4384	72adb492d4f0ede2a9dbdefed607f33ad3a6fc68
Chau Philomene One	Sans Serif	ofl/chauphilomeneone/ChauPhilomeneOne-Regular.ttf	40040	f548a98c7f6c71c40c81d091b2d151e5da18c8ce	ofl/chauphilomeneone/OFL.txt	4426	dce8d20325edc0dfc6fdf0e6cc09816f0901f856
Story Script	Sans Serif	ofl/storyscript/StoryScript-Regular.ttf	121544	e385373af3a1c619c10710d44b253b64d4be936a	ofl/storyscript/OFL.txt	4393	0f5ab5be756504d25ebfb866ff5cd8109e21dff6
Baskervville SC	Serif	ofl/baskervvillesc/BaskervvilleSC[wght].ttf	140120	d5116200c4051a31f0b9e34d2bd9629a05dc678e	ofl/baskervvillesc/OFL.txt	4401	f85e491dd8ed8a029a991d57d48eebfe0d296157
Englebert	Sans Serif	ofl/englebert/Englebert-Regular.ttf	52896	6caf923f76a0cdadb304a05e61414f08e5f8e668	ofl/englebert/OFL.txt	4484	280c00039b470f8381be73bb753cc533e92ef438
BhuTuka Expanded One	Serif	ofl/bhutukaexpandedone/BhuTukaExpandedOne-Regular.ttf	138740	d7b4b9baf23977feab38ef8ebaf7408f9f77f2d8	ofl/bhutukaexpandedone/OFL.txt	4417	e71d0ce5717b3c01b168224f942626034dd27349
Smythe	Display	ofl/smythe/Smythe-Regular.ttf	90652	54c01c35d5516260249a777384526e3937e95f80	ofl/smythe/OFL.txt	4398	2ee8d9f17d97383a83daa0bd7187fc8763cb2a35
Koh Santepheap	Serif	ofl/kohsantepheap/KohSantepheap-Regular.ttf	171268	4b0017d631062f043e8c4f9b1eb270a6d0f39cde	ofl/kohsantepheap/OFL.txt	4397	81312795660993c098c42c883606ad5a5ae8ce69
Agdasima	Sans Serif	ofl/agdasima/Agdasima-Regular.ttf	23152	a9812f990cbef16e90c0ce9d3bbe100719dbf28f	ofl/agdasima/OFL.txt	4401	da7d2f2bf33c9555fb305782cb382efb012f7666
Momo Trust Display	Sans Serif	ofl/momotrustdisplay/MomoTrustDisplay-Regular.ttf	93640	dd404d44335869459b216b0f543c5bbf98fec5d8	ofl/momotrustdisplay/OFL.txt	4411	92656174ea4b3f61d67c83bfc6133d0997d54376
Kapakana	Handwriting	ofl/kapakana/Kapakana[wght].ttf	184420	390dd9ed9c505787081172c66f362ae5db0c1e71	ofl/kapakana/OFL.txt	4389	d89fa8eee2ab90a5267e199d9c99fe37ec2503cc
Asset	Display	ofl/asset/Asset-Regular.ttf	186716	bf05d6ac14fca87f7b1fbb4928582ce47472f6a4	ofl/asset/OFL.txt	4383	d9aa3c15dfd42b19094e7ca49e502435492fac81
Marhey	Display	ofl/marhey/Marhey[wght].ttf	198704	b54afeaefdac874cae1952efe3a9e47906907179	ofl/marhey/OFL.txt	4477	d4683065ab49e7067d25d48e5cd2ddc27b3aa193
Dangrek	Display	ofl/dangrek/Dangrek-Regular.ttf	62464	171487a2842e08e828bb04425d7fbcd09d48d9bb	ofl/dangrek/OFL.txt	4384	0466339aab9a7edffe0287b9959f92fc5226e27f
Mystery Quest	Display	ofl/mysteryquest/MysteryQuest-Regular.ttf	42124	7470dab5ae011a040af46f6cfd7f5d2968008255	ofl/mysteryquest/OFL.txt	4396	1adf005eb0eeeeb76fa6931dcabd107ff785767a
Nerko One	Handwriting	ofl/nerkoone/NerkoOne-Regular.ttf	102416	8e881b13b81a2d1b2f6e4cfc1a0b6163b282493b	ofl/nerkoone/OFL.txt	4479	52fb2806ece0d04b128a7af33ecaff391f376d3d
Zilla Slab Highlight	Serif	ofl/zillaslabhighlight/ZillaSlabHighlight-Regular.ttf	275532	a51aa8387ee42a025c419700797ac6ae03927319	ofl/zillaslabhighlight/OFL.txt	4435	ddbfff444c3dbf5ae9d4f5018cad0adee620a9cf
Gugi	Display	ofl/gugi/Gugi-Regular.ttf	990856	e610d01b29dc7643529a1c94d5be991f2f41da0c	ofl/gugi/OFL.txt	4374	739df925977706836de9c61efdaec992465f02dc
Jomolhari	Serif	ofl/jomolhari/Jomolhari-Regular.ttf	2260860	c27b861fa5f120feeaec1bf2fdd01d5871392cf6	ofl/jomolhari/OFL.txt	4443	8b3961ffe33369b96a22ec8f9a8dcbc60518da59
Redacted	Display	ofl/redacted/Redacted-Regular.ttf	15920	2954762492a71314b44f299047ed1bee23f710c9	ofl/redacted/OFL.txt	4491	756f0eecbc60a7a0e0b006226c8e13e4310f1b55
Gorditas	Display	ofl/gorditas/Gorditas-Regular.ttf	110336	0db383de1b9ca2bea9f2d8956bb36ed070ba33b1	ofl/gorditas/OFL.txt	4400	2a952083ec6bde4b7ad87ca2c8b0b7b9dc40841e
Lavishly Yours	Handwriting	ofl/lavishlyyours/LavishlyYours-Regular.ttf	150132	f219462f81f34044f0f60563f7332c2942d49040	ofl/lavishlyyours/OFL.txt	4407	2ac82a322b86421d5a36dae44fa6373e83f41a90
Nova Oval	Display	ofl/novaoval/NovaOval.ttf	96656	d51833b61ea0ec988ec3e5ee70ba7d972a817a98	ofl/novaoval/OFL.txt	4271	fc1a5ece2a737930fe7ad767fc9a951e461f8156
Tiro Devanagari Sanskrit	Serif	ofl/tirodevanagarisanskrit/TiroDevanagariSanskrit-Regular.ttf	761856	a297c377e2f6e728f55b76cecc5ea133bcbe58b1	ofl/tirodevanagarisanskrit/OFL.txt	4387	9acb0fd8b8e54a98007113da015d33419180ca05
Delius Swash Caps	Handwriting	ofl/deliusswashcaps/DeliusSwashCaps-Regular.ttf	63052	1dc6c3a7eba87506b25382877c3811059a12364d	ofl/deliusswashcaps/OFL.txt	4500	5905a5a28c0ca8d83857a0b0b363336003d7ac61
Ruthie	Handwriting	ofl/ruthie/Ruthie-Regular.ttf	71856	108693cb3e8e8a9ae4f478d186d74c24ac5a9180	ofl/ruthie/OFL.txt	4477	44c649bcadeee3b0eb8cca2b0897b3dae6dbc904
East Sea Dokdo	Handwriting	ofl/eastseadokdo/EastSeaDokdo-Regular.ttf	3178684	e31915bc98e70e7190ce33f10e098a25cea68e1a	ofl/eastseadokdo/OFL.txt	4354	79b486cf6e40feb07a78f397c0c000a02869c768
Wittgenstein	Serif	ofl/wittgenstein/Wittgenstein[wght].ttf	105844	81d2b5004317663f56027207ae337d80ba7f87d4	ofl/wittgenstein/OFL.txt	4393	d0feea0ceb2fd27b9437cd364e0bb79f236c9fd7
Gemunu Libre	Sans Serif	ofl/gemunulibre/GemunuLibre[wght].ttf	256512	654c85559d91d340b55c6c1fb8307d1c22ee77a3	ofl/gemunulibre/OFL.txt	4399	f22fa7fd65eb7c095220cc7f8ae674f8115fa67d
Genos	Sans Serif	ofl/genos/Genos[wght].ttf	135320	af92273622ddd9a69a563495481a78016e5463c0	ofl/genos/OFL.txt	4479	fa62b1ff65613fe528d005388b5ca35fad18581f
IM Fell Double Pica SC	Serif	ofl/imfelldoublepicasc/IMFeDPsc28P.ttf	197012	d5603dc1cfee47f308602c66deb9b23dc4914c2a	ofl/imfelldoublepicasc/OFL.txt	4452	68632c17836e943c708fa94b0ac067265867d1bf
Luxurious Script	Handwriting	ofl/luxuriousscript/LuxuriousScript-Regular.ttf	387952	8165b0bcd42952645478028a11273ff079b0c006	ofl/luxuriousscript/OFL.txt	4397	cc422d20c9a9f288c3e435805338fe1a5b543b4b
Sekuya	Display	ofl/sekuya/Sekuya-Regular.ttf	300420	e2d8c56310c5531bb4c81343674c7c43d591fe09	ofl/sekuya/OFL.txt	4388	7ee46c02e1bc890894a5ad76eb59aaa438fb1bf1
Nova Slim	Display	ofl/novaslim/NovaSlim.ttf	93956	49e902f921b5a3e743b5f60aa19c9ffcb3aac333	ofl/novaslim/OFL.txt	4271	819d087f2a33d1bb9e867feabd47f67d29d95bc3
Elms Sans	Sans Serif	ofl/elmssans/ElmsSans[wght].ttf	188332	fd24ba11980b7d2a56f5a01dbf162e26aef2de9a	ofl/elmssans/OFL.txt	4392	6f2c0a985360dfbb8f6a1059800b3e9130cea9d1
Trispace	Sans Serif	ofl/trispace/Trispace[wdth,wght].ttf	303532	9ca5343355a83ed86a6a2995d5b66d878c601b5f	ofl/trispace/OFL.txt	4394	adde106fb180cc4c97d7cfb31eec92872e2dede2
Truculenta	Sans Serif	ofl/truculenta/Truculenta[opsz,wdth,wght].ttf	1052128	7ee7dffc2c9fde2b71a2f65aa884e54c1aa77142	ofl/truculenta/OFL.txt	4396	4bebcf63cbe7d180a0300bee6d407122da0e246d
Asar	Serif	ofl/asar/Asar-Regular.ttf	669032	f0a15fb49edf32fadb8b0045652837982f2525db	ofl/asar/OFL.txt	4488	0ea3f7499de15752d6694064bd7162e27bc58ffd
Ancizar Serif	Serif	ofl/ancizarserif/AncizarSerif[wght].ttf	193212	11675a8992cb6ea479b5681b974a9d04f4081c7a	ofl/ancizarserif/OFL.txt	4486	17288fc6fb8d09e95ea5c2ae1107dad367c6fece
Beau Rivage	Handwriting	ofl/beaurivage/BeauRivage-Regular.ttf	238824	908ae8e3b93c84ffafd1d82f2a842cc8ae7cf166	ofl/beaurivage/OFL.txt	4396	eaddc47e8f240f1f7280ba6f71717896ce29ac27
Akronim	Display	ofl/akronim/Akronim-Regular.ttf	109592	c4403c706e2f1246841e6a91f1bbee550f785904	ofl/akronim/OFL.txt	4496	032c11076a356d3123dc9c5d5bfb65ec0fb5be1e
IM Fell French Canon SC	Serif	ofl/imfellfrenchcanonsc/IMFeFCsc28P.ttf	136188	11999051780a51e43d519128007c31a0e138b6f8	ofl/imfellfrenchcanonsc/OFL.txt	4452	68632c17836e943c708fa94b0ac067265867d1bf
Yeon Sung	Display	ofl/yeonsung/YeonSung-Regular.ttf	2511004	992354452ca278fb1febb59f01475a64071c72f1	ofl/yeonsung/OFL.txt	4350	471a1eb7859c0c63e0c1792b67f0c670516d0a81
Sevillana	Display	ofl/sevillana/Sevillana-Regular.ttf	162872	defea684fd1ac158fe6a78d45b7b7332f3fde5eb	ofl/sevillana/OFL.txt	4658	8fa2d2430125bf5587aa122a0a65bd54e514a101
Vampiro One	Display	ofl/vampiroone/VampiroOne-Regular.ttf	27920	a7d04e7eb050c0b4fbd5a5a99fa5ccf9646de1cb	ofl/vampiroone/OFL.txt	4535	ceb7746becc89b40c79216f354274583ab2e5c30
Noto Serif Hebrew	Serif	ofl/notoserifhebrew/NotoSerifHebrew[wdth,wght].ttf	183600	44852f1c303a24e74434d4f88f8fe9dc7361c922	ofl/notoserifhebrew/OFL.txt	4382	56662b6243717dbe8acee6d87c3f0e795f9c4295
Flamenco	Display	ofl/flamenco/Flamenco-Regular.ttf	36576	5111d4f7db958145f3d3f1f235e98977b857f445	ofl/flamenco/OFL.txt	4408	b01444a3439bda1a19e921b7ae63315a9aa441b9
Miltonian	Display	ofl/miltonian/Miltonian-Regular.ttf	126804	ae65a7741e3a5d9fb57e1f8cac369ee4e2261ea8	ofl/miltonian/OFL.txt	4411	abc954d81c4c8be33d029cb7a475e76a778f61e2
Delius Unicase	Handwriting	ofl/deliusunicase/DeliusUnicase-Regular.ttf	32904	cf7d4a72dc5bc18c7b7129965ea513ca5f06a7aa	ofl/deliusunicase/OFL.txt	4500	5905a5a28c0ca8d83857a0b0b363336003d7ac61
Noto Serif Malayalam	Serif	ofl/notoserifmalayalam/NotoSerifMalayalam[wght].ttf	242048	c189b5c6250fd15444b775bca2e6bb37dc93461c	ofl/notoserifmalayalam/OFL.txt	4385	3fe274f292a1b917ed33839f1046bc9a238f4c17
Anek Kannada	Sans Serif	ofl/anekkannada/AnekKannada[wdth,wght].ttf	1346860	c24b74546d21cc815e3ede95d453e9a38ae3a46a	ofl/anekkannada/OFL.txt	4379	6e46064f855d1d252f1f7d61e7dd1d5a07d409bf
Geom	Sans Serif	ofl/geom/Geom[wght].ttf	105408	4db767868604e700ffb86297711bbdcf1d4279a3	ofl/geom/OFL.txt	4387	5431f1b0fa7fc5004a5ee733914e2f66d3983235
IM Fell Great Primer SC	Serif	ofl/imfellgreatprimersc/IMFeGPsc28P.ttf	203776	6584f0de5d2b98600e1f63113df794e5b1401004	ofl/imfellgreatprimersc/OFL.txt	4452	68632c17836e943c708fa94b0ac067265867d1bf
Akaya Kanadaka	Display	ofl/akayakanadaka/AkayaKanadaka-Regular.ttf	341876	307d50350d6171c9606fcb8a03b38beb48808a73	ofl/akayakanadaka/OFL.txt	4405	c940b029afd73fcd8178dca00905a16bcb1c014d
Tauri	Sans Serif	ofl/tauri/Tauri-Regular.ttf	35140	198276b4f6376c73ea2a3462344c98c0db77045e	ofl/tauri/OFL.txt	4394	403669a5b57564a890fe5ae6d5bdd4733603ab5b
Ballet	Handwriting	ofl/ballet/Ballet[opsz].ttf	134000	2909d80c423b8619b15e9fcee660d445e11d6761	ofl/ballet/OFL.txt	4387	cda46aa50b75a6b73c8f359659f8dca644206052
Caesar Dressing	Display	ofl/caesardressing/CaesarDressing-Regular.ttf	89628	cbdfad92cef918b9dceeeda47acc06bb888b8ec8	ofl/caesardressing/OFL.txt	4431	688ce9be82e692dac205147153114a2c55095355
Anek Gujarati	Sans Serif	ofl/anekgujarati/AnekGujarati[wdth,wght].ttf	1621452	41c850f21cff1bf306f125059907a571e91e0365	ofl/anekgujarati/OFL.txt	4379	6e46064f855d1d252f1f7d61e7dd1d5a07d409bf
Notable	Sans Serif	ofl/notable/Notable-Regular.ttf	38216	a0aa55517a2a80dfede4367e6d4329019c95927d	ofl/notable/OFL.txt	4387	a384729c4ec2b82aa4e7266f42689f20c3abdd37
Victor Mono	Monospace	ofl/victormono/VictorMono[wght].ttf	194312	ff17e37eb3064a93873a624d4efe7fd64108077f	ofl/victormono/OFL.txt	4395	443df5ee7895275d2e45dc9695f1eea9dccfd78c
Kenia	Display	ofl/kenia/Kenia-Regular.ttf	65156	86da245e562dd9fb3dec59b380cb09e072c128d0	ofl/kenia/OFL.txt	4401	bb6a7bb8622e20693181aba358a8c8689dacd163
Bokor	Display	ofl/bokor/Bokor-Regular.ttf	124128	5ac6d61c4cd1ac1393930c70e5b93c2fc6d403dd	ofl/bokor/OFL.txt	4380	91de8b88eae6aff218462c3003ca1cb8e680d296
Gwendolyn	Handwriting	ofl/gwendolyn/Gwendolyn-Regular.ttf	160464	792f726459aeee23a57d54f073cb845bad8a211d	ofl/gwendolyn/OFL.txt	4392	bd189e53c69e9b1f8a67e260d547ffd5f03aa4fa
Joan	Serif	ofl/joan/Joan-Regular.ttf	393476	225cf369806fed15966a44240e8716cf3a3db8a3	ofl/joan/OFL.txt	4476	fa3bbb3e5ff8240f6fa26858249082258b0ebb03
Smooch	Handwriting	ofl/smooch/Smooch-Regular.ttf	364436	17afcdedfa84e33ed8b5e92c7929b86b948eb5a6	ofl/smooch/OFL.txt	4386	ddee91b062f0db7217b91502cd37b3a5d17f594d
Climate Crisis	Display	ofl/climatecrisis/ClimateCrisis[YEAR].ttf	3601356	45539863030a4deb30b8545829acfe2d8f1ec58c	ofl/climatecrisis/OFL.txt	4397	80f7b0f49e5d6abe625b3e291d990f618e849aa6
Dorsa	Sans Serif	ofl/dorsa/Dorsa-Regular.ttf	20844	882daf25c6f89fe822ebd507656e6dd9adcec8db	ofl/dorsa/OFL.txt	4389	1d28839b9dcbb842014b1d406881b2c2b3c8bb38
Gentium Plus	Serif	ofl/gentiumplus/GentiumPlus-Regular.ttf	822956	42cbe62ce01b975c209574c646796aea3ace9806	ofl/gentiumplus/OFL.txt	4507	5a7a2dd8330a6d5bd70468ca98c69fe8c0d73b3c
Ysabeau	Sans Serif	ofl/ysabeau/Ysabeau[wght].ttf	431992	bfa7081be20daf2e9fd6c220c10cb79e091d3efa	ofl/ysabeau/OFL.txt	4391	b0530d60f24044f2ab7a9bbe9bd837bb2b0e7a45
Pavanam	Sans Serif	ofl/pavanam/Pavanam-Regular.ttf	63100	f4db7d60f6e12d88757f664e5e8151cf3c71e72b	ofl/pavanam/OFL.txt	4538	9e17c2190518631ed6c6713889c79385a1b7a329
Cute Font	Display	ofl/cutefont/CuteFont-Regular.ttf	1027936	2a6471827d63e62dc22add4371be748f6e6b8051	ofl/cutefont/OFL.txt	4348	e44d8fa82ab31c6684340a47d639051624590df0
Erica One	Display	ofl/ericaone/EricaOne-Regular.ttf	26244	5c0363c364f4349461de77621ab8bf998a999797	ofl/ericaone/OFL.txt	4409	c3318cb4be72ef6fb488caea93c1ceddfc9a5ed0
Girassol	Display	ofl/girassol/Girassol-Regular.ttf	37644	d89be3be9eb538bb3342010875bc2227cddecb10	ofl/girassol/OFL.txt	4489	501786d73827d1605072057c42c3d743a179e0ad
Benne	Serif	ofl/benne/Benne-Regular.ttf	230896	a9ae4eb81f695634246323f37aba1859856fd0f5	ofl/benne/OFL.txt	4383	e9a5bb6226bb1d5110720195745529b407341453
Miltonian Tattoo	Display	ofl/miltoniantattoo/MiltonianTattoo-Regular.ttf	107880	b1b9962252b74c4fdcdca09f3c6f1e47a0ed8edb	ofl/miltoniantattoo/OFL.txt	4411	abc954d81c4c8be33d029cb7a475e76a778f61e2
Astloch	Display	ofl/astloch/Astloch-Regular.ttf	51156	f4c6e5c5d8ff37c215f5b2a35c2f4efe050847df	ofl/astloch/OFL.txt	4402	428df3abcc7102aca8cca2688c6f72a401dbd9ef
Odibee Sans	Display	ofl/odibeesans/OdibeeSans-Regular.ttf	46220	c9578c8b1bbdc9b8218024ca758629dcd6c4093a	ofl/odibeesans/OFL.txt	4393	610c85b494085cc2773cf8314b8c50896f16542d
Vend Sans	Sans Serif	ofl/vendsans/VendSans[wght].ttf	119600	04f8c667cae5e8ec7295b830295ccbe791f03c67	ofl/vendsans/OFL.txt	4384	56406507230a7e0bdf4ac3a9096a61f5d923fa6c
Noto Sans Mongolian	Sans Serif	ofl/notosansmongolian/NotoSansMongolian-Regular.ttf	390920	f168d25fb2d57396bcf673aff55d140914dab58b	ofl/notosansmongolian/OFL.txt	4385	0375e512fc8bc5648e7dff141b3493cdbca671ab
Solitreo	Handwriting	ofl/solitreo/Solitreo-Regular.ttf	96968	7e86409e4ad57755b3c87e8165ddfed1e78c5e78	ofl/solitreo/OFL.txt	4393	f1e45d7633d318271a04a5e0bfb0937d6979231f
Cantora One	Sans Serif	ofl/cantoraone/CantoraOne-Regular.ttf	159328	0f481ebf2375ed55e89ec0941d129ea6d5835c6f	ofl/cantoraone/OFL.txt	4547	ef2071f5c9e40e8b6f468aaaa4c68d8eabb9b038
Strait	Sans Serif	ofl/strait/Strait-Regular.ttf	58448	9da99c3220005908d70f69f5c13438db80f4b0a5	ofl/strait/OFL.txt	4508	de6bb07f8e9c8be17fc4efe58c934bcbae258781
Port Lligat Slab	Serif	ofl/portlligatslab/PortLligatSlab-Regular.ttf	38160	6670f949525f39d4a3e0f93a2c74d74f6d33f720	ofl/portlligatslab/OFL.txt	4397	9446d04e77fa35885c8b09e523667475419cf698
Stint Ultra Condensed	Serif	ofl/stintultracondensed/StintUltraCondensed-Regular.ttf	40272	e5ecd1e60024620c2cd16f8edcce712256b4ab7b	ofl/stintultracondensed/OFL.txt	4444	533609d0999f9eb97b0f9b8cdd6d943bac1fbae7
Devonshire	Handwriting	ofl/devonshire/Devonshire-Regular.ttf	67240	78e56246f6dd15c23e44d4fd26612901c0d3002e	ofl/devonshire/OFL.txt	4433	6e986e94916a0a45735535a7cc3d070b159696de
Nova Cut	Display	ofl/novacut/NovaCut.ttf	94488	bca3fbcecd2b17f6423e4f9cd04d2a307ac7745a	ofl/novacut/OFL.txt	4270	f523ff1165d6f82e620ad22cf3b5920410915412
Barrio	Display	ofl/barrio/Barrio-Regular.ttf	225524	358f73a31508e2202acbc5d17c8019e421196fe5	ofl/barrio/OFL.txt	4369	6770f1a247777ec42ac64726e608645f1797374c
Stalemate	Handwriting	ofl/stalemate/Stalemate-Regular.ttf	75356	50aee7ee2aab61029990909327d3d158dbc50cc2	ofl/stalemate/OFL.txt	4513	fd6601dc740836bb1b6d29c1ae25226f9b8d8f62
Rationale	Sans Serif	ofl/rationale/Rationale-Regular.ttf	57156	5e7deae3ab4717cdc2bd4cb89d52a63d0eeff405	ofl/rationale/OFL.txt	4385	1be9532d00d50f12b787e26dcb7a38e3a44e2608
Srisakdi	Display	ofl/srisakdi/Srisakdi-Regular.ttf	102340	8d88b74f13e31b2944e84244180d9c7ac4b67638	ofl/srisakdi/OFL.txt	4389	4e4cf905345d608caabe38dbcf10cc030e6b87ae
Liter	Sans Serif	ofl/liter/Liter-Regular.ttf	77008	92e4568b2bf32dd9c4b5113d5ad0acd733b11cc0	ofl/liter/OFL.txt	4378	2a5db8e4b98fc1708a50c0cd9bc2c728c48b54ec
SN Pro	Sans Serif	ofl/snpro/SNPro[wght].ttf	338948	846f5c7d63021b48aca3d5cc19c33569777bcd00	ofl/snpro/OFL.txt	4383	99cea953dae2f5177e01fd0a942286e566d7aa65
Katibeh	Display	ofl/katibeh/Katibeh-Regular.ttf	189124	b073fab20efe9f5657d52120f559bd3c5dd8b489	ofl/katibeh/OFL.txt	4578	6642b740190e560e61f48dabe15deaec31c7075b
Offside	Display	ofl/offside/Offside-Regular.ttf	61824	4691a22409b7c45a23855e1edcf62ace41cd8bf1	ofl/offside/OFL.txt	4417	28c1f58ba16ace9fcfc7f61f7387be2157cb213e
Londrina Outline	Display	ofl/londrinaoutline/LondrinaOutline-Regular.ttf	167112	1cb14490f65a4652a6e005f3fe0ec47d35fed00f	ofl/londrinaoutline/OFL.txt	4441	b00b29b6354fc4bbd952263fdbdeb9ad9e2e92c8
Jaro	Sans Serif	ofl/jaro/Jaro[opsz].ttf	145616	3031d2e96416de9b76ab21f30f8ba31e277df6f9	ofl/jaro/OFL.txt	4406	c5147d4b6cfa50a898ff22ca131c75b437d6a1a2
Unlock	Display	ofl/unlock/Unlock-Regular.ttf	57640	eb9f729b1ddacc75187f7f5357446bcca5269ab9	ofl/unlock/OFL.txt	4508	5dac1827db7a9304b49e43b6b306d6ac6b8b541e
Pliant	Sans Serif	ofl/pliant/Pliant[wdth,wght].ttf	300140	57fe4c232a4b9f16b41073baffb32c95922808b0	ofl/pliant/OFL.txt	4386	435a0fbc5db3b06501f87840403c28ab68c4d415
Mea Culpa	Handwriting	ofl/meaculpa/MeaCulpa-Regular.ttf	162232	b4dab6d5cb866a51b372b2426fd91df96e293a22	ofl/meaculpa/OFL.txt	4397	5c525dc46739fa7be87c2a453e9c1dc2addf09b7
Passions Conflict	Handwriting	ofl/passionsconflict/PassionsConflict-Regular.ttf	149128	42c42273989de10c27c6cf0a811a73b1f4f79467	ofl/passionsconflict/OFL.txt	4400	b811091b7ff4410f28985b52cd8c8aee1d0c9be5
Nova Script	Display	ofl/novascript/NovaScript-Regular.ttf	117388	9457ebc70362c4eec5102ed7f92d523b76a51c59	ofl/novascript/OFL.txt	4273	a663012ba21dcf94ddadd0e2a6741940c7579a88
Montserrat Underline	Sans Serif	ofl/montserratunderline/MontserratUnderline[wght].ttf	805200	2409d3af85fc6d8f10fd4427704e863cf5ab21be	ofl/montserratunderline/OFL.txt	4400	fe576a2ee1f96353b05d030c0b7620d525cc53a8
Metal	Display	ofl/metal/Metal-Regular.ttf	142428	f9c0cfebac29ce67c31cba0553efca93f4c104e9	ofl/metal/OFL.txt	4380	0790aedaf87685f79b7d2b1a3f87b32d5468ca7a
Sigmar	Display	ofl/sigmar/Sigmar-Regular.ttf	209084	fb2cd4bf571f289936fa0a8588bfc2bb82d69f1a	ofl/sigmar/OFL.txt	4393	e94ae42a5644a2db509ebea6dcbcc8e26e629117
Rum Raisin	Sans Serif	ofl/rumraisin/RumRaisin-Regular.ttf	61812	21660191269156940c88d516ab5055ecfb9830db	ofl/rumraisin/OFL.txt	4523	d981ed1237de8c8f793868e588d4641d1d187fe2
Rubik Scribble	Display	ofl/rubikscribble/RubikScribble-Regular.ttf	583828	e5657bdceaef827ca2365d31a8d73d1d06b19b6b	ofl/rubikscribble/OFL.txt	4406	1e2235d7815818ef7bddbb86da9727aa22c3b40f
Comforter	Handwriting	ofl/comforter/Comforter-Regular.ttf	279684	0299544c1ed2b5873983f4b3b7728f1e98bb5fb9	ofl/comforter/OFL.txt	4484	f6eb1e54240d24e992169fa677eea265a9942ecd
Galindo	Display	ofl/galindo/Galindo-Regular.ttf	58104	a8ed3a3c38e300c4b5413629dd0e7c70bdb1ead6	ofl/galindo/OFL.txt	4428	477c4ca17bf6f7d01d20d93b657ce2d1a3b97e2f
Noto Serif Kannada	Serif	ofl/notoserifkannada/NotoSerifKannada[wght].ttf	495384	eb1ffac34bedebb4c6490d39425097b138209229	ofl/notoserifkannada/OFL.txt	4383	bf303a3873549e641591c7360ec669347bc1d9b5
Ysabeau Infant	Sans Serif	ofl/ysabeauinfant/YsabeauInfant[wght].ttf	382428	1efcddf6166bbf103b6600050016d9d904036d5a	ofl/ysabeauinfant/OFL.txt	4391	b0530d60f24044f2ab7a9bbe9bd837bb2b0e7a45
Tillana	Display	ofl/tillana/Tillana-Regular.ttf	329148	600939b85f1fa4658d0efd090bee5131c6e76735	ofl/tillana/OFL.txt	4373	6dd809659a8ccace7ccee108d024d33cd4f936da
Rubik Wet Paint	Display	ofl/rubikwetpaint/RubikWetPaint-Regular.ttf	442628	99467661dd2ad3e91fd2449f94c8c7415102220d	ofl/rubikwetpaint/OFL.txt	4406	1e2235d7815818ef7bddbb86da9727aa22c3b40f
Single Day	Display	ofl/singleday/SingleDay-Regular.ttf	816524	e870674a9a6f5d55444a918ec1f97bb044e2cc8d	ofl/singleday/OFL.txt	4352	77546fdf284baaff80f9f196051f63c82d52928a
Suwannaphum	Serif	ofl/suwannaphum/Suwannaphum-Regular.ttf	97756	c178ebd457db07158df4863e80833ecdfacddaa8	ofl/suwannaphum/OFL.txt	4392	41f08ebfce90d14cbeba7009157ea4b41b21c9e4
Sahitya	Serif	ofl/sahitya/Sahitya-Regular.ttf	261652	be1a414eff64e0ba15e8eb5852f35a66da2923c9	ofl/sahitya/OFL.txt	4393	6dc46a4ed56ad2d3fc10295f7253c646ec468d98
Finlandica Text	Sans Serif	ofl/finlandicatext/FinlandicaText[wght].ttf	288868	8e8b20a99d6df3fe6531a12eef31f722a6be9d35	ofl/finlandicatext/OFL.txt	4404	a8c35562ae9fca298aa66e9757826474df730d79
Cagliostro	Sans Serif	ofl/cagliostro/Cagliostro-Regular.ttf	37820	27eec2c02202e29bd4cc11ebe0ff6e94e5b67615	ofl/cagliostro/OFL.txt	4424	d9638247cdcd594ffea47fc4263cab8091988a0f
Akaya Telivigala	Display	ofl/akayatelivigala/AkayaTelivigala-Regular.ttf	561640	d3b113c6b25b1dcef36b6da4f65f33bc6697f1ae	ofl/akayatelivigala/OFL.txt	4409	58f09704e7f9367415c7829cf5dd47b0e78b4af7
Stoke	Serif	ofl/stoke/Stoke-Regular.ttf	133340	10df3118ec049e8965bffb9a925a7463051d5f1f	ofl/stoke/OFL.txt	4395	8b614607dca8a5c52c241f15fecb134b12e1861e
Griffy	Display	ofl/griffy/Griffy-Regular.ttf	208776	22eea37b9de033cdbb1c8e4f8f052c57f0105e8c	ofl/griffy/OFL.txt	4483	23a7132d3de0dabf7b2037a83037fc62e445ee54
Engagement	Handwriting	ofl/engagement/Engagement-Regular.ttf	76408	7a9c66d48b5a0934258b0160303fb8d4f84199ac	ofl/engagement/OFL.txt	4433	c27c484a5bf307acfd99792a6ad3994574bd1fe5
Noto Sans Buhid	Sans Serif	ofl/notosansbuhid/NotoSansBuhid-Regular.ttf	30844	d991cc746af5d1522a40845b95f2557bfee78e5b	ofl/notosansbuhid/OFL.txt	4381	68703bad83cd24b134ed96e0414e47b37302d291
Zen Tokyo Zoo	Display	ofl/zentokyozoo/ZenTokyoZoo-Regular.ttf	92176	bc65708fadd3a7f7101ed8209a822568b779518c	ofl/zentokyozoo/OFL.txt	4394	11c8eb3c1dde69ec710d46f24d7a05d39fa6b351
Stack Sans Notch	Sans Serif	ofl/stacksansnotch/StackSansNotch[wght].ttf	128932	7dde0dae4def470d6518b64cb187d91f23591149	ofl/stacksansnotch/OFL.txt	4397	a955fca68f3635a1355f070ab526216cc6b75f6a
Chilanka	Handwriting	ofl/chilanka/Chilanka-Regular.ttf	352832	a69b0d9e312765843ff4f36d6864afff9efb3bde	ofl/chilanka/OFL.txt	4389	cc14f3e10402222d97f90e92a99e082300ee48ca
Stint Ultra Expanded	Serif	ofl/stintultraexpanded/StintUltraExpanded-Regular.ttf	42788	ed26e7b5bf71b33fbc99acfb93975bf7e356f863	ofl/stintultraexpanded/OFL.txt	4443	f9e6e013379f86a666f65d2ca523e8c454397f29
Mate SC	Serif	ofl/matesc/MateSC-Regular.ttf	71092	5a371831d1bac8cbfd1c28604c82e018352efd34	ofl/matesc/OFL.txt	4501	a52e51a7cdc865c7224e5418cac3007a2b14dd2c
Tac One	Sans Serif	ofl/tacone/TacOne-Regular.ttf	146436	49b37dd355d7bda87bbe61c78b64e58a39cbfab8	ofl/tacone/OFL.txt	4381	ea7f5e8777fc65f94d768fbba9a19ea7b75f51ee
Text Me One	Sans Serif	ofl/textmeone/TextMeOne-Regular.ttf	37352	f08e217f8a1803245c74cbf7c8185ed933bbce26	ofl/textmeone/OFL.txt	4405	55c89940488cf9375bb98a553d501481397c3cc0
Carrois Gothic SC	Sans Serif	ofl/carroisgothicsc/CarroisGothicSC-Regular.ttf	40356	c3634546cbfbddfacc1a87500df4ec0618144b0c	ofl/carroisgothicsc/OFL.txt	4470	6f8dad06dda94e0fa316fa534e4be0eaf1d554af
Luxurious Roman	Display	ofl/luxuriousroman/LuxuriousRoman-Regular.ttf	143608	abcd8b10c388fbeed4d9fb546bcea8e708bf7534	ofl/luxuriousroman/OFL.txt	4409	7db75803f9cc4073a8442c8249ef24381d89fc42
Manufacturing Consent	Display	ofl/manufacturingconsent/ManufacturingConsent-Regular.ttf	61796	3d978408504658eb02837bb203048c355f7c791e	ofl/manufacturingconsent/OFL.txt	4512	5a40e984b49de04ecbcb1c9bdf24f9f9f767308b
Water Brush	Handwriting	ofl/waterbrush/WaterBrush-Regular.ttf	332028	f8153f6342e8c8a54f08c4676188a2e977906bf7	ofl/waterbrush/OFL.txt	4401	6c8a2b21adf9a95b4805129e781d25ef437e371f
Noto Sans Tagalog	Sans Serif	ofl/notosanstagalog/NotoSansTagalog-Regular.ttf	53012	ca69d2626661d2baf304e591bad6914574314aef	ofl/notosanstagalog/OFL.txt	4383	03b4b5277ae3951b142d4405d8bbc95300771665
Geostar Fill	Display	ofl/geostarfill/GeostarFill-Regular.ttf	38824	530fc096d96a7ad4f96b5a26d17a79c0d088418d	ofl/geostarfill/OFL.txt	4436	f8c0539b1d20f1b98abb3aad4e970f7f98d2edb5
Risque	Display	ofl/risque/Risque-Regular.ttf	59392	3a8744fca3afa5f34ad4f607bb11974f4761174f	ofl/risque/OFL.txt	4521	11a40c5b978e2cbaa203724474af0bdd96ae25fe
Lugrasimo	Handwriting	ofl/lugrasimo/Lugrasimo-Regular.ttf	32492	97eb03e15949c2bf005268c3529cb76d77d856a0	ofl/lugrasimo/OFL.txt	4403	d67409c9db196b51b0345aa3dd538a5c97e775c6
National Park	Sans Serif	ofl/nationalpark/NationalPark[wght].ttf	159332	478310166d1f1cd0d2eca92587f6a9466823e6cd	ofl/nationalpark/OFL.txt	4399	f4ec3fba915df6e072b72fed691f1032d440544d
Noto Serif Telugu	Serif	ofl/notoseriftelugu/NotoSerifTelugu[wght].ttf	543100	2fac5b07ecc07ff007c4cc5d7a4166fc90693c70	ofl/notoseriftelugu/OFL.txt	4382	719d5c024de82133c22d6c514e5522e111d6ad23
Fascinate Inline	Display	ofl/fascinateinline/FascinateInline-Regular.ttf	59604	736f692019e4d5daf7a74c14ae2d174cf77f05bf	ofl/fascinateinline/OFL.txt	4455	f0a9390dbfc6b2896707a6931718ca0c32169182
Handjet	Display	ofl/handjet/Handjet[ELGR,ELSH,wght].ttf	283912	3d3ca23394c416119bf7cedef7fca95fac94777e	ofl/handjet/OFL.txt	4389	316f93d5d998793b932096e87de6a26c656fd9d4
Sono	Sans Serif	ofl/sono/Sono[MONO,wght].ttf	154620	df01d931cb6b5faf50ca23c82765715960e49c4b	ofl/sono/OFL.txt	4377	47073336dec9c93e3e9389c5b937b3d4027f4252
Bigelow Rules	Display	ofl/bigelowrules/BigelowRules-Regular.ttf	59476	0786e5ee88a9f575e97b2198d021035ad3888cf6	ofl/bigelowrules/OFL.txt	4434	69ed65279d17a278e89a38011418c7cfd30dbb4d
Braah One	Sans Serif	ofl/braahone/BraahOne-Regular.ttf	124592	cccde3cfe9c1f41e1ba5a6e1721e052bae33e29b	ofl/braahone/OFL.txt	4393	c501275da44ca2ee42a3856c167bae9bbf021d73
Bruno Ace SC	Display	ofl/brunoacesc/BrunoAceSC-Regular.ttf	55520	6b33e64bab7e5ed2ebd950ceef4221dad90024e4	ofl/brunoacesc/OFL.txt	4392	5a98e5395670bd05d8d8526ca739912ab1a5953b
Elsie Swash Caps	Display	ofl/elsieswashcaps/ElsieSwashCaps-Regular.ttf	38332	6505e7fabdf75ae9b3c3913823df05b67336a1a6	ofl/elsieswashcaps/OFL.txt	4404	db5736bc23a2cd7c79bd9ae3bd9668e3d8b70537
Winky Sans	Sans Serif	ofl/winkysans/WinkySans[wght].ttf	105280	ea216132acbbe044aaa6c4bb52728e7df52a7c1d	ofl/winkysans/OFL.txt	4392	118b9564c14857c7e829c04dbc88555e8a1e670d
Spirax	Display	ofl/spirax/Spirax-Regular.ttf	49064	c0053f471bdc012f590e6c9338ee53e3b3a8392e	ofl/spirax/OFL.txt	4395	871211af2638790f1c8f0ba038f8f04e25260b8d
Paprika	Display	ofl/paprika/Paprika-Regular.ttf	90580	aa5346dd59397116334b7ac043c7353c136f223a	ofl/paprika/OFL.txt	4475	3e8aea28f20f1c036cac89341c142299a44e0998
Sonsie One	Display	ofl/sonsieone/SonsieOne-Regular.ttf	75992	1504745ef710ed4988fcdb20bbc270a8eef627bf	ofl/sonsieone/OFL.txt	4413	f5cab90fd1cb6d0fe1ecff3898be337d387b4b7c
Smokum	Display	apache/smokum/Smokum-Regular.ttf	63080	dd825aa182b435cefe2e270e361d254d51eca8d0	apache/smokum/LICENSE.txt	11358	d645695673349e3947e8e5ae42332d0ac3164cd7
Tourney	Display	ofl/tourney/Tourney[wdth,wght].ttf	163380	9cd638cc040fdbc23da6b383300bcf25a605c275	ofl/tourney/OFL.txt	4393	bdead8c2302d24a648f54513c65899eed77d1a3b
Beiruti	Sans Serif	ofl/beiruti/Beiruti[wght].ttf	678740	021ada443ca24386fd2d96f166c0f0f966af3291	ofl/beiruti/OFL.txt	4481	68a0ba984a0a413fabe0a39001490cfacbfafb87
Dekko	Handwriting	ofl/dekko/Dekko-Regular.ttf	271164	a488a10366ee1c4e69115dff651bec5f566ae35c	ofl/dekko/OFL.txt	4428	1daa738b21ca45c54651a8f95fda1e5e84164781
Jim Nightshade	Handwriting	ofl/jimnightshade/JimNightshade-Regular.ttf	153680	962b19f86b72a27c55ef9ea88313ab3a712f8dcb	ofl/jimnightshade/OFL.txt	4437	bf3eeb4c086064734f4ca78d396d29ef91615851
Noto Sans Bhaiksuki	Sans Serif	ofl/notosansbhaiksuki/NotoSansBhaiksuki-Regular.ttf	370124	e8b64b7397850ccb6e79d41ecf22f7a9de6a29e4	ofl/notosansbhaiksuki/OFL.txt	4385	7b193907f403643e0ad49184c1193eabe83eeb96
Noto Sans Samaritan	Sans Serif	ofl/notosanssamaritan/NotoSansSamaritan-Regular.ttf	51740	2aa38240c00accf77a7681091ec8fe5b6d485db1	ofl/notosanssamaritan/OFL.txt	4385	b29832b38c2521f052ca1ac1f238161ad52a694c
Ramaraja	Serif	ofl/ramaraja/Ramaraja-Regular.ttf	704256	bfb462a8bac5dbffb605796fbcde726c794dc95e	ofl/ramaraja/OFL.txt	4461	605f1b13c7574bb497be68826eb2e6af5be7d8fe
Bruno Ace	Display	ofl/brunoace/BrunoAce-Regular.ttf	56748	eb8f789b35fd6ec3691f2d1887dcf188bab2eb87	ofl/brunoace/OFL.txt	4392	5a98e5395670bd05d8d8526ca739912ab1a5953b
Noto Serif Khmer	Serif	ofl/notoserifkhmer/NotoSerifKhmer[wdth,wght].ttf	498288	9af5f2f30faef39a5e575a6318563e9b173b912f	ofl/notoserifkhmer/OFL.txt	4381	fddb7127172332edd0d0a0097ab3ad92ead7ba6b
Noto Serif Tibetan	Serif	ofl/notoseriftibetan/NotoSerifTibetan[wght].ttf	2063504	584b7092ef881d892c6f31c7b33e428dc8d9bb5b	ofl/notoseriftibetan/OFL.txt	4383	2a03b2a9845135ebf7237dcfac2c059d4335f8ba
Jacques Francois	Serif	ofl/jacquesfrancois/JacquesFrancois-Regular.ttf	60448	c5bef040bf1f3085cc1c4760c3689045ec558220	ofl/jacquesfrancois/OFL.txt	4484	168aa38b83ddd5c6659d88bf8d1517dc1efc8059
Island Moments	Handwriting	ofl/islandmoments/IslandMoments-Regular.ttf	615340	4700e5750a3ef62e0a33f98625a74cb36739479c	ofl/islandmoments/OFL.txt	4407	a4502873e75970bf54847f5492aea9bf2c059de5
Badeen Display	Display	ofl/badeendisplay/BadeenDisplay-Regular.ttf	78908	8ce475a32f84b15ebd18403514592c13adb95d03	ofl/badeendisplay/OFL.txt	4393	75f9fedfebb54223b3fdaf4ff54a22c5b05b58e8
Fascinate	Display	ofl/fascinate/Fascinate-Regular.ttf	51900	64dd735dc5c706acb75821ffbd75b54e552a27bf	ofl/fascinate/OFL.txt	4455	f0a9390dbfc6b2896707a6931718ca0c32169182
BBH Hegarty	Sans Serif	ofl/bbhhegarty/BBHHegarty-Regular.ttf	28752	ac9a63fe0f85c45746d9e76e9614336fdc4711cb	ofl/bbhhegarty/OFL.txt	4381	6baf68637a6170c9189b0843ba6f872e3668aedb
Averia Gruesa Libre	Display	ofl/averiagruesalibre/AveriaGruesaLibre-Regular.ttf	111584	328bb0a20ccb69db557e178a51e0bc09f961959a	ofl/averiagruesalibre/OFL.txt	4402	fa2654e22930639a2c8fe02b20172211a23691fa
Akt	Sans Serif	ofl/akt/Akt[wght].ttf	353816	fbb52fd7c6ccbf37e4dec77d06ae7b1c6e2cbfae	ofl/akt/OFL.txt	4378	41527ecd225f4080767747a3e6945a01fb8baa39
Noto Sans Kharoshthi	Sans Serif	ofl/notosanskharoshthi/NotoSansKharoshthi-Regular.ttf	91472	a69a72d1cb2cb3ed957f66b9e06894a560283251	ofl/notosanskharoshthi/OFL.txt	4386	94c3613156f134cea046a2fe8ce34cbdff035d42
New Amsterdam	Sans Serif	ofl/newamsterdam/NewAmsterdam-Regular.ttf	74324	6d35582d39fad6ff7983e2002df87f6769bd3c7a	ofl/newamsterdam/OFL.txt	4498	b19481a73eef3171fccd91a343932c04af903dc7
Texturina	Serif	ofl/texturina/Texturina[opsz,wght].ttf	288320	43cca2e0f3ace710491eb8b7323ab5515a7dd854	ofl/texturina/OFL.txt	4393	08cc1fd5bc2119ab295c5c4f2fb42f6facc5ef03
Glass Antiqua	Display	ofl/glassantiqua/GlassAntiqua-Regular.ttf	63012	6ef6846bf694fbcb56d4b9929be473db6bfb2844	ofl/glassantiqua/OFL.txt	4407	6152eeeb685a80f72c30b2422b449ff78c4376d8
BBH Bartle	Sans Serif	ofl/bbhbartle/BBHBartle-Regular.ttf	17880	b1717ff4562a3512350e9f155ee49319bd3cc28f	ofl/bbhbartle/OFL.txt	4381	6baf68637a6170c9189b0843ba6f872e3668aedb
Festive	Handwriting	ofl/festive/Festive-Regular.ttf	1326792	66d042b4b34de245ab1fb77c3b36a65ffb380594	ofl/festive/OFL.txt	4485	1e06f8a3d26ef3781ff531156c3dda7179fe3a4a
Noto Serif Gujarati	Serif	ofl/notoserifgujarati/NotoSerifGujarati[wght].ttf	378356	2cca12c625224b441046fb88a7a7e7c3826ec43f	ofl/notoserifgujarati/OFL.txt	4384	05974208131d96c5b2284a967dfb3f92c9118eb6
Encode Sans SC	Sans Serif	ofl/encodesanssc/EncodeSansSC[wdth,wght].ttf	217392	651701d1a88cbae828dd71bdcf8351e6bc4ee7ba	ofl/encodesanssc/OFL.txt	4527	9dadca8c43036cf9ce52e9513eb8628ac33c743f
Buda	Display	ofl/buda/Buda-Light.ttf	106012	694210c759df628b19963d6e6b81acfc40ac46b3	ofl/buda/OFL.txt	4393	3d0d860a8ff9bbd2f1381979b50490956a867871
Yaldevi	Sans Serif	ofl/yaldevi/Yaldevi[wght].ttf	469216	75c842a48e7119ad724c8c1738d639b721a894b6	ofl/yaldevi/OFL.txt	4388	26bdbc69d5cfa15d4133fbb02e5d97122e8e22e1
Jacquard 12	Display	ofl/jacquard12/Jacquard12-Regular.ttf	118448	2454ec0fce7f352e878b005301ead0f8c68a4e3e	ofl/jacquard12/OFL.txt	4397	87828cdb5608cd90612d58d936e9beee3c732e9e
Monomakh	Display	ofl/monomakh/Monomakh-Regular.ttf	230236	d86d4251835556bca3fa892a74535b553bfd8d7a	ofl/monomakh/OFL.txt	4390	1a2db7feda5fd87901782f311e43068c97945989
Fruktur	Display	ofl/fruktur/Fruktur-Regular.ttf	211180	6ee2001dd408564d854e5ea007d43eb6e8787ddf	ofl/fruktur/OFL.txt	4387	77f9bb723c9bf9787f03049de5885a3424ae5a7d
Noto Sans Gothic	Sans Serif	ofl/notosansgothic/NotoSansGothic-Regular.ttf	49956	67a8a1e684c43bde34a47e8b1a4e18e7f9803862	ofl/notosansgothic/OFL.txt	4382	86393e3cc5c5b0990ea6b4f7a0bb1205f451cbb4
Poor Story	Display	ofl/poorstory/PoorStory-Regular.ttf	3966768	ccd03e4977dd6ff4a8e53dc6c5bbd94b4a7f9125	ofl/poorstory/OFL.txt	4354	79b486cf6e40feb07a78f397c0c000a02869c768
Caramel	Handwriting	ofl/caramel/Caramel-Regular.ttf	204044	87ded6143ce512f28b6bfc30de410147ccc207d7	ofl/caramel/OFL.txt	4492	f2a9131ee49f368a1db29bbdd8ab22a5ea821767
Bitcount Grid Double	Display	ofl/bitcountgriddouble/BitcountGridDouble[CRSV,ELSH,ELXP,slnt,wght].ttf	168224	f3860b26f95f9fd5e74f34b9378e3828473e4b71	ofl/bitcountgriddouble/OFL.txt	4401	26bf6d1590b4238efa3b2e7938bce13df8bba164
Chela One	Display	ofl/chelaone/ChelaOne-Regular.ttf	35744	19ad1b3fb584a45d2fae57c9e610b8a44b04341d	ofl/chelaone/OFL.txt	4393	a268aacdadebf5ab9c5e07c2edf92324eda27c3c
Ravi Prakash	Display	ofl/raviprakash/RaviPrakash-Regular.ttf	313012	6a07f10bdf4844fcbaec09acc34552ff11e25530	ofl/raviprakash/OFL.txt	4455	416dcffbd0c541f913b462687b3b3859648e6622
Gideon Roman	Display	ofl/gideonroman/GideonRoman-Regular.ttf	109484	8d175c897703124d49c1eef6a109d6bf8139f0bd	ofl/gideonroman/OFL.txt	4489	cb19da7fc2245452e864a07912ab3f8d69a1e007
Tiro Gurmukhi	Serif	ofl/tirogurmukhi/TiroGurmukhi-Regular.ttf	150708	0ea0cbb916e2d7e1e07982301047360be147278a	ofl/tirogurmukhi/OFL.txt	4387	9acb0fd8b8e54a98007113da015d33419180ca05
Farsan	Display	ofl/farsan/Farsan-Regular.ttf	243932	d22a9d8abf2ea9eb7ebefef386120ad22a599fee	ofl/farsan/OFL.txt	4449	bed08c52bb57d00eafbf740049a1cf61f49b3909
Noto Serif Ahom	Serif	ofl/notoserifahom/NotoSerifAhom-Regular.ttf	86092	51c53db0185e94e15f6a27ba73262d1f9b070a1d	ofl/notoserifahom/OFL.txt	4380	82dcb00c1656e7d44a1d7bc9469d5b11576a75c7
Condiment	Handwriting	ofl/condiment/Condiment-Regular.ttf	43392	147b5dca6d517a114d7fe5ab3d939e29c04a4e8b	ofl/condiment/OFL.txt	4458	240f2f811d825fc2b285430ea7b3316834b99a2a
Noto Serif Armenian	Serif	ofl/notoserifarmenian/NotoSerifArmenian[wdth,wght].ttf	292528	5cc9d635de19e2c204874432998fbfed648e9deb	ofl/notoserifarmenian/OFL.txt	4384	ff91c77a6d7c685ae633cca02b2092c452a9baf0
Tuffy	Sans Serif	ofl/tuffy/Tuffy-Regular.ttf	218708	2f62d2b60ad7c1ea5edd45ee38edfca7f36ca7b8	ofl/tuffy/OFL.txt	4490	b26eae1d4432b07c3f8e966a9629bf65a21f6b00
Romanesco	Handwriting	ofl/romanesco/Romanesco-Regular.ttf	52528	dfdfc381ca5d9963e96f7aab58d920a998c11d49	ofl/romanesco/OFL.txt	4430	fa8ba8cc567c530a731d2df65be05e14bf37a909
Arbutus	Serif	ofl/arbutus/Arbutus-Regular.ttf	80964	b93ca7142461cafa076ad8a407bb32a7a0c7d145	ofl/arbutus/OFL.txt	4397	a528482866d305c6fe07285384536fcea509e8b1
Anek Odia	Sans Serif	ofl/anekodia/AnekOdia[wdth,wght].ttf	858180	5bf91675104748254762f193ae11f436354fe063	ofl/anekodia/OFL.txt	4379	6e46064f855d1d252f1f7d61e7dd1d5a07d409bf
Noto Sans Warang Citi	Sans Serif	ofl/notosanswarangciti/NotoSansWarangCiti-Regular.ttf	86880	ccec7166e81f9a7c2fa73fe3b16dcc0a8a9e3bd8	ofl/notosanswarangciti/OFL.txt	4387	b13ffff4d7e221c3990f5b0324e41daae1912b0a
Arsenal SC	Sans Serif	ofl/arsenalsc/ArsenalSC-Regular.ttf	184020	b78f1a5a92e4d72f0214ac2295b331bee87b2a02	ofl/arsenalsc/OFL.txt	4372	f8f31081d314a8615268d6aa7f92619ee7a21277
Linden Hill	Serif	ofl/lindenhill/LindenHill-Regular.ttf	124844	f187391f20d136e00e5549d901fd5bddb0eed6f7	ofl/lindenhill/OFL.txt	4372	0a9c9170eed086d45bc12a57f73838a22fad7302
Autour One	Display	ofl/autourone/AutourOne-Regular.ttf	87060	7de584cdd2bbd2967e70e9e33dc9f4b15547bfe7	ofl/autourone/OFL.txt	4393	4868aa7531a1b088a1ee104986132dfc83250397
Tiro Devanagari Marathi	Serif	ofl/tirodevanagarimarathi/TiroDevanagariMarathi-Regular.ttf	439712	eded17f8823a835b02aa90f0787e3f456f2d2464	ofl/tirodevanagarimarathi/OFL.txt	4387	9acb0fd8b8e54a98007113da015d33419180ca05
Comforter Brush	Handwriting	ofl/comforterbrush/ComforterBrush-Regular.ttf	807248	f68347dad84ccc764e5c3df6dd19113f67ecd29d	ofl/comforterbrush/OFL.txt	4404	914e741b6f8ac45c166b48f5d4dd64352bd5898b
Kite One	Sans Serif	ofl/kiteone/KiteOne-Regular.ttf	67692	b99d89df0eef513329bd3c8147389e1308d035bf	ofl/kiteone/OFL.txt	4512	3ee11f31bfea103a0cac36c0ed98c817eb97ad50
Send Flowers	Handwriting	ofl/sendflowers/SendFlowers-Regular.ttf	127692	7a3fb736bc9aacef57ee961dcc1989311064ead6	ofl/sendflowers/OFL.txt	4403	5cd4b691026f8923304a648d4887bbb8a19adfde
Castoro Titling	Display	ofl/castorotitling/CastoroTitling-Regular.ttf	56328	f6eddf833dd0b37caa10be1aa4f1817aacd1221f	ofl/castorotitling/OFL.txt	4390	2d3edd1c9872ecb08ba2bbb826e9005c412fba6d
Bilbo	Handwriting	ofl/bilbo/Bilbo-Regular.ttf	100216	b76f5e6e157d78ad0111840f70a48ea5d014b05b	ofl/bilbo/OFL.txt	4475	22341e6857ced1969d9a03b8c51803e39d9e5ef5
Underdog	Display	ofl/underdog/Underdog-Regular.ttf	101480	94950c2cf1feee22d32e1c9c87d133eb89b21527	ofl/underdog/OFL.txt	4435	43714c7e2fcc80459b7282c83538710e0447a213
Butterfly Kids	Handwriting	ofl/butterflykids/ButterflyKids-Regular.ttf	202848	98767262fdbd72e50b4d9e9a13e148f41bb999a8	ofl/butterflykids/OFL.txt	4397	e3ce8d18ff34a342310904565a5edb9c354f52d8
Bungee Hairline	Display	ofl/bungeehairline/BungeeHairline-Regular.ttf	104700	800f5afeef8eeea03614347acae22fe7240bb2c5	ofl/bungeehairline/OFL.txt	4473	6f47072f01b8698301896b247b7087c023a4da2d
Orbit	Sans Serif	ofl/orbit/Orbit-Regular.ttf	784480	5f7f97f84a88e2fa34c4afdc3ba69b08f13d0783	ofl/orbit/OFL.txt	4478	361df15aa365c5c418ef53fe6d77b5c91daa5f0c
Inika	Serif	ofl/inika/Inika-Regular.ttf	39700	7bff50f408f7816930fd9ccd395b25a514c8ca35	ofl/inika/OFL.txt	4412	1ad59657a6b6e89510add635b8508754ac333083
Chathura	Sans Serif	ofl/chathura/Chathura-Regular.ttf	332324	b938726710dbee9c4db8028599406bbace2653e6	ofl/chathura/OFL.txt	4386	2c030d452cb8686aad06e3fde9b01611660b2e54
Ruluko	Sans Serif	ofl/ruluko/Ruluko-Regular.ttf	27436	305fdb66912e9c12c34bb8de16f053ee95c1739f	ofl/ruluko/OFL.txt	4573	3ae17e67af017626f3e6608ca1334370b6981737
Rubik Moonrocks	Display	ofl/rubikmoonrocks/RubikMoonrocks-Regular.ttf	403712	e007c54ee712acce0d43c9ff3319a00d3b069e18	ofl/rubikmoonrocks/OFL.txt	4406	1e2235d7815818ef7bddbb86da9727aa22c3b40f
Butcherman	Display	ofl/butcherman/Butcherman-Regular.ttf	66100	f5f00a4a773edfc2a4a9cffb3472d298ff69b679	ofl/butcherman/OFL.txt	4372	cb8bd1474df62c69efa849fc65b5f3723c3bad33
Libre Barcode EAN13 Text	Display	ofl/librebarcodeean13text/LibreBarcodeEAN13Text-Regular.ttf	72692	75f7ea5e1b20c29ec2d775df3f5c558fb81650a9	ofl/librebarcodeean13text/OFL.txt	4402	54028f3548d8a596a97286b7524558dbe1fb8e0e
Simonetta	Display	ofl/simonetta/Simonetta-Regular.ttf	115060	f54aae6d647df107c3bd6135f5efaedeb67d8876	ofl/simonetta/OFL.txt	4654	8e44f12dc906a613885cfaa50313a65493a219a7
Alumni Sans Pinstripe	Sans Serif	ofl/alumnisanspinstripe/AlumniSansPinstripe-Regular.ttf	104716	abd184b575b817b0f48f446a17d63e521c125ede	ofl/alumnisanspinstripe/OFL.txt	4416	dc6d842f820dd6f2f66823127391353a7012f571
Bitcount Prop Single	Display	ofl/bitcountpropsingle/BitcountPropSingle[CRSV,ELSH,ELXP,slnt,wght].ttf	430508	9958342e406dc5153c276010b0285527a4a82db6	ofl/bitcountpropsingle/OFL.txt	4401	26bf6d1590b4238efa3b2e7938bce13df8bba164
Princess Sofia	Handwriting	ofl/princesssofia/PrincessSofia-Regular.ttf	272628	157f9813405ef49192faa6b262a1c06c906da010	ofl/princesssofia/OFL.txt	4397	f5c7fe075156d5e545474b757ef6c607da5aeafe
SUSE Mono	Sans Serif	ofl/susemono/SUSEMono[wght].ttf	87216	391a85ea61c02b242f2c94926396f5124a81f3db	ofl/susemono/OFL.txt	4379	bfe0be9e423fefda8999e7a5639426877a18a651
Noto Sans Sora Sompeng	Sans Serif	ofl/notosanssorasompeng/NotoSansSoraSompeng[wght].ttf	60240	689fd52c72236b8828134a02b57117e8e12b14d6	ofl/notosanssorasompeng/OFL.txt	4388	cfbd29a3b203746beffc441f0640fd081640bf95
Lexend Tera	Sans Serif	ofl/lexendtera/LexendTera[wght].ttf	192544	b2f7015cc8cd52c963282baeb38d5d050d7754ab	ofl/lexendtera/OFL.txt	4436	b1477aae6210797999bd5ad9c13bcae5fc98788b
Noto Serif Lao	Serif	ofl/notoseriflao/NotoSerifLao[wdth,wght].ttf	217332	cf912a667b9ab8b86a9231511afe125b9755e5a0	ofl/notoseriflao/OFL.txt	4379	483c04d1b6a1c1a4dce7c5a0d73c0a57da1e4fa8
Preahvihear	Sans Serif	ofl/preahvihear/Preahvihear-Regular.ttf	91520	cee8a51542eee60af64eb2d9f32f893a58a43014	ofl/preahvihear/OFL.txt	4392	9f2846acaa8f71c2d069636faaf3eb9ad03ee266
Felipa	Handwriting	ofl/felipa/Felipa-Regular.ttf	40000	a2b65680b6de59f820484400895d7135d34ecfcf	ofl/felipa/OFL.txt	4389	e33535a3a10f7d0ab02ee934c2625db0ce612bd0
Londrina Shadow	Display	ofl/londrinashadow/LondrinaShadow-Regular.ttf	179844	9a92af36032fcdb83c2f2d983fa035247f70b1ba	ofl/londrinashadow/OFL.txt	4439	cc4b6dae57ad4186da5b338a1b15abe440302ac9
Joti One	Display	ofl/jotione/JotiOne-Regular.ttf	58384	69348a8d1030728877b4a44e19831e410af0b075	ofl/jotione/OFL.txt	4506	b509a1fdcc943f461d439ea2d3bbac41388125fd
Ubuntu Sans Mono	Monospace	ufl/ubuntusansmono/UbuntuSansMono[wght].ttf	178092	bbc549ff4b434b5703cd6355c772f1f20b773aa9	ufl/ubuntusansmono/LICENCE.txt	4673	ae78a8f94eae372cb1ca4e14b67244342fce604e
Milonga	Display	ofl/milonga/Milonga-Regular.ttf	209948	e01cb25eda78c27e055a393f5ba56df5c5a39e9f	ofl/milonga/OFL.txt	4648	166ba3d7b4b7bd5ca63953575cd1cc3e6359f73d
Trykker	Serif	ofl/trykker/Trykker-Regular.ttf	38140	fc52ffeedfaf81a2bbb364ab813727144d75d565	ofl/trykker/OFL.txt	4397	e42877b898a24444bb2f4326d83ba078f68a2ec5
Big Shoulders Stencil	Display	ofl/bigshouldersstencil/BigShouldersStencil[opsz,wght].ttf	329916	c79185b2a7672aa0fdaceb00a31d1a45aecb437a	ofl/bigshouldersstencil/OFL.txt	4397	b220280e780d0b52a1efb259f44f332cfa9dcab4
Praise	Handwriting	ofl/praise/Praise-Regular.ttf	694316	a6642afbaeed6491264e17be78a695cde2d3cafc	ofl/praise/OFL.txt	4393	43c04f5bb774184b9c421095169deb7f4c52f774
Emblema One	Display	ofl/emblemaone/EmblemaOne-Regular.ttf	61832	d8304329732d72376545b61428e6e49f4bba98a3	ofl/emblemaone/OFL.txt	4415	5d037f5caf10c524b9880fc75fab49bb0c578436
Sassy Frass	Handwriting	ofl/sassyfrass/SassyFrass-Regular.ttf	162820	a9fefb6c405c3b0945d26a7bdc79a3c23beb59e5	ofl/sassyfrass/OFL.txt	4488	8085a9a795e9f96d177aa2cd8dcd65a89fafda02
Tulpen One	Display	ofl/tulpenone/TulpenOne-Regular.ttf	35244	e107cb5db606c71a3b43cc639eb3a3d79e785af9	ofl/tulpenone/OFL.txt	4392	5186b485fb345fa64583deb18c901b2a4f609b6a
Seymour One	Sans Serif	ofl/seymourone/SeymourOne-Regular.ttf	93576	6d23d3c4b33793399cba050c4aa37b8008ec6a75	ofl/seymourone/OFL.txt	4396	797d686d37d24b32d26ba76d4c56ba7859e5dd01
Sofadi One	Display	ofl/sofadione/SofadiOne-Regular.ttf	52712	5f87cb3aa5f41fe5da6ec25fabeef012f1a9d7f0	ofl/sofadione/OFL.txt	4469	466b010bebf3b1560df52cf4a069adec5c3b8e13
Jacquarda Bastarda 9	Display	ofl/jacquardabastarda9/JacquardaBastarda9-Regular.ttf	100960	b3fdcd24b2b0783d9957ee07de461c7956775d6b	ofl/jacquardabastarda9/OFL.txt	4407	30b6eff3045645ea291e9455158f57d986b6a4ba
Bungee Outline	Display	ofl/bungeeoutline/BungeeOutline-Regular.ttf	202152	e15c969c385b4a5bff106022eb14a91f84e6c973	ofl/bungeeoutline/OFL.txt	4473	6f47072f01b8698301896b247b7087c023a4da2d
Fleur De Leah	Handwriting	ofl/fleurdeleah/FleurDeLeah-Regular.ttf	231608	3094da51beeab5df527f67408547f360f400f5a7	ofl/fleurdeleah/OFL.txt	4495	c5e7bc6ce0ad02569e5e630853aa1c49b972cb5f
Jacques Francois Shadow	Display	ofl/jacquesfrancoisshadow/JacquesFrancoisShadow-Regular.ttf	82492	c6595a0ac99676c1c2b4873cc8114eb1d52a8afa	ofl/jacquesfrancoisshadow/OFL.txt	4484	168aa38b83ddd5c6659d88bf8d1517dc1efc8059
Neonderthaw	Handwriting	ofl/neonderthaw/Neonderthaw-Regular.ttf	276228	83671b1f4b380c53f746d084e8463b22dcf73a4d	ofl/neonderthaw/OFL.txt	4401	9a86dd15877c9dad0d30d79b3e17c350758360e9
Noto Sans Canadian Aboriginal	Sans Serif	ofl/notosanscanadianaboriginal/NotoSansCanadianAboriginal[wght].ttf	292524	b20ba0705bfac6e3c1655ea854522c041bd00a69	ofl/notosanscanadianaboriginal/OFL.txt	4395	6a462de314dc7627e601d73412e88aae3834a701
Noto Sans Thaana	Sans Serif	ofl/notosansthaana/NotoSansThaana[wght].ttf	114724	7ae410a64f8584405a9a2116c9427841b9fb3baa	ofl/notosansthaana/OFL.txt	4382	da863ede680eea40ee3da8ac4bfe6250f8eddaed
Plaster	Display	ofl/plaster/Plaster-Regular.ttf	32852	eb49b39c693389489021780ce4abcc283f403944	ofl/plaster/OFL.txt	4397	f074fc5df3bf7869a14af7b6ad1ed347c1bb8e74
Donegal One	Serif	ofl/donegalone/DonegalOne-Regular.ttf	56944	a0a25ac67dfec3c0a5833774c63bf52cab5b0098	ofl/donegalone/OFL.txt	4536	de10d8d6ce8d3d3cb8bdfda433299fef02e880a4
Playpen Sans Arabic	Handwriting	ofl/playpensansarabic/PlaypenSansArabic[wght].ttf	758132	4f807c64e77fef2dd45b8b3c26b5d867fcd86d5c	ofl/playpensansarabic/OFL.txt	4399	b4b34da590f5717c2c2d9c00ef63574bcc0bf31e
Piedra	Display	ofl/piedra/Piedra-Regular.ttf	75984	7e2a4618274705c92e66479113ea173aeabf3521	ofl/piedra/OFL.txt	4454	adb95768e955e73a3d5397cecb03f204c88c080b
Tilt Prism	Display	ofl/tiltprism/TiltPrism[XROT,YROT].ttf	1049672	711d0262388a7adb63c73754a9558968dc1c22b0	ofl/tiltprism/OFL.txt	4387	46728e60a25e37aaf03feb54ec38f8e884118d58
Almendra SC	Serif	ofl/almendrasc/AlmendraSC-Regular.ttf	35988	ac9ed3b003c71fda92fa796a9c1c8bd8330ed7ec	ofl/almendrasc/OFL.txt	4400	d35e302f780cb3437c95b20653199453cf024498
Meera Inimai	Sans Serif	ofl/meerainimai/MeeraInimai-Regular.ttf	72260	40d7c7fbc9f9088b4b822b792edd05197296671a	ofl/meerainimai/OFL.txt	4524	84225cee2e12813f75dbda9dafa745ef7830d428
Ewert	Display	ofl/ewert/Ewert-Regular.ttf	70752	a55d5c3d2261985392f8c4673f58abab88fb86e3	ofl/ewert/OFL.txt	4452	da1e41d20d53af3f241f70b987a3b2b11ed5f504
Uchen	Serif	ofl/uchen/Uchen-Regular.ttf	859156	08da0d7801950db24b5f87a88ba78f7a9998d39c	ofl/uchen/OFL.txt	4439	fe3a0e535aecfcbcf2998b4d0c98acf06614c989
Edu AU VIC WA NT Hand	Handwriting	ofl/eduauvicwanthand/EduAUVICWANTHand[wght].ttf	1286308	be57486c45f2214b6c2374256bbdbbe45807d8c6	ofl/eduauvicwanthand/OFL.txt	4430	4dc2d73728d83dfea38eebde82f6d48d4bfbf63f
Diplomata	Display	ofl/diplomata/Diplomata-Regular.ttf	89556	66490ceadc2c6dddb19c71aeae4d37223fe117dd	ofl/diplomata/OFL.txt	4517	49c6dd59cbaf81794797ee837b5e6afd018b78fa
Marko One	Serif	ofl/markoone/MarkoOne-Regular.ttf	34484	1c4ebd7bfa033ee95a73df2c03cb3290b6f5956c	ofl/markoone/OFL.txt	4397	ec04c1c0b146120be73a9173930755aaa9c87ed8
Oi	Display	ofl/oi/Oi-Regular.ttf	554780	5191530869caa67bed7636ea783ef893c601a104	ofl/oi/OFL.txt	4376	557bfdf81220ba8f0410b7ba8035fe806dbd8e87
Sirin Stencil	Display	ofl/sirinstencil/SirinStencil-Regular.ttf	69332	24ad472fb5dc89c8f902b5d7c54316796abf8da2	ofl/sirinstencil/OFL.txt	4401	1b7691ef8717590369bff08b7b6454ca71beb8be
Libre Barcode 39 Extended	Display	ofl/librebarcode39extended/LibreBarcode39Extended-Regular.ttf	17396	231afc98f21c48d24747c394910abce2ca90ae45	ofl/librebarcode39extended/OFL.txt	4402	54028f3548d8a596a97286b7524558dbe1fb8e0e
Keania One	Display	ofl/keaniaone/KeaniaOne-Regular.ttf	38812	3eae4eba399e0a56c0a8bcc48e9bd94623ee2660	ofl/keaniaone/OFL.txt	4404	29e665585abdd2c697a74fb82403187c4aee7935
Sixtyfour	Monospace	ofl/sixtyfour/Sixtyfour[BLED,SCAN].ttf	71536	32985b4486ba627ad9b044be33b6d801b2d6d171	ofl/sixtyfour/OFL.txt	4401	e8d698bd0c5c09c026bc1ca0046bbdc928a1cd4b
Konkhmer Sleokchher	Display	ofl/konkhmersleokchher/KonkhmerSleokchher-Regular.ttf	1834832	690781f5a176ce453e9f853eab1b83f963a543a9	ofl/konkhmersleokchher/OFL.txt	4418	5fc0e9d0d1ae7611a20c9bf6b9d4280b08f988fe
Noto Sans Glagolitic	Sans Serif	ofl/notosansglagolitic/NotoSansGlagolitic-Regular.ttf	83444	1b4955dee24bebab111ae47eb7f744df5fc97131	ofl/notosansglagolitic/OFL.txt	4386	b2e0bc730a63d47bbb51d6ab1b86f9e9f38952c4
Dai Banna SIL	Serif	ofl/daibannasil/DaiBannaSIL-Regular.ttf	68172	21e4eb70dacb02e0e5feec06b4ee96dd14fb37e0	ofl/daibannasil/OFL.txt	4492	37cd223c1e3ff36a0d8200ee42b9ca5c10530ad0
Noto Sans Lao Looped	Sans Serif	ofl/notosanslaolooped/NotoSansLaoLooped[wdth,wght].ttf	231556	966e967abf600d53e26f3aafbe98ebfd6f98907e	ofl/notosanslaolooped/OFL.txt	4379	483c04d1b6a1c1a4dce7c5a0d73c0a57da1e4fa8
Odor Mean Chey	Serif	ofl/odormeanchey/OdorMeanChey-Regular.ttf	103900	2c168a339e8792cb1478f9f47dcc36dc2c5239f0	ofl/odormeanchey/OFL.txt	4396	9edfb3ffb5b3f91a00bed3dfb53d2a5fe5bb247d
Diplomata SC	Display	ofl/diplomatasc/DiplomataSC-Regular.ttf	87544	a927dc6454467200e98792ba0a8093fca3d3abec	ofl/diplomatasc/OFL.txt	4517	49c6dd59cbaf81794797ee837b5e6afd018b78fa
Noto Sans Linear A	Sans Serif	ofl/notosanslineara/NotoSansLinearA-Regular.ttf	162012	bcc3e6ad4c29ea9af9751f283d080c55f0acdd29	ofl/notosanslineara/OFL.txt	4384	08c934a1b0cbdb43f6d656472bc4408009bf52da
Purple Purse	Display	ofl/purplepurse/PurplePurse-Regular.ttf	62868	a9e28d63892bc91483722d65e437e927441d55e3	ofl/purplepurse/OFL.txt	4527	50b512c8512e1cc983deceb6dc2e1c73455481ac
Cascadia Mono	Sans Serif	ofl/cascadiamono/CascadiaMono[wght].ttf	704344	474033a95d364e910e5dc985a56802c474eeedb3	ofl/cascadiamono/OFL.txt	4395	40f856f6ecc6de260b4065368ad2f5c4f8cbdcbc
Nuosu SIL	Sans Serif	ofl/nuosusil/NuosuSIL-Regular.ttf	259188	81ac32f4450d5b00107267892194ae90487e6382	ofl/nuosusil/OFL.txt	4503	a99ee9d770ba45336180787c0352651ea9e7be9e
Passero One	Display	ofl/passeroone/PasseroOne-Regular.ttf	33624	a49f914b206d26073591bf0f38c6b95c020c1f98	ofl/passeroone/OFL.txt	4397	04a1266a72b8df6a615bac9b82bf79345102efb8
Kumar One	Display	ofl/kumarone/KumarOne-Regular.ttf	95852	876613739d0d17e98e1eb522ff7054f4310cae45	ofl/kumarone/OFL.txt	4464	1c8d1256b2e6e016a247c175cef111130fd5ccc2
Federant	Display	ofl/federant/Federant-Regular.ttf	45588	c88ecfcbfe934aaa100d5a4a34c50ac5478fcccf	ofl/federant/OFL.txt	4477	5bff38c7e88d039f4d904388c1cfdf33f3756a5d
Noto Sans Javanese	Sans Serif	ofl/notosansjavanese/NotoSansJavanese[wght].ttf	252904	b5cf0dfac5074f6b0af3dc975ff0b0dc4d26aefa	ofl/notosansjavanese/OFL.txt	4384	3a058d1d96291cee8d54fccb6176b5e72def4bf4
Noto Sans Tai Viet	Sans Serif	ofl/notosanstaiviet/NotoSansTaiViet-Regular.ttf	70236	6c3516a3c139d8b022f70361f009eb7109820b47	ofl/notosanstaiviet/OFL.txt	4384	2e8b99ed550ba84ecb278bfeea2408d6d6ff1f3b
Intel One Mono	Monospace	ofl/intelonemono/IntelOneMono-Regular.ttf	125144	f06c22383054f3e4f0bdc5d3984811b85f9da2f4	ofl/intelonemono/OFL.txt	4440	ff8ab5543f63066e427b4d0d2e317fe3d00a6738
Hubballi	Sans Serif	ofl/hubballi/Hubballi-Regular.ttf	187464	4aa652728cadc0a4471ad8e830c5328254f1312b	ofl/hubballi/OFL.txt	4392	22558ca45b2ab80e3d3bc91ec9f083fd1090ceee
Bacasime Antique	Serif	ofl/bacasimeantique/BacasimeAntique-Regular.ttf	30848	a7b88aeddfdb099db21632434fceb7088cc5069d	ofl/bacasimeantique/OFL.txt	4453	8e3741ddbdb3b69ff6670eeb5d632cfc41fe104d
Noto Serif Sinhala	Serif	ofl/notoserifsinhala/NotoSerifSinhala[wdth,wght].ttf	1026928	90697442eb86907166006036d8e21b9fe36d1cc9	ofl/notoserifsinhala/OFL.txt	4383	4e06fdff46edef774eacff1b55518b8a0c2aa4ba
My Soul	Handwriting	ofl/mysoul/MySoul-Regular.ttf	145468	53452c16b0d5e66e3f32d5ad1c6c984206dc9a85	ofl/mysoul/OFL.txt	4388	200532afc659def1c368e8d976ff2ec80bedf6a5
Anek Gurmukhi	Sans Serif	ofl/anekgurmukhi/AnekGurmukhi[wdth,wght].ttf	357420	ca635975774d156b8b1c22bce535af7ac1e43c6a	ofl/anekgurmukhi/OFL.txt	4379	6e46064f855d1d252f1f7d61e7dd1d5a07d409bf
Momo Signature	Sans Serif	ofl/momosignature/MomoSignature-Regular.ttf	414732	f03650938ee82a811c9c6c61f8d591e771ab82c8	ofl/momosignature/OFL.txt	4404	04fa4d2454223d8a3263de4d60aabd297f6930ec
Londrina Sketch	Display	ofl/londrinasketch/LondrinaSketch-Regular.ttf	332856	1a27a9a099225362fda43232f499e745575cf208	ofl/londrinasketch/OFL.txt	4439	17dfd7988f9fe374707fa2c8150e1212cc893ba7
Babylonica	Handwriting	ofl/babylonica/Babylonica-Regular.ttf	498620	079fabffc73e5101c7e24b663e35e3963d7379fc	ofl/babylonica/OFL.txt	4394	3e960f7c5a8469e12ff28c5a3a572efe121746a4
Lakki Reddy	Handwriting	ofl/lakkireddy/LakkiReddy-Regular.ttf	583032	8635acdda5292afb93a577cfd6f832db58f5ab11	ofl/lakkireddy/OFL.txt	4416	fd4ad3e03b0a9331d87e724c57db86d8c033f644
Kedebideri	Sans Serif	ofl/kedebideri/Kedebideri-Regular.ttf	52524	5f943f776882532eb63f4649093dec907d0048e0	ofl/kedebideri/OFL.txt	4613	33b3e3645a3a7c70e9928f0fcc899380542794f5
Noto Sans Mende Kikakui	Sans Serif	ofl/notosansmendekikakui/NotoSansMendeKikakui-Regular.ttf	94212	85c0c9f51fda1af2d49a863a996579130a86fc2d	ofl/notosansmendekikakui/OFL.txt	4389	d861b258762edc6e2ce03b760cc1e9b096c75747
Vibes	Display	ofl/vibes/Vibes-Regular.ttf	78412	bf0cb11d3fad511fefd406b19fea2ba585e680c5	ofl/vibes/OFL.txt	4423	319d15bf5f6b783cfe6e4ae1f9b3d4be7c664b92
Bahiana	Display	ofl/bahiana/Bahiana-Regular.ttf	85984	00467b8cd0ab498b8ee40dc5b03bc9240249224a	ofl/bahiana/OFL.txt	4370	fd7e07d3cddac5436a888d5f5b9baf1563efe621
Snippet	Sans Serif	ofl/snippet/Snippet.ttf	39284	6d08ee690d2d13d73b3c5a69f5208942f8ad86cc	ofl/snippet/OFL.txt	4392	10361cb7cd2df1d4d4e933dfb596b16957baee83
Wellfleet	Serif	ofl/wellfleet/Wellfleet-Regular.ttf	82016	752c6180b69f6b4c3cbb9157fa43427720b9b065	ofl/wellfleet/OFL.txt	4399	3797fbbe7fbfa51a225a891d63ca7dac91cccda5
Noto Sans Mandaic	Sans Serif	ofl/notosansmandaic/NotoSansMandaic-Regular.ttf	66976	36b0ff72405fd42cee542d3009c35707bc5e2490	ofl/notosansmandaic/OFL.txt	4383	d47c58bf25753b9ac110afa9b32c4e70def7d2e3
Ranga	Display	ofl/ranga/Ranga-Regular.ttf	119128	b576727aa997e4c0fbb7eb0f9d9b2e80c719da88	ofl/ranga/OFL.txt	4335	9fef8213aaf85da9b653ad8c715356afe6d0ddeb
Noto Rashi Hebrew	Serif	ofl/notorashihebrew/NotoRashiHebrew[wght].ttf	109056	972e98641ea632c24ec9830bd27e06d2fecb859a	ofl/notorashihebrew/OFL.txt	4382	56662b6243717dbe8acee6d87c3f0e795f9c4295
Tiro Kannada	Serif	ofl/tirokannada/TiroKannada-Regular.ttf	482772	59d352e0823555ffcdfd88c6ad177f4dd1f250dd	ofl/tirokannada/OFL.txt	4387	9acb0fd8b8e54a98007113da015d33419180ca05
Alumni Sans Inline One	Display	ofl/alumnisansinlineone/AlumniSansInlineOne-Regular.ttf	133088	44d06f5f1ec44a01a0863db0aa0afef0c39ae7b6	ofl/alumnisansinlineone/OFL.txt	4410	e741fecfea52b0b28d49bc25a5c38cca0ab00536
Geist Pixel	Display	ofl/geistpixel/GeistPixel[ELSH].ttf	3657104	dee1baceebd60ebb15f6b9909d43cad4dc48024d	ofl/geistpixel/OFL.txt	4384	999fa2373263f4ce66077075c9ede594c6a49510
Rubik Distressed	Display	ofl/rubikdistressed/RubikDistressed-Regular.ttf	892544	55f00caf35963698eaaafa583fb5509213c52c5d	ofl/rubikdistressed/OFL.txt	4406	1e2235d7815818ef7bddbb86da9727aa22c3b40f
Alumni Sans SC	Sans Serif	ofl/alumnisanssc/AlumniSansSC[wght].ttf	125764	750f7095cf9f990f1120542edff413acc3dcc886	ofl/alumnisanssc/OFL.txt	4483	1e689f12702caaa73e8ecb36a120c8d9035e6ed1
Stalinist One	Display	ofl/stalinistone/StalinistOne-Regular.ttf	48808	a7affe459e4a691c70074cc9432e26c8bd779ca1	ofl/stalinistone/OFL.txt	4417	ce541938609d0189c65a319ff286039f22113857
Galdeano	Sans Serif	ofl/galdeano/Galdeano-Regular.ttf	24868	22be023a84fa9a611f6266e2127979d0cd0ff17f	ofl/galdeano/OFL.txt	4408	561779f1d3963f157f1c4455a9b3b80e4036a75e
Almendra Display	Display	ofl/almendradisplay/AlmendraDisplay-Regular.ttf	39264	95e487030d505bc18de6d77d5f66db718be7de9c	ofl/almendradisplay/OFL.txt	4400	d35e302f780cb3437c95b20653199453cf024498
Updock	Handwriting	ofl/updock/Updock-Regular.ttf	120868	71bc90419b12f6e157dce37782e0e5580a8c6c58	ofl/updock/OFL.txt	4392	ff83bddefc4b04457b9aec11c0d2cbd537a4c99c
Idiqlat	Serif	ofl/idiqlat/Idiqlat-Regular.ttf	81504	2eeaca14345668abe72b2731d545128c66ee8e72	ofl/idiqlat/OFL.txt	4723	f165ebfd64bc38fcf8f0a584f8c7bb797a672b3d
Noto Sans Coptic	Sans Serif	ofl/notosanscoptic/NotoSansCoptic-Regular.ttf	92512	c9d60d7169b4de5000db0238e94cbed7d4a4e2ac	ofl/notosanscoptic/OFL.txt	4382	ac06190f2f19d9d0fd39b4912dcf7743a273277e
Noto Sans Osmanya	Sans Serif	ofl/notosansosmanya/NotoSansOsmanya-Regular.ttf	57652	d140d2914c6d71df242b8c737f39a0a7409d8ad0	ofl/notosansosmanya/OFL.txt	4383	01ad3e94a431a39767f85688ebd1b39db3864f8f
Dr Sugiyama	Handwriting	ofl/drsugiyama/DrSugiyama-Regular.ttf	39928	bb314d515a5662a418abc808296de91269ff1e4f	ofl/drsugiyama/OFL.txt	4401	b8fb9dc74dfa15a1d0d0f2c4006575fc1bb144e9
Noto Sans Adlam	Sans Serif	ofl/notosansadlam/NotoSansAdlam[wght].ttf	136472	6d05eeb8b42a0537090b5bc1552bf35cf8cd3105	ofl/notosansadlam/OFL.txt	4381	5acab2c4a85d849ef78247a62fc53143c368602c
Jersey 15	Display	ofl/jersey15/Jersey15-Regular.ttf	104236	e40b445922d36088c74d4825d9fc17ea280a45fc	ofl/jersey15/OFL.txt	4395	f83e6da673a79cebd72b1e61109012225aec93a7
Ancizar Sans	Sans Serif	ofl/ancizarsans/AncizarSans[wght].ttf	172192	ddfd6550ee6f9980d4945384a03ed5fee68d02a7	ofl/ancizarsans/OFL.txt	4395	ceda6006eeb1a559a653a9c33a0b604a99322432
Miranda Sans	Sans Serif	ofl/mirandasans/MirandaSans[wght].ttf	79716	674ff528adf98b9510a4c56797c05d2a5b01da70	ofl/mirandasans/OFL.txt	4398	c1a677ecf405bbf702e2f7c48fc7be0743675912
Noto Serif Ethiopic	Serif	ofl/notoserifethiopic/NotoSerifEthiopic[wdth,wght].ttf	1057996	ea661dbea26cea6ce80c3d21dd7d1f2a1c037540	ofl/notoserifethiopic/OFL.txt	4384	23e1a135d51a4bfba0ef048fba7f3bce61465475
Noto Sans Anatolian Hieroglyphs	Sans Serif	ofl/notosansanatolianhieroglyphs/NotoSansAnatolianHieroglyphs-Regular.ttf	375344	3ec52112cdc25eecd4c6cf811693beab11e93d68	ofl/notosansanatolianhieroglyphs/OFL.txt	4397	464c688b6394a1eb145bb154a26036dd621c7a75
TASA Explorer	Sans Serif	ofl/tasaexplorer/TASAExplorer[wght].ttf	164284	2786199e97ff0cdd31c24d9a37f75cce3928ca06	ofl/tasaexplorer/OFL.txt	4424	1dd3ba831575852f1e4b983d4d1b61b1176e7135
Miss Fajardose	Handwriting	ofl/missfajardose/MissFajardose-Regular.ttf	58872	c9f60b7f528f8ddba7e1d72e0e814e9738ac14e6	ofl/missfajardose/OFL.txt	4404	ae7b3b6739e909f429a44939eef9761b27096d74
Grey Qo	Handwriting	ofl/greyqo/GreyQo-Regular.ttf	111544	368bec71dd00425766872552b3a3467ce539dcad	ofl/greyqo/OFL.txt	4485	1c7dc8828d3f9546a45d73b45f7660a92b650d60
Oldenburg	Display	ofl/oldenburg/Oldenburg-Regular.ttf	46248	3ec3e644dd2ba2a277ea364141c84db60eb85239	ofl/oldenburg/OFL.txt	4399	58abc6a54fdc2e626f20308d259c524ebc690c6c
Jersey 20	Display	ofl/jersey20/Jersey20-Regular.ttf	128576	8b4e0fef033467399221bb68ec688d07fb7ea95a	ofl/jersey20/OFL.txt	4395	f83e6da673a79cebd72b1e61109012225aec93a7
Ribeye Marrow	Display	ofl/ribeyemarrow/RibeyeMarrow-Regular.ttf	84896	4fd058d6a51f7ed8cc5b778db4b5ac8dbc1d61c2	ofl/ribeyemarrow/OFL.txt	4449	93b8a4c4311e9dab5148edf200035c7a76cda0e1
Noto Sans Egyptian Hieroglyphs	Sans Serif	ofl/notosansegyptianhieroglyphs/NotoSansEgyptianHieroglyphs-Regular.ttf	1004836	1a9b2535f87764db260f0bfbf1653f7a8c293449	ofl/notosansegyptianhieroglyphs/OFL.txt	4396	791fd9e83e6bf4e121040d954cb25b2084f9940c
Gveret Levin	Handwriting	ofl/gveretlevin/GveretLevin-Regular.ttf	59788	ea8ce5eaf75f7561d2ec14b26b23a2cead94fca5	ofl/gveretlevin/OFL.txt	4399	43905a571246b5a5fb138c30db2b7cd4272ad91d
Peddana	Serif	ofl/peddana/Peddana-Regular.ttf	714796	599f9b7c407c259656334123ab59d0a133ec5241	ofl/peddana/OFL.txt	4508	005b7ba96b369cbc0e57f18db05571c4cb3cd092
Mr Bedfort	Handwriting	ofl/mrbedfort/MrBedfort-Regular.ttf	37252	18a0a2e8adad69871f7dd8f368b557664bfa04b3	ofl/mrbedfort/OFL.txt	4400	a5074b66e404c1986ac2d4cf76666cdd67dbb57c
Inspiration	Handwriting	ofl/inspiration/Inspiration-Regular.ttf	162296	838beec898dc74fce20515a242bdc4361a5fe403	ofl/inspiration/OFL.txt	4396	abfb6c25f989d1e7fcdc30b8c43ba96b78fc818b
Estonia	Handwriting	ofl/estonia/Estonia-Regular.ttf	1470272	aa53a38c6b5aa8dec0b82e94e6b04ff8ea64c497	ofl/estonia/OFL.txt	4485	04d0b27cfbc0cfda9a28c92f4d49a510dd967e52
GFS Neohellenic	Sans Serif	ofl/gfsneohellenic/GFSNeohellenic.ttf	460072	ccbd208437041e724bd2a7d82c0c9d71bba0fa4f	ofl/gfsneohellenic/OFL.txt	4536	139234004e03c3da2b5fc7e0298681a38144f37e
Zen Loop	Display	ofl/zenloop/ZenLoop-Regular.ttf	43064	e98a6ee14e221edee9b4465f21b37d0ffea48e36	ofl/zenloop/OFL.txt	4390	7f3ec8ac1b50201fe5cef200cfd72aacffa408d0
Edu NSW ACT Foundation	Handwriting	ofl/edunswactfoundation/EduNSWACTFoundation[wght].ttf	55116	f5c8535d339b9111682dcbc91822311bee26e4f2	ofl/edunswactfoundation/OFL.txt	4426	2b34b06642869e4b9b7b6ec1280dbbd061fe6802
Rubik Iso	Display	ofl/rubikiso/RubikIso-Regular.ttf	132376	50df2a4638186028bffa6076b6d17bf407ac5ef1	ofl/rubikiso/OFL.txt	4406	1e2235d7815818ef7bddbb86da9727aa22c3b40f
Love Light	Handwriting	ofl/lovelight/LoveLight-Regular.ttf	168004	0996e97e98797b8d9352fad51b8f18b08646fb8e	ofl/lovelight/OFL.txt	4394	ee24da002a2a5a6c25841db2d51f16bd323c322a
Diphylleia	Serif	ofl/diphylleia/Diphylleia-Regular.ttf	1947768	30adb9882e6a3048b3e32821578fc3dc25bca9ed	ofl/diphylleia/OFL.txt	4488	425fb49465873e9fde4f12defb0e730c8e61a3d9
Lunasima	Sans Serif	ofl/lunasima/Lunasima-Regular.ttf	195140	c8a21c94eefc55a573eca9e76ec57c76f0317b6f	ofl/lunasima/OFL.txt	4401	e0ba1f5999a154c611e42bc41f6ffd678ed5bb14
Micro 5	Display	ofl/micro5/Micro5-Regular.ttf	53936	e750f50f03c4cd0247e15adcee1ac1567e67a722	ofl/micro5/OFL.txt	4394	d756a370885d7068be3cb2564aba47ad2effc2a3
Iosevka Charon Mono	Monospace	ofl/iosevkacharonmono/IosevkaCharonMono-Regular.ttf	1461020	e05c3848b3d9fef8ec69d7cc68eb701bf762d7d5	ofl/iosevkacharonmono/OFL.txt	4385	b16f9ae612e183f05769249ddc9cd115a38722a3
Noto Sans Hanunoo	Sans Serif	ofl/notosanshanunoo/NotoSansHanunoo-Regular.ttf	53184	0075c96e4c23e7621055702da77b8b5fdb67eef3	ofl/notosanshanunoo/OFL.txt	4383	403f7c12006a0ab2bda99a8154530e1e73252aed
Slackside One	Handwriting	ofl/slacksideone/SlacksideOne-Regular.ttf	171736	215a51fb616b513334406dc696b40e113e97d651	ofl/slacksideone/OFL.txt	4422	3feeed07ba6980f69962c49e265a8437cde417f1
Noto Sans Tangsa	Sans Serif	ofl/notosanstangsa/NotoSansTangsa[wght].ttf	87584	d2c629bf14a003e9eca983036eed6991a6296396	ofl/notosanstangsa/OFL.txt	4382	2c6752ed8cb53c86c79d9b4f0433e449b2351adf
Twinkle Star	Handwriting	ofl/twinklestar/TwinkleStar-Regular.ttf	310488	76e958e7b8162a59c19edc5eb06bc11a63e91153	ofl/twinklestar/OFL.txt	4398	81ccf43f0f863c82699696eb969c4bc952cc331f
Molle	Handwriting	ofl/molle/Molle-Regular.ttf	50964	e8fb8d6fd975d3d18c0efab6e11a900c4b6ded16	ofl/molle/OFL.txt	4394	8fd21fcf28d188e2d89ed7ef88f22f44bebc31b1
Hanalei Fill	Display	ofl/hanaleifill/HanaleiFill-Regular.ttf	92108	b7e94ffb05333cac6867a09addd3664b37c704e1	ofl/hanaleifill/OFL.txt	4520	a458a3f805b23cf0809c76144f77d600af94cf6e
Amarna	Sans Serif	ofl/amarna/Amarna[wght].ttf	63768	bb7acec5fa412463284cc0bd189337835ffb5608	ofl/amarna/OFL.txt	4379	3c9ed2eb8214b13b4551aab24c35e9651297f3b6
Edu VIC WA NT Beginner	Handwriting	ofl/eduvicwantbeginner/EduVICWANTBeginner[wght].ttf	34552	0694a12c8acaa8e6c5604e2db01d6c53c66c473a	ofl/eduvicwantbeginner/OFL.txt	4426	2b34b06642869e4b9b7b6ec1280dbbd061fe6802
Epunda Sans	Sans Serif	ofl/epundasans/EpundaSans[wght].ttf	153704	02d29ec540acf3fd24c0a6f417d69566f172cc87	ofl/epundasans/OFL.txt	4397	68b40f93b72649b01e2f2e1b9998e8d46986d223
Rhodium Libre	Serif	ofl/rhodiumlibre/RhodiumLibre-Regular.ttf	233792	bd25f53dbb0baf6c33386cd72e2c72b11d406877	ofl/rhodiumlibre/OFL.txt	4513	14b2f4499e554575a4ba1244c8563d8761973ba0
Aubrey	Display	ofl/aubrey/Aubrey-Regular.ttf	45628	e5e0078237819ba7a7198bc6dc9099771532e63d	ofl/aubrey/OFL.txt	4384	fd46c387a3051bb3dd0c133ba44aefa6f792cbb1
Flavors	Display	ofl/flavors/Flavors-Regular.ttf	184784	7a2fe3faff7aca9ef405c5ad93c249a619d90747	ofl/flavors/OFL.txt	4415	c9ecbd9b5d223cd8503e2e5c8c9f9ae0be091508
Ojuju	Sans Serif	ofl/ojuju/Ojuju[wght].ttf	221368	58e8f61619909dab5f378228baa06487871c8d67	ofl/ojuju/OFL.txt	4385	5e5e42283829cb0c639911a654ab8bc106e923eb
Saira Stencil	Display	ofl/sairastencil/SairaStencil[wdth,wght].ttf	491312	5ec0f5b843b98870e94811dc655576741adc6a92	ofl/sairastencil/OFL.txt	4385	bf2a9eb6c15f071b7a9e545f3ba8cd24169c4e78
Gidugu	Sans Serif	ofl/gidugu/Gidugu-Regular.ttf	460988	1b1e05f455520b5b9090ae6ff2b422f5fb75d4a3	ofl/gidugu/OFL.txt	4386	7ecdbad1f5c3d222cecf794b036aa25c0a48ad9e
BioRhyme Expanded	Serif	ofl/biorhymeexpanded/BioRhymeExpanded-Regular.ttf	100672	8d41c82a06d359e9136278fdbc57b98704e364cb	ofl/biorhymeexpanded/OFL.txt	4468	5d65b2b1e88c3ddbe081acdd035a99a4d4d60b70
Cherish	Handwriting	ofl/cherish/Cherish-Regular.ttf	202240	5406f2a6c2919c12b7386f9e188f7aca15fa6ab6	ofl/cherish/OFL.txt	4485	3f7a138226726c481134b25c8b4af11352af13e7
Danfo	Serif	ofl/danfo/Danfo[ELSH].ttf	147264	3867f140233d01d73f79328979a0ceac0d4f1cae	ofl/danfo/OFL.txt	4380	b50337cd3debf2a7e666a10b5214934dc2e158f5
Rubik Microbe	Display	ofl/rubikmicrobe/RubikMicrobe-Regular.ttf	1444176	e79eafb130c7912adb7e4f7595eade39360d69b8	ofl/rubikmicrobe/OFL.txt	4406	1e2235d7815818ef7bddbb86da9727aa22c3b40f
Grechen Fuemen	Handwriting	ofl/grechenfuemen/GrechenFuemen-Regular.ttf	136992	bfec2353a5a1241f4981acb4c4b9ea6eab6bbb97	ofl/grechenfuemen/OFL.txt	4499	b3ed67aba89509f1067f7cadaed2af684ae3f4a5
Tiro Telugu	Serif	ofl/tirotelugu/TiroTelugu-Regular.ttf	635592	a8a154d6a522738f98843271baae20a1389089cb	ofl/tirotelugu/OFL.txt	4387	9acb0fd8b8e54a98007113da015d33419180ca05
Bonbon	Handwriting	ofl/bonbon/Bonbon-Regular.ttf	81772	d2323d3686b2f1c20bcb34ac11a1e3728a2ca4c7	ofl/bonbon/OFL.txt	4382	a17ad590d036ec842f99175a322c617aefa8fc00
Shizuru	Display	ofl/shizuru/Shizuru-Regular.ttf	251244	a329893cd4a575412243d84ea5cdedba9d7db828	ofl/shizuru/OFL.txt	4414	295a383755cb2b3a71a1a7f0225235d05ef90dc2
Noto Sans Shavian	Sans Serif	ofl/notosansshavian/NotoSansShavian-Regular.ttf	54064	83507d6f2b51d998aba26d6d67e8f79cd43173b4	ofl/notosansshavian/OFL.txt	4383	e639b7a811dcceb7e4f1146cd66bd1d23f84d549
Cause	Handwriting	ofl/cause/Cause[wght].ttf	110700	11902fedab836c046c692dc463605fde61af1911	ofl/cause/OFL.txt	4380	5ce3f9fef840cd5e2f7556a9b173b98704ec8dfd
Estedad	Sans Serif	ofl/estedad/Estedad[wght].ttf	328340	7aaa00f285a28300a26c915cc502f425e9820d2a	ofl/estedad/OFL.txt	4388	a3f7464479be728a1f858574ddb23a46dd83c8c8
Revalia	Display	ofl/revalia/Revalia-Regular.ttf	61436	5035e036ec185f73ef5578bf32a83421b7d4d2c0	ofl/revalia/OFL.txt	4454	ac5cfe5d8e8c9519a589996d9c2cfc34ba274e6b
Alumni Sans Collegiate One	Sans Serif	ofl/alumnisanscollegiateone/AlumniSansCollegiateOne-Regular.ttf	163484	6f897b5cdca1130c605eb7995ef75b9bcf5528cc	ofl/alumnisanscollegiateone/OFL.txt	4418	b0835e05b21dd3b1d460402564c4de168f1cdcab
Noto Sans Vithkuqi	Sans Serif	ofl/notosansvithkuqi/NotoSansVithkuqi[wght].ttf	121084	57fcbd55333455b501a02f3e98f4523d12d2acdf	ofl/notosansvithkuqi/OFL.txt	4384	3f6790657d6410910386353c46838e1d883efc42
Sedan	Serif	ofl/sedan/Sedan-Regular.ttf	116096	ec224a30be03d6f28dfe2de63e537caaa5912448	ofl/sedan/OFL.txt	4384	eec8c3523f827cbf675ce4fe2cf590b6151e9a4a
Langar	Display	ofl/langar/Langar-Regular.ttf	192308	624fbed46b9cfc933943f92825315bb9e73fe20a	ofl/langar/OFL.txt	4475	30df12057d8e55698fdc0571605c5e0c5a386997
Matemasie	Sans Serif	ofl/matemasie/Matemasie-Regular.ttf	143128	55a06aa957752a95561a729597143118ecb69399	ofl/matemasie/OFL.txt	4398	7e5ebdfeffb8eed8f98b440d8c12ed39cd60211f
Iosevka Charon	Monospace	ofl/iosevkacharon/IosevkaCharon-Regular.ttf	1379508	2e52bfc89b2c314f56d4b34d8dc5fb71f253c51d	ofl/iosevkacharon/OFL.txt	4386	48a1283d0f0e46d0dda0edeb6fc089c467669272
Gidole	Sans Serif	ofl/gidole/Gidole-Regular.ttf	121620	7212192fd652620f13d671dfb8b57cf4e2e570b5	ofl/gidole/OFL.txt	4385	37c7a8432947118bd568f1207b353fb265b5d664
Noto Sans Cypriot	Sans Serif	ofl/notosanscypriot/NotoSansCypriot-Regular.ttf	77756	110c613f9312394f33e7e91cad04f5c484029c67	ofl/notosanscypriot/OFL.txt	4383	cbf3234fc33c72184180bdc93c66e61721ad183e
Jacquard 24	Display	ofl/jacquard24/Jacquard24-Regular.ttf	313588	4dee39e46572fcdc983eccc269133bca9155220d	ofl/jacquard24/OFL.txt	4397	87828cdb5608cd90612d58d936e9beee3c732e9e
Tapestry	Handwriting	ofl/tapestry/Tapestry-Regular.ttf	137716	8a08a55d57fcea71f8481a2b4a971fd54eacb202	ofl/tapestry/OFL.txt	4395	ac0dcb0eb10166e4a2d596438e660dd2a27bb893
Rubik Burned	Display	ofl/rubikburned/RubikBurned-Regular.ttf	605348	3a0b584748afd5cc4141aad500fce7b0a72fae8a	ofl/rubikburned/OFL.txt	4406	1e2235d7815818ef7bddbb86da9727aa22c3b40f
Tsukimi Rounded	Sans Serif	ofl/tsukimirounded/TsukimiRounded-Regular.ttf	109492	17e06d709da6d972cbb4a4f44efad45391d0efd6	ofl/tsukimirounded/OFL.txt	4420	c91e2552691cd7f50ccc1bf8fe94315c8bccff56
Alyamama	Serif	ofl/alyamama/Alyamama[wght].ttf	220572	8ce467fba34c28da1887591724b42f3a7f80390f	ofl/alyamama/OFL.txt	4389	8954032498aef4fa7216d89f8576092dc74c3b0b
Protest Guerrilla	Display	ofl/protestguerrilla/ProtestGuerrilla-Regular.ttf	85604	aedeffc2609f78774bc430dd11353b8e7db3d118	ofl/protestguerrilla/OFL.txt	4388	abf7738de337cab838fa22727e943a20f929ba01
Noto Serif Dives Akuru	Serif	ofl/notoserifdivesakuru/NotoSerifDivesAkuru-Regular.ttf	405912	63e9d1ede0cfd817f5c0a0452f4c3444c1daa3ba	ofl/notoserifdivesakuru/OFL.txt	4387	123ae6876209a688d7b3259f9f8d9446002b5ab8
Kolker Brush	Handwriting	ofl/kolkerbrush/KolkerBrush-Regular.ttf	268272	f2d5f2712cb1871548de8bb66adf7b7462492ab7	ofl/kolkerbrush/OFL.txt	4398	7f738cd86c2461911188bf20211db40c2da3381b
Rubik Vinyl	Display	ofl/rubikvinyl/RubikVinyl-Regular.ttf	414752	168fd19eb18654da977ff74ba0d3ac5d3226938e	ofl/rubikvinyl/OFL.txt	4406	1e2235d7815818ef7bddbb86da9727aa22c3b40f
Syne Tactile	Display	ofl/synetactile/SyneTactile-Regular.ttf	129820	0aab7733d126ba67687ab6824748b8b93c1b1a68	ofl/synetactile/OFL.txt	4400	bba50c6af4b9d885a8cb097bbcb74b2111b99dde
Noto Sans Multani	Sans Serif	ofl/notosansmultani/NotoSansMultani-Regular.ttf	57728	65701291d6e307ae0aaaabb3268b3a50fe0c1479	ofl/notosansmultani/OFL.txt	4383	9ca6d2b534254c332db0c245176a7d5767482ed0
Snowburst One	Display	ofl/snowburstone/SnowburstOne-Regular.ttf	68360	4c5a562d8b0e864a3b4fd9df3cfd0a97dcd6488e	ofl/snowburstone/OFL.txt	4398	bb3f1b84e50c335dc220bf9ec39fb13db023cade
Sedan SC	Serif	ofl/sedansc/SedanSC-Regular.ttf	116128	91bbf3b242c1df21a7c2c4e767cc4cb248141c9f	ofl/sedansc/OFL.txt	4384	eec8c3523f827cbf675ce4fe2cf590b6151e9a4a
Noto Sans Marchen	Sans Serif	ofl/notosansmarchen/NotoSansMarchen-Regular.ttf	286768	328e48ff3644e168fa9856ddf1353eee6fa2fc1f	ofl/notosansmarchen/OFL.txt	4383	b8d441f5fa47a88399c183b39296337910a60b95
Mrs Sheppards	Handwriting	ofl/mrssheppards/MrsSheppards-Regular.ttf	42384	155b1efbd29626df3ae1b1fb0cc0b43164cf1d13	ofl/mrssheppards/OFL.txt	4403	b95ab1dc8c38164fcee21f287bc5969196a595f2
Noto Sans Pahawh Hmong	Sans Serif	ofl/notosanspahawhhmong/NotoSansPahawhHmong-Regular.ttf	73820	b58b7ce2b6fd6b4d3ccd6846839b74cf814db0d6	ofl/notosanspahawhhmong/OFL.txt	4388	5f6e9ba04710f590c20bf58c476a5bdaee537f47
Rubik Marker Hatch	Display	ofl/rubikmarkerhatch/RubikMarkerHatch-Regular.ttf	363876	c726276864a144b9332c18dbd2f76779906592c2	ofl/rubikmarkerhatch/OFL.txt	4406	1e2235d7815818ef7bddbb86da9727aa22c3b40f
Noto Sans Takri	Sans Serif	ofl/notosanstakri/NotoSansTakri-Regular.ttf	71068	54bb0c277743554a3f8c92869784ee0cbd49e606	ofl/notosanstakri/OFL.txt	4381	e551f0fbc9154c35fbf19d300f4f4c592e703c90
Menbere	Sans Serif	ofl/menbere/Menbere[wght].ttf	2717324	04f09fb877517ec57a690921738c836f1792e712	ofl/menbere/OFL.txt	4388	47aeb15f2e996f7727f718fda79fce1b0dee4d95
Noto Sans NKo	Sans Serif	ofl/notosansnko/NotoSansNKo-Regular.ttf	79696	ff9cab462221ffdcb92f0e486537975e05f83e39	ofl/notosansnko/OFL.txt	4379	5e778fabe0b470e614c0d2980b146c388d7d2bd2
Rubik Puddles	Display	ofl/rubikpuddles/RubikPuddles-Regular.ttf	404956	e888b5a028ac9201d7072fc7d77a3fcde83187aa	ofl/rubikpuddles/OFL.txt	4406	1e2235d7815818ef7bddbb86da9727aa22c3b40f
Bitcount Grid Single	Display	ofl/bitcountgridsingle/BitcountGridSingle[CRSV,ELSH,ELXP,slnt,wght].ttf	226168	4f95e069f65d2a8771c25f69b1104c47488d4cc6	ofl/bitcountgridsingle/OFL.txt	4401	26bf6d1590b4238efa3b2e7938bce13df8bba164
Rubik Beastly	Display	ofl/rubikbeastly/RubikBeastly-Regular.ttf	512684	17b5507951c3f4113b3583c3a68bae54457e97bd	ofl/rubikbeastly/OFL.txt	4406	1e2235d7815818ef7bddbb86da9727aa22c3b40f
Noto Sans Cherokee	Sans Serif	ofl/notosanscherokee/NotoSansCherokee[wght].ttf	224360	34703c38101c633e4a626bc799137e8bde5f9ac9	ofl/notosanscherokee/OFL.txt	4384	521776482edcfbda42c1d88eede358af37f3fb46
Noto Sans Sunuwar	Sans Serif	ofl/notosanssunuwar/NotoSansSunuwar-Regular.ttf	59068	7976f4403d7820701e84e93ee0d5b40bc90f722c	ofl/notosanssunuwar/OFL.txt	4406	d8be0adacf2ec753a93edd4fe27ba19a84dd6071
Triodion	Display	ofl/triodion/Triodion-Regular.ttf	173068	428e38ae735e055d088407b196c72399e1bd5ae4	ofl/triodion/OFL.txt	4390	a76e41a49cb088feadbfab0acbece8aea62cd4d1
Noto Sans Batak	Sans Serif	ofl/notosansbatak/NotoSansBatak-Regular.ttf	70136	2c4ce990273afd321e3c216852bf9b7d3125e95a	ofl/notosansbatak/OFL.txt	4381	7805020a55b22871febcb75965be72e9a35cf5af
Blaka	Display	ofl/blaka/Blaka-Regular.ttf	58104	6f1a627e423190a10e25a3e3e0993241e1bfb77c	ofl/blaka/OFL.txt	4473	e366ded9bf406facbffbf13160abd2293e76f297
Noto Sans Old Permic	Sans Serif	ofl/notosansoldpermic/NotoSansOldPermic-Regular.ttf	52264	8caac984ba4105135adf77ff094f8db5c3663935	ofl/notosansoldpermic/OFL.txt	4386	81a8e69e38635e9fb076298c158587e130c5750f
Rubik Gemstones	Display	ofl/rubikgemstones/RubikGemstones-Regular.ttf	265004	ef7d5645666be50504c8df5c3e0f23997c41d8a0	ofl/rubikgemstones/OFL.txt	4406	1e2235d7815818ef7bddbb86da9727aa22c3b40f
Splash	Handwriting	ofl/splash/Splash-Regular.ttf	1473200	1df7032aa1de535b262b8758e9ef578d03826816	ofl/splash/OFL.txt	4391	a1ad7de31040a104c1b51231bbbf4933ba3a04cc
Explora	Handwriting	ofl/explora/Explora-Regular.ttf	164680	b2498f6e463c8bf97c1b5d37a9cddb8dfd26bc29	ofl/explora/OFL.txt	4480	8f11d5c3beeaf30c79c9120bac683cc956cb11f4
Taprom	Display	ofl/taprom/Taprom-Regular.ttf	203652	c6827f02e6f4059e1c1852c31eeceef552475e28	ofl/taprom/OFL.txt	4382	aa10505e55a0f00595f81a0a2c40d67dca67f49c
Playpen Sans Hebrew	Handwriting	ofl/playpensanshebrew/PlaypenSansHebrew[wght].ttf	648604	2514a2a81bfca562308c214f43d88fda857d6445	ofl/playpensanshebrew/OFL.txt	4399	b4b34da590f5717c2c2d9c00ef63574bcc0bf31e
Montenegrin Gothic One	Serif	ofl/montenegringothicone/MontenegrinGothicOne-Regular.ttf	140876	3205f294d20834c96e0518b97c344e3001599b0e	ofl/montenegringothicone/OFL.txt	4514	cc955bf13cf9377e9b27e17d2e0248216d40f4ec
Moulpali	Sans Serif	ofl/moulpali/Moulpali-Regular.ttf	100364	128edee53da9f99f2cdbbb26f4feb7bcb757a01b	ofl/moulpali/OFL.txt	4386	18c3afb2b9a30e15dc42316cb229b74887b0c873
Ruge Boogie	Handwriting	ofl/rugeboogie/RugeBoogie-Regular.ttf	329956	51c93186676a059771107eb40bc70f00e040e6e8	ofl/rugeboogie/OFL.txt	4488	399d14ba0432e43d52ab5dd450c3f11e60d332d0
Kings	Handwriting	ofl/kings/Kings-Regular.ttf	270704	fc97725ae71d7db8e1773df8b47393f0a6fc3197	ofl/kings/OFL.txt	4389	19b29eed2da6a2c7f6dbb5094addbcf3f8c5cd31
Trochut	Display	ofl/trochut/Trochut-Regular.ttf	25300	245aad35ba9c4ff46c250f3927020e46e9eb6880	ofl/trochut/OFL.txt	4403	6d316e6a4b0cfc1f3afb6061e72e547676d83467
Noto Sans Buginese	Sans Serif	ofl/notosansbuginese/NotoSansBuginese-Regular.ttf	51976	96cd36db96d84e704cc2a565fc390edf4f6041c7	ofl/notosansbuginese/OFL.txt	4384	55e6e018d5ed22464a4a5cf00ac8a69175ca667e
Labrada	Serif	ofl/labrada/Labrada[wght].ttf	172136	839dbc68b89d092ac08eae82b1bb2d909aa2ff9a	ofl/labrada/OFL.txt	4389	2b61997f79f4d5479814ee8606bbb52902ca3fca
Redacted Script	Display	ofl/redactedscript/RedactedScript-Regular.ttf	86144	71c5f7e755f7fd5d570d749516125d0ad3b25a56	ofl/redactedscript/OFL.txt	4491	756f0eecbc60a7a0e0b006226c8e13e4310f1b55
Lumanosimo	Handwriting	ofl/lumanosimo/Lumanosimo-Regular.ttf	38736	96132351a80523fc71fd1705c9590b201599c846	ofl/lumanosimo/OFL.txt	4405	36c3591ab62fb241ce3bb2cc6ee345912b2f2815
Noto Sans Balinese	Sans Serif	ofl/notosansbalinese/NotoSansBalinese[wght].ttf	193412	916cf395a16bcaba709f1174a3a2d98334a054a9	ofl/notosansbalinese/OFL.txt	4384	94dfdf7d885f6419748669679306c4df9e934e07
Are You Serious	Handwriting	ofl/areyouserious/AreYouSerious-Regular.ttf	150788	a4ca484f5fb41702466aebe203a4022687980f8b	ofl/areyouserious/OFL.txt	4496	6d3f157a14412c8a94f78395cd10800d2ab81243
Moo Lah Lah	Display	ofl/moolahlah/MooLahLah-Regular.ttf	316228	178d68450caaab5a22669599d788d9e52d8bbbec	ofl/moolahlah/OFL.txt	4399	d8f6ecfb637b936e59af2f321e090c5ea77630e1
Rubik 80s Fade	Display	ofl/rubik80sfade/Rubik80sFade-Regular.ttf	3448044	7593105319c31ece243a94748a9e55136894f697	ofl/rubik80sfade/OFL.txt	4406	1e2235d7815818ef7bddbb86da9727aa22c3b40f
Tai Heritage Pro	Serif	ofl/taiheritagepro/TaiHeritagePro-Regular.ttf	273952	a9846b1fa34e39f8ae76b108e47e6bee2b5d56fc	ofl/taiheritagepro/OFL.txt	4490	829eb64b51e9cb93264e1dc49cbb5f0b805a6e61
Workbench	Monospace	ofl/workbench/Workbench[BLED,SCAN].ttf	32472	9277c32f7fc80b533ede112fa5155bbf97b43e34	ofl/workbench/OFL.txt	4401	823765ee325f5752d6bad9b5289186c0be1f8364
Ole	Handwriting	ofl/ole/Ole-Regular.ttf	194772	e7906a5fe6a8f593393f320dc5abd845c14f7413	ofl/ole/OFL.txt	4380	e34a0765c2707f7185c7624be3b645277e1e5499
Cossette Texte	Sans Serif	ofl/cossettetexte/CossetteTexte-Regular.ttf	54948	54cf2a6b595289038503e8a9ddcfa8deffadabf8	ofl/cossettetexte/OFL.txt	4396	3e6c43fa2d6d2d71c6a4888f781469d1f4b3be3c
Tiro Tamil	Serif	ofl/tirotamil/TiroTamil-Regular.ttf	197432	860665a31361decec84c895f8ae426d7ca5baadc	ofl/tirotamil/OFL.txt	4387	9acb0fd8b8e54a98007113da015d33419180ca05
Shafarik	Display	ofl/shafarik/Shafarik-Regular.ttf	1061684	f080a23acab82b820a3a77bb084b71fe43fb79f6	ofl/shafarik/OFL.txt	4390	711eae8c6951cbd47be828c15ad98d5b469637ae
Libertinus Mono	Monospace	ofl/libertinusmono/LibertinusMono-Regular.ttf	153480	dd3bb81d182db5707f16e9c50c9eeb241cd1f5e3	ofl/libertinusmono/OFL.txt	4993	7eed4a8a23816aa34fb7a08f9d382b4dcab316fb
Flow Block	Display	ofl/flowblock/FlowBlock-Regular.ttf	38928	ba3106715229b5c3bbcb00ef0eb03e992c56be21	ofl/flowblock/OFL.txt	4384	164a1989e9269840563077d4d137842efac81b30
Ga Maamli	Display	ofl/gamaamli/GaMaamli-Regular.ttf	320256	736e4a48e459b8841575ebefc08042588cbe4582	ofl/gamaamli/OFL.txt	4390	cffcf96775b63b9d3d6d854ca1fef73a713acf4a
Noto Sans Yi	Sans Serif	ofl/notosansyi/NotoSansYi-Regular.ttf	331328	e4b5cd63898cc578a0725ad2533032ab22a259e7	ofl/notosansyi/OFL.txt	4378	d1fe5933e05f0167c8922b91cdbea1ec07bd28fa
Noto Sans Runic	Sans Serif	ofl/notosansrunic/NotoSansRunic-Regular.ttf	55800	57b2db815c219b0e217d592183618e2a133e0dbc	ofl/notosansrunic/OFL.txt	4381	73166a2750e92986f3457d47e5ac03bd6cfff758
Suravaram	Serif	ofl/suravaram/Suravaram-Regular.ttf	270044	5946f47d48a62fa7be1b993c3fdb71fb7e70d116	ofl/suravaram/OFL.txt	4459	9aaee6b6ea6712dcca122182fe72f4d58a7b2b29
Noto Sans Sundanese	Sans Serif	ofl/notosanssundanese/NotoSansSundanese[wght].ttf	61796	5bc340036d7e5f1f433fa9a8dfa03cbe9ad7e623	ofl/notosanssundanese/OFL.txt	4385	841ac3d782b7ce71ada332e97d8b7086532cb203
Lilex	Monospace	ofl/lilex/Lilex[wght].ttf	229100	78b07d8bfe4506d7d6e1478368324d99b88788d1	ofl/lilex/OFL.txt	4382	c7476fef9200e13c501abed92f7941c7b2045567
Combo	Display	ofl/combo/Combo-Regular.ttf	132848	13ca434ecdf97d7849d40bf30ffc6f3fea346921	ofl/combo/OFL.txt	4395	2e9b1493f251340160b4831b757e0e2d5c5a1366
Annapurna SIL	Serif	ofl/annapurnasil/AnnapurnaSIL-Regular.ttf	530928	f13fb0c120a985c09f01a4b6c4b7c21213d6d264	ofl/annapurnasil/OFL.txt	4512	cfc4e916e4baef84e2067d3cecda6eb06af5c2d8
Asimovian	Sans Serif	ofl/asimovian/Asimovian-Regular.ttf	66136	aeb65b7dba62a4bdcdc387fb55a9100177c50d6a	ofl/asimovian/OFL.txt	4394	701a84801bd9c3bf0058dfb27a80c8179a9d8030
Edu AU VIC WA NT Dots	Handwriting	ofl/eduauvicwantdots/EduAUVICWANTDots[wght].ttf	137528	a8f454ad715f06f48ac9e16b2f5f0d9318c90457	ofl/eduauvicwantdots/OFL.txt	4430	4dc2d73728d83dfea38eebde82f6d48d4bfbf63f
Noto Serif NP Hmong	Serif	ofl/notoserifnphmong/NotoSerifNPHmong[wght].ttf	133168	d4486ea349f05a9a5bb3dad488874f8fae833dee	ofl/notoserifnphmong/OFL.txt	4398	b799192d86b1ac8dc21ccffb92b166d68926d6a9
Edu AU VIC WA NT Guides	Handwriting	ofl/eduauvicwantguides/EduAUVICWANTGuides[wght].ttf	1578084	5cfb9c21b0d2e00e068bd2f0be4a2eaa1bf39e38	ofl/eduauvicwantguides/OFL.txt	4430	4dc2d73728d83dfea38eebde82f6d48d4bfbf63f
Noto Sans Phoenician	Sans Serif	ofl/notosansphoenician/NotoSansPhoenician-Regular.ttf	52012	7840d7a217ade6ea91c6ade6657dbdd15203ac66	ofl/notosansphoenician/OFL.txt	4386	d8306982a9aecb3be2c7b90f0dcb5c0550a6d84a
Agu Display	Display	ofl/agudisplay/AguDisplay[MORF].ttf	779736	eabd82aececb45fd88c7e0b56f53c78e1fa7723f	ofl/agudisplay/OFL.txt	4398	f3de0aae958611e4889d53a50006af0bd1194bc1
Narnoor	Sans Serif	ofl/narnoor/Narnoor-Regular.ttf	79876	d3808d1a0881ac86d96cb62a39b5fce737a530fc	ofl/narnoor/OFL.txt	4733	bd617e8640df89e15271939971acb16bb00556e8
Rock 3D	Display	ofl/rock3d/Rock3D-Regular.ttf	444468	80db8b53246170dc07cb5dd8865659e83911bc81	ofl/rock3d/OFL.txt	4414	b90ced19a1afd85ebf8aa283775d663a94c42d21
Rubik Glitch Pop	Display	ofl/rubikglitchpop/RubikGlitchPop-Regular.ttf	1976660	f879b79141a207d6a495cc4bf0bded2cfc461d70	ofl/rubikglitchpop/OFL.txt	4406	1e2235d7815818ef7bddbb86da9727aa22c3b40f
Cossette Titre	Sans Serif	ofl/cossettetitre/CossetteTitre-Regular.ttf	53948	367bf90acfd377c6b4cf23a9dd6e1345b1548e46	ofl/cossettetitre/OFL.txt	4396	3e6c43fa2d6d2d71c6a4888f781469d1f4b3be3c
BBH Bogle	Sans Serif	ofl/bbhbogle/BBHBogle-Regular.ttf	15656	efd6a18c42e941a8e86ffa301ac8c21968518c66	ofl/bbhbogle/OFL.txt	4381	6baf68637a6170c9189b0843ba6f872e3668aedb
Geostar	Display	ofl/geostar/Geostar-Regular.ttf	41288	6ae62015ff3238d041772bf9998ad8754b757789	ofl/geostar/OFL.txt	4436	f8c0539b1d20f1b98abb3aad4e970f7f98d2edb5
Petemoss	Handwriting	ofl/petemoss/Petemoss-Regular.ttf	143236	37df367fad256e5f4b24cd715e1e3a29dc1f5c07	ofl/petemoss/OFL.txt	4487	f89b747fbd9f08f74f479ead9832f32f4f64fc19
Noto Sans Cypro Minoan	Sans Serif	ofl/notosanscyprominoan/NotoSansCyproMinoan-Regular.ttf	63164	c599e5e79b29f7eb54f00ec024672e65117ba461	ofl/notosanscyprominoan/OFL.txt	4388	dbab116502c88bd3966e83c7f0a523a4b1be9f46
M PLUS Code Latin	Sans Serif	ofl/mpluscodelatin/MPLUSCodeLatin[wdth,wght].ttf	133076	cf11bdac1be83ebc083b37037c4803a34b81183b	ofl/mpluscodelatin/OFL.txt	4387	b038fd111aff94bffc3fc21f239a556a84209a07
Noto Serif Balinese	Serif	ofl/notoserifbalinese/NotoSerifBalinese-Regular.ttf	123500	e162cd705f21f0c8ff8563ada043b6f39c3730d9	ofl/notoserifbalinese/OFL.txt	4384	85c796ea5380763015322fb03471b4a2e00c6d3b
Noto Sans Syriac	Sans Serif	ofl/notosanssyriac/NotoSansSyriac[wght].ttf	171996	ca4a46b400e7b3615006d727fd6052680aa40ee4	ofl/notosanssyriac/OFL.txt	4382	4b0064f9c08cab737605f7363ebf1b53e8c5c3dc
Noto Sans Carian	Sans Serif	ofl/notosanscarian/NotoSansCarian-Regular.ttf	53300	ac2cdee40dec8f7f2284464b8448c904f34c7d45	ofl/notosanscarian/OFL.txt	4382	580681f964e932c830a21d252e7c23739aded831
Noto Sans Cuneiform	Sans Serif	ofl/notosanscuneiform/NotoSansCuneiform-Regular.ttf	1425840	e5b3b879d9439ead2df6a675419f91abc73c7a7f	ofl/notosanscuneiform/OFL.txt	4385	8dc9f4a408dfe8a7d7d54fcdba736a0f51a089be
LXGW Marker Gothic	Sans Serif	ofl/lxgwmarkergothic/LXGWMarkerGothic-Regular.ttf	3187360	aa0f107208bfdd921ee9255bfc3028db3486eefd	ofl/lxgwmarkergothic/OFL.txt	4401	befac88f39e0baf0e35d4c9f4a8dded132b5708d
Parastoo	Serif	ofl/parastoo/Parastoo[wght].ttf	170292	a6732f620f5097720283460b76d83135585ec6ea	ofl/parastoo/OFL.txt	4395	734aecb510ed9b82393c4fa102eafec3885669f1
Valley Sans	Sans Serif	ofl/valleysans/ValleySans[wght].ttf	148736	a2711fddfe037413971620ec3624788c89d12709	ofl/valleysans/OFL.txt	4403	22579ebf6d2e1ff41d68a08dfc9aaf313d4c5ca5
Gajraj One	Display	ofl/gajrajone/GajrajOne-Regular.ttf	149784	2aebdacb4772aa4578a9c3544c2030739356ca20	ofl/gajrajone/OFL.txt	4411	17fc6aa0b3087cda38ae9ec1cf9a13b42ff7f8a9
Noto Serif Dogra	Serif	ofl/notoserifdogra/NotoSerifDogra-Regular.ttf	94812	e2fffecd06eaa3a1b8ea105f53b825ed873d1e6e	ofl/notoserifdogra/OFL.txt	4381	7039efbea591108f008dcab4425495c0967362b8
Noto Sans Syloti Nagri	Sans Serif	ofl/notosanssylotinagri/NotoSansSylotiNagri-Regular.ttf	67252	178e4e89e6dfd3a36d746a6c11fbbc5c132220cb	ofl/notosanssylotinagri/OFL.txt	4388	6dd6aaa13ac95588956c898a0c12fca439ebca3d
Ponomar	Display	ofl/ponomar/Ponomar-Regular.ttf	337220	27f572cb8fdb3a83d56f3e6fcd97ab71d5669c37	ofl/ponomar/OFL.txt	4388	9cbeb0006956294121c15f3488c3dcdd0c09905a
Scoutie Sans	Sans Serif	ofl/scoutiesans/ScoutieSans[wght].ttf	133928	2d6d05eaf010dc191bad1182879693074fe145e1	ofl/scoutiesans/OFL.txt	4388	142478bc172ac017e23debe91a4052697b81d18c
Noto Serif Vithkuqi	Serif	ofl/notoserifvithkuqi/NotoSerifVithkuqi[wght].ttf	134540	e184a70173d02daa69b6a5a19b2f51669b35f81f	ofl/notoserifvithkuqi/OFL.txt	4384	3f6790657d6410910386353c46838e1d883efc42
Noto Sans Old Turkic	Sans Serif	ofl/notosansoldturkic/NotoSansOldTurkic-Regular.ttf	56284	60e8c1bf8018be963f8036e56b8fa633d704b3a3	ofl/notosansoldturkic/OFL.txt	4386	93773f921aa09b85685f218b8234d14aa7d8eb66
Noto Sans Duployan	Sans Serif	ofl/notosansduployan/NotoSansDuployan-Regular.ttf	1775008	a8b088327031721e58ce75a3d0e6bc70f1435006	ofl/notosansduployan/OFL.txt	4384	28de381e22bdb8f5c408cb7c6d365c7eeeb3ff0e
Tagesschrift	Display	ofl/tagesschrift/Tagesschrift-Regular.ttf	146216	69d0007eb226c9bfc056b2becd2eb4a5dd7c2f87	ofl/tagesschrift/OFL.txt	4393	6cf857753ef3b7e19c14494a39cba75e6b6978a1
Bahianita	Display	ofl/bahianita/Bahianita-Regular.ttf	142668	4320b3340906c819695103d76ebe8590bf88cec9	ofl/bahianita/OFL.txt	4399	f3f8c1911b8ae479ba2ad71f83317b8161623900
Big Shoulders Inline	Display	ofl/bigshouldersinline/BigShouldersInline[opsz,wght].ttf	642132	d69d6d11e49e9f066a2ea6717eafbecfea02c0e0	ofl/bigshouldersinline/OFL.txt	4397	b220280e780d0b52a1efb259f44f332cfa9dcab4
Noto Serif Gurmukhi	Serif	ofl/notoserifgurmukhi/NotoSerifGurmukhi[wght].ttf	144664	84f060ec8a857b4b0463493ef3aea8547e086821	ofl/notoserifgurmukhi/OFL.txt	4384	e8052c2011abfc237708eed25640ac87545af65d
Bitcount	Display	ofl/bitcount/Bitcount[CRSV,ELSH,ELXP,slnt,wght].ttf	257212	f042def787fa22b537273110fee68068bb6812c3	ofl/bitcount/OFL.txt	4400	afc3bce2f11c33a8ffc61e25f7c9752822fed6b9
Noto Sans Tifinagh	Sans Serif	ofl/notosanstifinagh/NotoSansTifinagh-Regular.ttf	117568	93f487c899a180e17aec835403284ee57b461b1c	ofl/notosanstifinagh/OFL.txt	4384	1db5a76bb8256107fee64441a80da75e339ddcb2
Noto Serif Toto	Serif	ofl/notoseriftoto/NotoSerifToto[wght].ttf	62536	9a17531fdd1a4c66019b33a97fc6c892aa75b255	ofl/notoseriftoto/OFL.txt	4380	ad589b8da519de5a6cd82548ac3d99fe34f17315
Grandiflora One	Serif	ofl/grandifloraone/GrandifloraOne-Regular.ttf	2342680	34c0a1e436233e24d7b99f1d90003112bda3b534	ofl/grandifloraone/OFL.txt	4490	6e8d87d923f731373390523a8e97ac5240e8a693
Noto Sans Avestan	Sans Serif	ofl/notosansavestan/NotoSansAvestan-Regular.ttf	60532	2beeb6d7da2dd4ff8340926dbe3df33a5bd6613f	ofl/notosansavestan/OFL.txt	4383	b066b77dbe0aa370e8974579ebf332a6c1ac8965
Palette Mosaic	Display	ofl/palettemosaic/PaletteMosaic-Regular.ttf	142520	902a9b2f359fc64fb77ce80b6de9b4e416cf7065	ofl/palettemosaic/OFL.txt	4433	f8ee53d711b1e43c180f16fd4ee79f24e5954fab
Noto Sans Nag Mundari	Sans Serif	ofl/notosansnagmundari/NotoSansNagMundari[wght].ttf	59720	7bf6cf089c7b024b7774f18040c9c03bbc8c5d02	ofl/notosansnagmundari/OFL.txt	4387	54452e026533b6c9acdcac53cc21538955718ba8
Sankofa Display	Sans Serif	ofl/sankofadisplay/SankofaDisplay-Regular.ttf	301656	9c654a7b8e6cf9183e36a07340590cbda6830bfb	ofl/sankofadisplay/OFL.txt	4402	011f984e4db48ac76a778620dad03064236e399c
Moirai One	Display	ofl/moiraione/MoiraiOne-Regular.ttf	2102128	d1aa35f1d5b7cfb21b9ddd3ade504c55c451ea5e	ofl/moiraione/OFL.txt	4480	2b308007235bcb3d7b5053e2bd00c1d372a584c0
Libertinus Serif Display	Display	ofl/libertinusserifdisplay/LibertinusSerifDisplay-Regular.ttf	733352	b6f6c89f6b4068ad344867eb498b3865a0aee8a7	ofl/libertinusserifdisplay/OFL.txt	4408	b0b852449835b76205f30d49e406652cf17cf842
Ingrid Darling	Handwriting	ofl/ingriddarling/IngridDarling-Regular.ttf	159820	46acfa253106b17919afff6237575d7720b363bc	ofl/ingriddarling/OFL.txt	4407	f1d6083b2a8a5f8d573e415e7163e9077cb46847
Noto Sans Meroitic	Sans Serif	ofl/notosansmeroitic/NotoSansMeroitic-Regular.ttf	88336	96d62593ba36ac88a19593f072ebfe71c5a964e8	ofl/notosansmeroitic/OFL.txt	4384	e24c248a87e6b453e9944019831f3d0e8fd529ca
Epunda Slab	Serif	ofl/epundaslab/EpundaSlab[wght].ttf	90220	7fb08e9cde918457f441c97100870172e1d1fb73	ofl/epundaslab/OFL.txt	4397	77d415f8deaa7748395db8936d8cf399fc209c95
Asap Sharp	Sans Serif	ofl/asapsharp/AsapSharp[wdth,wght].ttf	221096	1adca171952d63916e3ca7bf8f2ef983fea0f4e2	ofl/asapsharp/OFL.txt	4395	304e7bbb4ef6a8aa0a851c7d5ff1100698f00c55
Winky Rough	Sans Serif	ofl/winkyrough/WinkyRough[wght].ttf	346020	1ae1a7fe4d67cf95e1255abd83cf1e348b0a1279	ofl/winkyrough/OFL.txt	4393	f50d8d563ed2f32fe0bbb2c9af4998f8d0230917
Rubik Broken Fax	Display	ofl/rubikbrokenfax/RubikBrokenFax-Regular.ttf	495004	80a8653f04353316f7bbd83c605fb4ebdbaea187	ofl/rubikbrokenfax/OFL.txt	4406	1e2235d7815818ef7bddbb86da9727aa22c3b40f
Savate	Sans Serif	ofl/savate/Savate[wght].ttf	274764	447906063d8bd09ea9a83062a26ce4b69fd82da2	ofl/savate/OFL.txt	4382	d8da23f7625196bcc3902d3180b56392ba35341d
Alien Block	Display	ofl/alienblock/AlienBlock-Regular.ttf	35344	8c8292440418c6dcb561c6613dc295ceec345354	ofl/alienblock/OFL.txt	4393	2f5e3d2db7557103494e614aa6488f0dd738b323
Noto Sans Old Hungarian	Sans Serif	ofl/notosansoldhungarian/NotoSansOldHungarian-Regular.ttf	113692	494cbdd990d11faa4133d3e6e3a7f73da7b3a4ce	ofl/notosansoldhungarian/OFL.txt	4389	8f509773ebb5fa201d0a1d36389f156145fced24
Noto Serif Yezidi	Serif	ofl/notoserifyezidi/NotoSerifYezidi[wght].ttf	112384	6c41dd716e3e694d9e21713aae77d01f91774576	ofl/notoserifyezidi/OFL.txt	4382	e701b76812924dc917239c0aa156186538f52cef
Noto Sans Kaithi	Sans Serif	ofl/notosanskaithi/NotoSansKaithi-Regular.ttf	138076	bba457094e5fc925213eaff9b4fa9d98a3c09e94	ofl/notosanskaithi/OFL.txt	4382	683a17eff2fe745fbce7b95e35c6d411dcc6aeb4
Bytesized	Sans Serif	ofl/bytesized/Bytesized-Regular.ttf	20792	e8ca0a42668eae05f109cb34963c4bd83e793cec	ofl/bytesized/OFL.txt	4485	4bf388b171e311360661936ef402634d8853b753
Rubik Maps	Display	ofl/rubikmaps/RubikMaps-Regular.ttf	2264632	05b5fe1e3eb6b2dc8eb511d71300d61c499145e8	ofl/rubikmaps/OFL.txt	4406	1e2235d7815818ef7bddbb86da9727aa22c3b40f
Noto Sans Nandinagari	Sans Serif	ofl/notosansnandinagari/NotoSansNandinagari-Regular.ttf	252968	9258ef54d5de1ba3a07440c1b312d37ecace8c0e	ofl/notosansnandinagari/OFL.txt	4387	f5e40017f6f90015f151e32f32067fdea6f00c95
Noto Sans Osage	Sans Serif	ofl/notosansosage/NotoSansOsage-Regular.ttf	60076	b7669a20d31193e2dd6aea09e38986edba173461	ofl/notosansosage/OFL.txt	4381	e88851b5f5fc49a7b6625f212b31050b3391c5fe
Noto Sans Adlam Unjoined	Sans Serif	ofl/notosansadlamunjoined/NotoSansAdlamUnjoined[wght].ttf	73680	f9441da6a0661ce9bf73e3b0de4953e19145b75b	ofl/notosansadlamunjoined/OFL.txt	4381	5acab2c4a85d849ef78247a62fc53143c368602c
Lisu Bosa	Serif	ofl/lisubosa/LisuBosa-Regular.ttf	49372	082c5dc50bc1cc20e59f5da271796231cdc6f48e	ofl/lisubosa/OFL.txt	4717	94d3a462b3a6e32e836a8d85132db84003b40586
Geomini	Sans Serif	ofl/geomini/Geomini[wght].ttf	180664	6e20f49f0ecd1cff302d79ee8b0e63e7dcd2e7c2	ofl/geomini/OFL.txt	4475	5c9d03c68a5cd9eacb0451e91bca9e74b44aabcb
Finlandica Headline	Sans Serif	ofl/finlandicaheadline/FinlandicaHeadline[wght].ttf	311120	2d4d47e53db1a2e8297f1db4aea7d23457c8fb51	ofl/finlandicaheadline/OFL.txt	4417	b32741461c357a913d8dfc73c8d150ca1f6876af
Caacupe One	Display	ofl/caacupeone/CaacupeOne-Regular.ttf	65148	cfcf8b9bb4433c79302354a8af0d7ea2fafbba6f	ofl/caacupeone/OFL.txt	4397	f42671b8fc313821ac3e96f3345098e86009ed41
Noto Sans Indic Siyaq Numbers	Sans Serif	ofl/notosansindicsiyaqnumbers/NotoSansIndicSiyaqNumbers-Regular.ttf	73460	0d5d8d90d4399d327e2d4f1a55f662ee90de892f	ofl/notosansindicsiyaqnumbers/OFL.txt	4395	1fa1950530cd99fef065af42a71b30988d0f43be
Noto Sans Linear B	Sans Serif	ofl/notosanslinearb/NotoSansLinearB-Regular.ttf	135716	44d993faae1f33c45c60db1c516fde0da4007681	ofl/notosanslinearb/OFL.txt	4384	2a37a7f7153ac6963656cbbab718cd020a45cc7b
Edu QLD Beginner	Handwriting	ofl/eduqldbeginner/EduQLDBeginner[wght].ttf	46888	6e1de44b2e73798a0dab9f7e1f6bebafd8afec81	ofl/eduqldbeginner/OFL.txt	4426	2b34b06642869e4b9b7b6ec1280dbbd061fe6802
Hibur Mono	Monospace	ofl/hiburmono/HiburMono-Regular.ttf	210352	36a5ab3d32b418bd925fd178795a2973386d624b	ofl/hiburmono/OFL.txt	4403	d5f66c7318a40bf8190b3f3bbd414aad822c33f9
Flow Rounded	Display	ofl/flowrounded/FlowRounded-Regular.ttf	43800	14c713781820a382dcf9a0c8c3c68f4b34e2afcc	ofl/flowrounded/OFL.txt	4384	164a1989e9269840563077d4d137842efac81b30
Chokokutai	Display	ofl/chokokutai/Chokokutai-Regular.ttf	165580	155f20dd22fb7294f13eb32c8e39e6563191008d	ofl/chokokutai/OFL.txt	4482	3f2b8c92e154ac3e715cd0db1a65afd9c5d39879
Exile	Display	ofl/exile/Exile-Regular.ttf	97560	02e853d23320aac07abe4c67a759c9d282c7e800	ofl/exile/OFL.txt	4380	c014b3232bb41bd54ad04cd950e0ada8519786fc
Puppies Play	Handwriting	ofl/puppiesplay/PuppiesPlay-Regular.ttf	167944	a08538a6b8caa3b9328a5974f9108d42c730c11c	ofl/puppiesplay/OFL.txt	4403	ff2059624f696145845553a2a1f5df941c35f3d8
Playpen Sans Thai	Handwriting	ofl/playpensansthai/PlaypenSansThai[wght].ttf	754920	236c8c16c4b1b466983195895d722893b5a3ef0b	ofl/playpensansthai/OFL.txt	4399	b4b34da590f5717c2c2d9c00ef63574bcc0bf31e
Pochaevsk	Display	ofl/pochaevsk/Pochaevsk-Regular.ttf	180120	ad82ad2ab3240846366d9f85727ac83622f36983	ofl/pochaevsk/OFL.txt	4392	4b733eed6618133a0f2d350c43bcb1b0a7e1ea63
Ponnala	Display	ofl/ponnala/Ponnala-Regular.ttf	473792	2ef1c21645a17fb10a2cdf50f1e6c57d710e0c81	ofl/ponnala/OFL.txt	4363	ed1ad9bcc323e034ad01aedd3fefafb657a71533
Noto Traditional Nushu	Sans Serif	ofl/nototraditionalnushu/NotoTraditionalNushu[wght].ttf	292524	3082734706ba55c3bcdce1553e1080a23e53b291	ofl/nototraditionalnushu/OFL.txt	4381	b501a00115d7bd4a57ad3a813b7cc5715765e3f6
Noto Sans Bamum	Sans Serif	ofl/notosansbamum/NotoSansBamum[wght].ttf	204724	d363fa5f40b9d96506333b62506df944d59a8aef	ofl/notosansbamum/OFL.txt	4381	42dcbadfccd69d44702db973cdab80fcf485c410
Tirra	Sans Serif	ofl/tirra/Tirra-Regular.ttf	49376	d9e62a2ea5b85c826261200b720594ea58686481	ofl/tirra/OFL.txt	4611	c243662f0b0bd3920d020cad3297d4970f439c2b
Hanalei	Display	ofl/hanalei/Hanalei-Regular.ttf	184176	8eacc02163293fdc045457defd86d9116b416598	ofl/hanalei/OFL.txt	4520	a458a3f805b23cf0809c76144f77d600af94cf6e
Noto Sans Medefaidrin	Sans Serif	ofl/notosansmedefaidrin/NotoSansMedefaidrin[wght].ttf	112788	1c6764cee8bd5d0e9f2f4845da9d1826d3d9c19e	ofl/notosansmedefaidrin/OFL.txt	4387	5a33285e46b44dc3d536d620d130bbbe6f042800
Rubik Doodle Triangles	Display	ofl/rubikdoodletriangles/RubikDoodleTriangles-Regular.ttf	1366376	639544eeecb19b425ef1b2333f1cae287f898b4d	ofl/rubikdoodletriangles/OFL.txt	4406	1e2235d7815818ef7bddbb86da9727aa22c3b40f
Namdhinggo	Serif	ofl/namdhinggo/Namdhinggo-Regular.ttf	85768	b0fc1cd247d1da776187a927099092a4c2344fd8	ofl/namdhinggo/OFL.txt	4505	110afcc93bed973123ae8510cb2b5d1a5865b2b9
Noto Sans Elymaic	Sans Serif	ofl/notosanselymaic/NotoSansElymaic-Regular.ttf	57408	d81263a19690c503533d35fee18504a8dc81c98e	ofl/notosanselymaic/OFL.txt	4383	27ee39a496af8e3c8df8487e97219e7e9069e5e4
Noto Sans Vai	Sans Serif	ofl/notosansvai/NotoSansVai-Regular.ttf	128852	0f01f7db2e1ae8a53a8b6392e0032cd32ba11768	ofl/notosansvai/OFL.txt	4379	bbb8debd65b8d3f7381d1b0f86b799689436f555
Playpen Sans Deva	Handwriting	ofl/playpensansdeva/PlaypenSansDeva[wght].ttf	1567116	25ebff945a196271e11d6c3195f9e4f63a620a3d	ofl/playpensansdeva/OFL.txt	4399	b4b34da590f5717c2c2d9c00ef63574bcc0bf31e
Noto Sans Zanabazar Square	Sans Serif	ofl/notosanszanabazarsquare/NotoSansZanabazarSquare-Regular.ttf	71400	6909195b7e822e6167b67dd3e753d3e9ce4f9302	ofl/notosanszanabazarsquare/OFL.txt	4392	a6617114454c6036dfe756be8403d3d48e9de870
Sirivennela	Sans Serif	ofl/sirivennela/Sirivennela-Regular.ttf	1555204	9759ae5cdaa741edb575a9e11d80eb8dbbbf7e6b	ofl/sirivennela/OFL.txt	4397	20b708214538041479c930c221158a242c09d199
Noto Serif Oriya	Serif	ofl/notoseriforiya/NotoSerifOriya[wght].ttf	241144	5778ea8fe42e90c5caad497d95ece1145eaff01e	ofl/notoseriforiya/OFL.txt	4381	d3443d96816e441b2b1581f38411549f49ad5cea
Noto Sans Old South Arabian	Sans Serif	ofl/notosansoldsoutharabian/NotoSansOldSouthArabian-Regular.ttf	51336	06197d3b4b781bf20c0756ea526534499a213109	ofl/notosansoldsoutharabian/OFL.txt	4393	1b2c29d7c5902e7898d7ae3a0bc6955c0554f276
Jaini Purva	Display	ofl/jainipurva/JainiPurva-Regular.ttf	762796	fa91e31d0a95b6ab7b8786f9d8a82bc13f19d2a7	ofl/jainipurva/OFL.txt	4382	6160762a8b164927de9988b71072e93037459efb
Noto Sans Old North Arabian	Sans Serif	ofl/notosansoldnortharabian/NotoSansOldNorthArabian-Regular.ttf	53664	e20fa5b08cc978f4e21a989a638aba6f723e8800	ofl/notosansoldnortharabian/OFL.txt	4393	f4473b368df5f11763004585e5fda199322b5472
Noto Sans Tai Le	Sans Serif	ofl/notosanstaile/NotoSansTaiLe-Regular.ttf	57620	ac80f37d6248c81b3c15406582005cf7254174b7	ofl/notosanstaile/OFL.txt	4382	6ec21ad68448382806c489e03bbe2c776b8ee99f
Edu AU VIC WA NT Pre	Handwriting	ofl/eduauvicwantpre/EduAUVICWANTPre[wght].ttf	1298364	2a855d0e0b29b96ad649948e906dc06bc32e0167	ofl/eduauvicwantpre/OFL.txt	4430	4dc2d73728d83dfea38eebde82f6d48d4bfbf63f
Noto Sans Syriac Eastern	Sans Serif	ofl/notosanssyriaceastern/NotoSansSyriacEastern[wght].ttf	146308	8fe0db3e5a4241c85c559b82a300dc9a129a18a8	ofl/notosanssyriaceastern/OFL.txt	4382	4b0064f9c08cab737605f7363ebf1b53e8c5c3dc
Noto Serif Grantha	Serif	ofl/notoserifgrantha/NotoSerifGrantha-Regular.ttf	416716	af6529f286de38766b44a30ebff5ffc8083dd974	ofl/notoserifgrantha/OFL.txt	4383	2590f8a71f0542f630491f98ad3048d44cdb7497
Noto Sans Miao	Sans Serif	ofl/notosansmiao/NotoSansMiao-Regular.ttf	97716	0e6c4937b71252efe848802072980d7339c04bdc	ofl/notosansmiao/OFL.txt	4380	356a20fd05e79dd62c64adfbe60f8648b7e61b3f
Rubik Maze	Display	ofl/rubikmaze/RubikMaze-Regular.ttf	459040	58ee6a582a0ef83fc370adcb97a106dd743c1cdb	ofl/rubikmaze/OFL.txt	4406	1e2235d7815818ef7bddbb86da9727aa22c3b40f
Noto Serif Khitan Small Script	Serif	ofl/notoserifkhitansmallscript/NotoSerifKhitanSmallScript-Regular.ttf	851848	7fb097b598c1b761cf2f31450374696d88e4d034	ofl/notoserifkhitansmallscript/OFL.txt	4397	49060c5485fff8de90623449eba959c05ad16eb3
Noto Sans Grantha	Sans Serif	ofl/notosansgrantha/NotoSansGrantha-Regular.ttf	382732	d9ae6d6ca09b1da1cea9de1922d02517d32767ba	ofl/notosansgrantha/OFL.txt	4383	2590f8a71f0542f630491f98ad3048d44cdb7497
Noto Sans Elbasan	Sans Serif	ofl/notosanselbasan/NotoSansElbasan-Regular.ttf	60084	787686d2a2cfd8a5e83fc633079ba912885d2403	ofl/notosanselbasan/OFL.txt	4383	a27d472cbe09cdb795ecfd827f11846a9e3f67d8
Mingzat	Sans Serif	ofl/mingzat/Mingzat-Regular.ttf	159916	05dfb9f1db3db526c751d7ac860538589a26e501	ofl/mingzat/OFL.txt	4794	09e7c666e26272b6c27e9bb7bc28dafe1a3880df
Jaini	Display	ofl/jaini/Jaini-Regular.ttf	757280	a40ef9a45f5b05ed5a06d3c4d6bbb5290892a546	ofl/jaini/OFL.txt	4382	6160762a8b164927de9988b71072e93037459efb
Noto Sans Lisu	Sans Serif	ofl/notosanslisu/NotoSansLisu[wght].ttf	56240	aa1f8920b073d5ee411fd4adadf024a9ef63b539	ofl/notosanslisu/OFL.txt	4380	a16dfe9c6df8ee878b84c007e83d1c56cbf0b0be
Warnes	Display	ofl/warnes/Warnes-Regular.ttf	70272	5df2c35747d48d909ccf0c4e2af66fd441df8d5d	ofl/warnes/OFL.txt	4508	1c0637e9ab08d11da501193f782148d628792ce8
Noto Sans Mahajani	Sans Serif	ofl/notosansmahajani/NotoSansMahajani-Regular.ttf	63864	9756c25fe2d3bc0e8e317ebd50431e2ff6b45cb0	ofl/notosansmahajani/OFL.txt	4384	cd03d5ecbb51fbcdb493916dd88f668a02348a01
Noto Serif Ottoman Siyaq	Serif	ofl/notoserifottomansiyaq/NotoSerifOttomanSiyaq-Regular.ttf	80000	3319a0aaed06308f3b0d517d444c65bfad768f76	ofl/notoserifottomansiyaq/OFL.txt	4397	7ed39cbc108f4ba13583c261060a8fdc9197916f
Strichpunkt Sans	Sans Serif	ofl/strichpunktsans/StrichpunktSans[wdth,wght].ttf	224680	9e79248332c877897fa596f3cadf4409a2b6442b	ofl/strichpunktsans/OFL.txt	4402	c880f865b16f06ccf05cd9c35718be48301ef175
Rubik Storm	Display	ofl/rubikstorm/RubikStorm-Regular.ttf	795704	c12b5d9cc6dd5d71bb7b95b0205a633bca73c2b8	ofl/rubikstorm/OFL.txt	4406	1e2235d7815818ef7bddbb86da9727aa22c3b40f
Noto Sans Newa	Sans Serif	ofl/notosansnewa/NotoSansNewa-Regular.ttf	259668	b0ad8404082df8cbfaca71a4b1addde32687ec18	ofl/notosansnewa/OFL.txt	4380	f5436db7a4a55f5e1507acd95dc0df30e0380040
Kay Pho Du	Serif	ofl/kayphodu/KayPhoDu-Regular.ttf	43988	55e6b80e0d978f0a42ab2c2f1ad0852bfb144c74	ofl/kayphodu/OFL.txt	4549	047a152876fc2f3fb48d991b3ca02726df5aefbd
Noto Serif Todhri	Serif	ofl/notoseriftodhri/NotoSerifTodhri-Regular.ttf	66440	2a9ce35109cf82eaae3304bcdae2c1b294ab2980	ofl/notoseriftodhri/OFL.txt	4382	bf6a6b10b20dd2737d4d8841927fe7835b8b52ff
Noto Serif Makasar	Serif	ofl/notoserifmakasar/NotoSerifMakasar-Regular.ttf	57888	7006cc6c39ecb4cb5df89aee14f23c765d2717ca	ofl/notoserifmakasar/OFL.txt	4383	fde631a13f7477940ae7f389877fdf4ef1b0a3f5
Noto Sans Lydian	Sans Serif	ofl/notosanslydian/NotoSansLydian-Regular.ttf	51676	94bf8b90cd0a8f5204c5a647374e75ff16eb8d8b	ofl/notosanslydian/OFL.txt	4382	54e5500e6e2f82f0b113d7bcc6634be5a303e542
Noto Sans Nabataean	Sans Serif	ofl/notosansnabataean/NotoSansNabataean-Regular.ttf	55600	fc5f98c5547f6e43c385296fb7eedea63c0f4dfc	ofl/notosansnabataean/OFL.txt	4385	cf612d4702a97b29fc7d29cc4684b19cbde9fdf2
Hind Mysuru	Sans Serif	ofl/hindmysuru/HindMysuru-Regular.ttf	131428	926828b4cff93877d8c512da4fa8b218c1c69d69	ofl/hindmysuru/OFL.txt	4371	ccd22d7afee4a45d0007489e9232ed51fb3c3f4a
Rubik Lines	Display	ofl/rubiklines/RubikLines-Regular.ttf	1295268	50c015c18bba019f9cdb143cae4aa0a3fb251512	ofl/rubiklines/OFL.txt	4406	1e2235d7815818ef7bddbb86da9727aa22c3b40f
Yuyu	Handwriting	ofl/yuyu/Yuyu-Regular.ttf	55884	18148c8b8930426a93fbe55c1f57718118ab1abb	ofl/yuyu/OFL.txt	4389	7b6bf373e8b8f146db83ae9d9805e09193183399
Noto Sans Cham	Sans Serif	ofl/notosanscham/NotoSansCham[wght].ttf	126600	cf50596d0844f67cf197dd9555fe20482c736e5b	ofl/notosanscham/OFL.txt	4380	f7fba77f3027fa2d4f8cd55c335aa7ef780b6e38
Noto Sans Deseret	Sans Serif	ofl/notosansdeseret/NotoSansDeseret-Regular.ttf	60572	949a6661c1b62d2696437e81ce1bb27f5c242a79	ofl/notosansdeseret/OFL.txt	4383	9571812ed77e4d90db3d6d66c865c7e24bbee195
Noto Sans Khojki	Sans Serif	ofl/notosanskhojki/NotoSansKhojki-Regular.ttf	107856	9fbce051350e599be30e04b8d9006cf8f6ce3430	ofl/notosanskhojki/OFL.txt	4382	81ef75a7ce3546a4488f7a97ad6cdf931eed8519
Noto Sans Inscriptional Parthian	Sans Serif	ofl/notosansinscriptionalparthian/NotoSansInscriptionalParthian-Regular.ttf	55164	ffb42fc9da163b080c7bc89721343bef60f040e3	ofl/notosansinscriptionalparthian/OFL.txt	4398	dd4f30878126565b9eb748614b9b861e7287fc62
Noto Sans Tagbanwa	Sans Serif	ofl/notosanstagbanwa/NotoSansTagbanwa-Regular.ttf	46212	88c192fe4b5f461d72f07d2def31618748babc41	ofl/notosanstagbanwa/OFL.txt	4384	3eaf3df2473d892d174c7b51b4f1065ef08edf70
Blaka Hollow	Display	ofl/blakahollow/BlakaHollow-Regular.ttf	73852	0988f6d1dcea41ed3b2a09e7662b0d5f5bf4d5c1	ofl/blakahollow/OFL.txt	4473	e366ded9bf406facbffbf13160abd2293e76f297
Libertinus Keyboard	Display	ofl/libertinuskeyboard/LibertinusKeyboard-Regular.ttf	204456	6ded98c276a79fc8eb614380813687f1ca2492fc	ofl/libertinuskeyboard/OFL.txt	4403	f44e989dd4e43d6df65c7a5f1312bffa2c0c725a
Noto Sans Wancho	Sans Serif	ofl/notosanswancho/NotoSansWancho-Regular.ttf	64880	d2bffd4e53699f98e8b9fbf1d81618098af72a5f	ofl/notosanswancho/OFL.txt	4382	e4cc3d243607932715c6319ce3ebef87731ad243
Yuji Hentaigana Akari	Handwriting	ofl/yujihentaiganaakari/YujiHentaiganaAkari-Regular.ttf	93496	d5b14d207db99702e30f15f6637107e2cdc6e6d7	ofl/yujihentaiganaakari/OFL.txt	4386	cff4fd743037483847e8d10afbc7ebc5e9226553
Edu AU VIC WA NT Arrows	Handwriting	ofl/eduauvicwantarrows/EduAUVICWANTArrows[wght].ttf	65152	0030f1dd105b8f74fd6b26aa51807f10699ddab9	ofl/eduauvicwantarrows/OFL.txt	4430	4dc2d73728d83dfea38eebde82f6d48d4bfbf63f
BJCree	Serif	ofl/bjcree/BJCree-Regular.ttf	106236	c3987a8df6a44d668778668de1da417e41dd3ef0	ofl/bjcree/OFL.txt	4583	1e9fddad82013c1a4914945b231ce2683614ecfa
Noto Sans New Tai Lue	Sans Serif	ofl/notosansnewtailue/NotoSansNewTaiLue[wght].ttf	78872	c0a1b323d5c23ee6923a9fbe83dfd22ddcc06795	ofl/notosansnewtailue/OFL.txt	4387	dd6905276cd2fa0d264ba34670b2002338a98e39
Yuyu Short	Handwriting	ofl/yuyushort/YuyuShort-Regular.ttf	51960	f03071fd58e04708a2b962f2612d192b886dd05c	ofl/yuyushort/OFL.txt	4389	7b6bf373e8b8f146db83ae9d9805e09193183399
Yarndings 20 Charted	Display	ofl/yarndings20charted/Yarndings20Charted-Regular.ttf	304008	4e1ba64c884d1e2ac539d08d8d1d6a91a7cab859	ofl/yarndings20charted/OFL.txt	4398	4d07d643fd9bd11f611092bf955c3b419069f3d5
Noto Serif Hentaigana	Serif	ofl/notoserifhentaigana/NotoSerifHentaigana[wght].ttf	454624	2daa77de5dca8c32bd81365189def33d91af6d70	ofl/notoserifhentaigana/OFL.txt	4386	71b19af3c25e48a93cf28f41f1d28b7029ed0c17
Noto Sans Tai Tham	Sans Serif	ofl/notosanstaitham/NotoSansTaiTham[wght].ttf	172864	9eb0b2e06662d07603db51e5f6be65f40a42161b	ofl/notosanstaitham/OFL.txt	4384	50c14c081b69776b62969bded355e07624fd059a
Jacquard 12 Charted	Display	ofl/jacquard12charted/Jacquard12Charted-Regular.ttf	592196	fdaac9b086a100f3affc315a3d46860071d54ea3	ofl/jacquard12charted/OFL.txt	4397	87828cdb5608cd90612d58d936e9beee3c732e9e
Noto Sans Syriac Western	Sans Serif	ofl/notosanssyriacwestern/NotoSansSyriacWestern[wght].ttf	180868	bb6c1a9208ba4175767f95f041fe780a7b4ced86	ofl/notosanssyriacwestern/OFL.txt	4382	52d07dd226ef7baa3743b5f8f10826e29cfbd583
Noto Sans Brahmi	Sans Serif	ofl/notosansbrahmi/NotoSansBrahmi-Regular.ttf	115452	ab5ea089e871510054a421dd4ef21aad7cde5120	ofl/notosansbrahmi/OFL.txt	4382	72a1eb57573bcf65e175e1df4e8ffaed0c72a64f
Noto Sans Imperial Aramaic	Sans Serif	ofl/notosansimperialaramaic/NotoSansImperialAramaic-Regular.ttf	52388	f41cc1b29bfb77890f689086250a2003b58cc653	ofl/notosansimperialaramaic/OFL.txt	4392	9eabd0f92fd77219f3e4e3459cb107ba87c641ab
Noto Sans Inscriptional Pahlavi	Sans Serif	ofl/notosansinscriptionalpahlavi/NotoSansInscriptionalPahlavi-Regular.ttf	52148	4b46f1b0d455d5ef3fcda49e9b24879f6cbbf938	ofl/notosansinscriptionalpahlavi/OFL.txt	4397	272039891c29283536f2ea1de8f41a7b313d2803
Noto Sans Siddham	Sans Serif	ofl/notosanssiddham/NotoSansSiddham-Regular.ttf	231580	1792cfb516e526a26b04b17c2bb4607caf6b32da	ofl/notosanssiddham/OFL.txt	4383	a15aef0fdad260e416b45850a8fcb4575a28fe6d
Bitcount Prop Double	Display	ofl/bitcountpropdouble/BitcountPropDouble[CRSV,ELSH,ELXP,slnt,wght].ttf	278660	4b086a08f87e97abb8c397cb724b55ddf9288809	ofl/bitcountpropdouble/OFL.txt	4401	26bf6d1590b4238efa3b2e7938bce13df8bba164
Micro 5 Charted	Display	ofl/micro5charted/Micro5Charted-Regular.ttf	356060	91c9fbc61e9fedf98d7f358a09e81de9265297f7	ofl/micro5charted/OFL.txt	4394	d756a370885d7068be3cb2564aba47ad2effc2a3
Yuji Hentaigana Akebono	Handwriting	ofl/yujihentaiganaakebono/YujiHentaiganaAkebono-Regular.ttf	99100	400d2238b1833987177fa20ace99ed54eaa876d8	ofl/yujihentaiganaakebono/OFL.txt	4386	cff4fd743037483847e8d10afbc7ebc5e9226553
Noto Sans Palmyrene	Sans Serif	ofl/notosanspalmyrene/NotoSansPalmyrene-Regular.ttf	64084	bd5cd195919568007a1cdd1d6eaf2d7f9278c0cd	ofl/notosanspalmyrene/OFL.txt	4385	1cd463012f044c51e118c3c274563eca1c7243c9
Noto Sans NKo Unjoined	Sans Serif	ofl/notosansnkounjoined/NotoSansNKoUnjoined[wght].ttf	63800	c0d48eee1ff45d42fbb39b7d01e61c26a8306c30	ofl/notosansnkounjoined/OFL.txt	4379	5e778fabe0b470e614c0d2980b146c388d7d2bd2
Noto Sans Chorasmian	Sans Serif	ofl/notosanschorasmian/NotoSansChorasmian-Regular.ttf	68212	7b6c5b83ed555d777d225be86cf0041348d4bc6c	ofl/notosanschorasmian/OFL.txt	4386	e84d388aa0de6a1af7ede1e86f6a39b8750947a3
Matangi	Sans Serif	ofl/matangi/Matangi[wght].ttf	711948	6eaedf2fa2d33ac82f7c5326b8dec9b22b1fb483	ofl/matangi/OFL.txt	4390	d8c16ce45d43f0b3c38c5ef03953f598d292aa22
Yarndings 12	Display	ofl/yarndings12/Yarndings12-Regular.ttf	32756	c73707c202146ece87d5fd5a41b55019ea49feff	ofl/yarndings12/OFL.txt	4398	4d07d643fd9bd11f611092bf955c3b419069f3d5
Noto Sans PhagsPa	Sans Serif	ofl/notosansphagspa/NotoSansPhagsPa-Regular.ttf	97536	6a6f7fe912cd1b5c1ed5fd34257ff792e5e3dcdc	ofl/notosansphagspa/OFL.txt	4384	edbcb5293b1cfcb8387473b10dc853c0ddfefd85
Padyakke Expanded One	Serif	ofl/padyakkeexpandedone/PadyakkeExpandedOne-Regular.ttf	390600	7536bc921ac7e83c56269e6e61d9402017e31205	ofl/padyakkeexpandedone/OFL.txt	4395	31d958ee08686d5ba3f851d4d4d26074a9a00d4a
Betania Patmos	Handwriting	ofl/betaniapatmos/BetaniaPatmos-Regular.ttf	195312	8be27a3202130813b7c96a56bbd095fa99102eee	ofl/betaniapatmos/OFL.txt	4414	70be370dfd948ab4dde4fcacb22c0326d9f0a783
Noto Sans Mayan Numerals	Sans Serif	ofl/notosansmayannumerals/NotoSansMayanNumerals-Regular.ttf	50672	d6d24a090e6109b0ee6b1c59b9af9a1017d18bed	ofl/notosansmayannumerals/OFL.txt	4390	2462ca1e62716eb5529e0f6efe3a21a99f1a777c
Yarndings 12 Charted	Display	ofl/yarndings12charted/Yarndings12Charted-Regular.ttf	147756	1e41ea273dfef7956071f3c5aea8c2be8789fd54	ofl/yarndings12charted/OFL.txt	4398	4d07d643fd9bd11f611092bf955c3b419069f3d5
Noto Sans Ogham	Sans Serif	ofl/notosansogham/NotoSansOgham-Regular.ttf	47540	1067748cef2dbbd6b70d0ab64950942daae1f9c5	ofl/notosansogham/OFL.txt	4381	4fde5f8560ff60a1654567c2e75b57c4944c3731
Noto Sans Sharada	Sans Serif	ofl/notosanssharada/NotoSansSharada-Regular.ttf	122368	6986773d01788f1cfa537cc00827174e2ed8d71d	ofl/notosanssharada/OFL.txt	4383	67deb25af56345df3ea772e42c0d78f560d36660
Noto Sans Hatran	Sans Serif	ofl/notosanshatran/NotoSansHatran-Regular.ttf	50744	204339212d5d7ef810dcba6a922245121ca71e88	ofl/notosanshatran/OFL.txt	4382	bca99c1f5c63e217652b9949cd829f5913228923
Noto Sans Tirhuta	Sans Serif	ofl/notosanstirhuta/NotoSansTirhuta-Regular.ttf	137848	4576b79c4695cc98c3d1b4dc90e169315684479c	ofl/notosanstirhuta/OFL.txt	4383	cd255dd23855e015a09fa30b4a262774cbf67d4d
Noto Sans Chakma	Sans Serif	ofl/notosanschakma/NotoSansChakma-Regular.ttf	126960	0be837acdf8c3bdd70b39841c4d590ece257ca44	ofl/notosanschakma/OFL.txt	4382	76c171f865bf2400ce829d1a38bb390f234a35e3
Noto Sans Caucasian Albanian	Sans Serif	ofl/notosanscaucasianalbanian/NotoSansCaucasianAlbanian-Regular.ttf	85120	44c2ecc160083fbde649277a22a319e5eebf0843	ofl/notosanscaucasianalbanian/OFL.txt	4394	9d5d36b800baa9bce91464ca2d83bc88393d8c2e
Noto Sans Masaram Gondi	Sans Serif	ofl/notosansmasaramgondi/NotoSansMasaramGondi-Regular.ttf	81772	681402d49b39842ee8e97b1a9cc0014d7f2f20cd	ofl/notosansmasaramgondi/OFL.txt	4389	f5ed0f526bc38f329fb24f905a25cfd4f08fbbb8
Noto Sans Ugaritic	Sans Serif	ofl/notosansugaritic/NotoSansUgaritic-Regular.ttf	53244	02b4d46740aa2395a953179d421833309b07daa8	ofl/notosansugaritic/OFL.txt	4384	00a4e4f068c8bf7ff00f7de11cde2432cbc1763e
Noto Sans Khudawadi	Sans Serif	ofl/notosanskhudawadi/NotoSansKhudawadi-Regular.ttf	68840	a7c19217f594948f991c94b5443f5f521c461b23	ofl/notosanskhudawadi/OFL.txt	4385	34b103569208783b8ed15866f45727fa50e43042
Noto Sans Pau Cin Hau	Sans Serif	ofl/notosanspaucinhau/NotoSansPauCinHau-Regular.ttf	56924	04471c35e2e2f67b0c1902b0863ef1c1720f993c	ofl/notosanspaucinhau/OFL.txt	4387	115b63e0078c149429c3bcdbd7f18cadb1eda6f5
Jacquard 24 Charted	Display	ofl/jacquard24charted/Jacquard24Charted-Regular.ttf	2280696	91c05154150955b0b60e43ea7debc0743ba3e0f0	ofl/jacquard24charted/OFL.txt	4397	87828cdb5608cd90612d58d936e9beee3c732e9e
Noto Serif Old Uyghur	Serif	ofl/notoserifolduyghur/NotoSerifOldUyghur-Regular.ttf	76584	8657b9ef6bfc08dde3674df79366ee84be3d9b44	ofl/notoserifolduyghur/OFL.txt	4386	1ef8f0dc7cd9aae0318fe861ec1119dd739c61b9
Noto Sans Psalter Pahlavi	Sans Serif	ofl/notosanspsalterpahlavi/NotoSansPsalterPahlavi-Regular.ttf	76400	7785360bf63f78fd533522241c40ff6cc340a0b3	ofl/notosanspsalterpahlavi/OFL.txt	4391	e248e4708580a0712163b8b3368985da9a167195
Jersey 10 Charted	Display	ofl/jersey10charted/Jersey10Charted-Regular.ttf	1237912	27bfcd4d282868a0f4ea28d8ef8509a89c43831c	ofl/jersey10charted/OFL.txt	4395	f83e6da673a79cebd72b1e61109012225aec93a7
Kanchenjunga	Sans Serif	ofl/kanchenjunga/Kanchenjunga-Regular.ttf	50976	a11eae3df2a42fe01bfdc0b6bfabbedf5e3a1a42	ofl/kanchenjunga/OFL.txt	4526	0b2f25d0ed805e4e34370f799f5933c0979a0f39
Jersey 15 Charted	Display	ofl/jersey15charted/Jersey15Charted-Regular.ttf	796296	9fa06c62c88df5c2fd9a5131805dc74201d5b345	ofl/jersey15charted/OFL.txt	4395	f83e6da673a79cebd72b1e61109012225aec93a7
Noto Sans Kawi	Sans Serif	ofl/notosanskawi/NotoSansKawi[wght].ttf	106668	bc15a34f137b95d795f2714152f741f81104d2d4	ofl/notosanskawi/OFL.txt	4380	03fc456bb3e5e4dd4cab187977b04dd2f511e967
Noto Sans Old Sogdian	Sans Serif	ofl/notosansoldsogdian/NotoSansOldSogdian-Regular.ttf	66124	f09e0638f9954a011ca8198995ffeb4a5ed900a0	ofl/notosansoldsogdian/OFL.txt	4387	295c05687f17107b3dbc60337bbb4eab3623a204
Noto Sans Tamil Supplement	Sans Serif	ofl/notosanstamilsupplement/NotoSansTamilSupplement-Regular.ttf	67716	b4bcbb7dd17c2a228ac5fba0724d36474159d53a	ofl/notosanstamilsupplement/OFL.txt	4381	677d559b94ba7c63d41a7bf6ffa0a3eb11f2de95
Noto Sans Lepcha	Sans Serif	ofl/notosanslepcha/NotoSansLepcha-Regular.ttf	76440	a5276a1c64eb814628c27715f9cb31e827ee5044	ofl/notosanslepcha/OFL.txt	4382	4acf2dca103647e6e8469b810bd11aa206bb6e4c
Noto Sans Saurashtra	Sans Serif	ofl/notosanssaurashtra/NotoSansSaurashtra-Regular.ttf	74668	3b173f5ff7088536534a8bb48fb8c8e41622cd9a	ofl/notosanssaurashtra/OFL.txt	4386	e5ae8e8e6c7e9f023ab2c4def0ec937dab995a77
Noto Sans Soyombo	Sans Serif	ofl/notosanssoyombo/NotoSansSoyombo-Regular.ttf	132532	c728afc2bf78fb3f74ea5c3318027bb483d34ea7	ofl/notosanssoyombo/OFL.txt	4383	8f9a63e74821a7246d3f6242b4e8d0acc7ddd79c
Noto Sans Nushu	Sans Serif	ofl/notosansnushu/NotoSansNushu-Regular.ttf	187204	3d17bee7e92a5987c21fd50de79d358fa1b1602e	ofl/notosansnushu/OFL.txt	4381	b501a00115d7bd4a57ad3a813b7cc5715765e3f6
Noto Sans Hanifi Rohingya	Sans Serif	ofl/notosanshanifirohingya/NotoSansHanifiRohingya[wght].ttf	109148	1effa3aa71bcbd8b72fbe0a33668ecba4065aba5	ofl/notosanshanifirohingya/OFL.txt	4391	054c8066b8f06e913c5bd8313ccc70aed640beb0
Jersey 20 Charted	Display	ofl/jersey20charted/Jersey20Charted-Regular.ttf	1353084	9cf9eff491262550e6da7a9bd8407b4fdb827db5	ofl/jersey20charted/OFL.txt	4395	f83e6da673a79cebd72b1e61109012225aec93a7
Jersey 25 Charted	Display	ofl/jersey25charted/Jersey25Charted-Regular.ttf	1344004	76c258b92a3bd01005409e12d6015f2d69f8d6d9	ofl/jersey25charted/OFL.txt	4395	f83e6da673a79cebd72b1e61109012225aec93a7
Betania Patmos In	Handwriting	ofl/betaniapatmosin/BetaniaPatmosIn-Regular.ttf	195924	19cbbb30e9ecb0ac697e6c36fe083bf494022a97	ofl/betaniapatmosin/OFL.txt	4414	70be370dfd948ab4dde4fcacb22c0326d9f0a783
Noto Sans Rejang	Sans Serif	ofl/notosansrejang/NotoSansRejang-Regular.ttf	51048	e3bb9eab8f219bd375e7a68839fa1e5f0d0be662	ofl/notosansrejang/OFL.txt	4382	1ee7092cd8606e1e490bb74fb158f3aa76510e17
Noto Sans Sogdian	Sans Serif	ofl/notosanssogdian/NotoSansSogdian-Regular.ttf	141656	944204178ff1c3610b5c89bc61654b99cd0145f9	ofl/notosanssogdian/OFL.txt	4383	ff89de1364504db8e7990c56a0f1409e93dd7bf4
Betania Patmos In GDL	Handwriting	ofl/betaniapatmosingdl/BetaniaPatmosInGDL-Regular.ttf	305300	dd9ccec6065416b4a087c8468af9319bc113dbb2	ofl/betaniapatmosingdl/OFL.txt	4414	70be370dfd948ab4dde4fcacb22c0326d9f0a783
Noto Sans Modi	Sans Serif	ofl/notosansmodi/NotoSansModi-Regular.ttf	108332	a37f8d023ce4ad3036047946fb3bfe475ee16600	ofl/notosansmodi/OFL.txt	4380	ed806d133baf5198466dad219d3977d4ae1f75d0
Noto Sans Limbu	Sans Serif	ofl/notosanslimbu/NotoSansLimbu-Regular.ttf	59192	1990890809d9dee9df6b6ffc4fc9854be193e38f	ofl/notosanslimbu/OFL.txt	4381	fc1d3e0bdf2b2f60d9a7a73a75c5ee1a6ec2af93
Noto Sans Mro	Sans Serif	ofl/notosansmro/NotoSansMro-Regular.ttf	54272	bb1d38ce80f9e85a1a3e79978c01ce19cbef99ea	ofl/notosansmro/OFL.txt	4379	c46b341bb7bbc0f8d79bdf17a33e6a0c4604af3f
Noto Sans Bassa Vah	Sans Serif	ofl/notosansbassavah/NotoSansBassaVah[wght].ttf	61308	61555e973f86b36ec3011705c0b7804ce3613068	ofl/notosansbassavah/OFL.txt	4385	19996eec5b3aac31626772d6aa706959d3cd603c
Noto Sans Gunjala Gondi	Sans Serif	ofl/notosansgunjalagondi/NotoSansGunjalaGondi[wght].ttf	172464	37d8de21649b8899e269601292061d7b9a2d4d39	ofl/notosansgunjalagondi/OFL.txt	4389	2f8a147e1986eb42da17f7d6d570b37e30270c57
Betania Patmos GDL	Handwriting	ofl/betaniapatmosgdl/BetaniaPatmosGDL-Regular.ttf	304756	956a5a537dc4a1144f935f7be1f3f83469a0264e	ofl/betaniapatmosgdl/OFL.txt	4414	70be370dfd948ab4dde4fcacb22c0326d9f0a783
Yarndings 20	Display	ofl/yarndings20/Yarndings20-Regular.ttf	52236	89df723c6bbfd0c3a082a9c671f1c164ff610359	ofl/yarndings20/OFL.txt	4398	4d07d643fd9bd11f611092bf955c3b419069f3d5
Jacquarda Bastarda 9 Charted	Display	ofl/jacquardabastarda9charted/JacquardaBastarda9Charted-Regular.ttf	2238348	fc6ff7322c29bf34a56d63d85fe03a49e54224fa	ofl/jacquardabastarda9charted/OFL.txt	4407	30b6eff3045645ea291e9455158f57d986b6a4ba
Noto Sans Manichaean	Sans Serif	ofl/notosansmanichaean/NotoSansManichaean-Regular.ttf	95008	739522edf38f1ffe81ff0c853644034b788e03be	ofl/notosansmanichaean/OFL.txt	4386	1d90c913bba5f9ccd289166309e024bc7d4cf58e
Noto Sans Kayah Li	Sans Serif	ofl/notosanskayahli/NotoSansKayahLi[wght].ttf	52440	9e97a1455b1b11d59496bb7408bb71e607941a69	ofl/notosanskayahli/OFL.txt	4384	60030f0f6d12dfd09154b852d110371154ce5690
Ramsina	Serif	ofl/ramsina/Ramsina-Regular.ttf	83812	baed1ad79a57bf09c8f1e79ac0fa522df6d0a5b3	ofl/ramsina/OFL.txt	4725	484f4daeae768370274a00aeadae7cad90802ea4
